song,classical
Verdi. Giuseppe - Luisa Miller. Opera,0.999974
Cherubini. Luigi - Requiem No.2. For Male Chorus & Orchestra In D Minor,0.998933
Verdi. Giuseppe - Sacred Pieces (4). For Chorus & Orchestra (Quattro Pezzi Sacri),0.998675
Verdi. Giuseppe - La Traviata. Opera,0.998594
Mahler. Gustav - Symphony No. 10 In F Sharp Minor (realization By Deryck Cooke),0.998329
Antonio Vivaldi (Holiday) - Gloria In D Major. Et In Terra Pax,0.998277
The Cambridge Singers & Orchestra (Holiday) - O Little One Sweet,0.998129
The Cambridge Singers & Orchestra (Holiday) - Angels We Have Heard On High,0.998097
Boccherini. Luigi - String Quintet For 2 Violins. Viola & 2 Cellos In G Minor. G. 351 (Op. 42?4),0.997524
Verdi. Giuseppe - Requiem Mass. For Soloists. Chorus & Orchestra (Manzoni Requiem),0.997083
Boccherini. Luigi - Symphony In A Major. G. 508 (Op. 12?6),0.99619
Cherubini. Luigi - Symphony In D Major,0.995693
"Boccherini. Luigi - Symphony In D Minor (""La Casa Del Diavolo""). G. 506 (Op. 12?4)",0.995337
Boccherini. Luigi - Symphony In B Flat Major. G. 497 (Op. 21?5),0.994734
The Cambridge Singers & Orchestra (Holiday) - 'Twas In The Moon Of Winter Time,0.994541
Boccherini. Luigi - String Quartet in A major. G. 213 (Op. 39),0.994298
"Dittersdorf. Karl Ditters von - Sinfonia In D Major. (""Il Combatiimento Delle Passioni Umani""). Grave D16",0.993809
"Dittersdorf. Karl Ditters von - Sinfonia In A Major. (""Sinfonia Nazionale Nel Gusto Di Cinque Nazioni""). Grave A10",0.993683
Cherubini. Luigi - String Quartet No. 6 In A Minor,0.993682
"Mealli. Giovanni - Sonata For Violin & Continuo. Op. 3?6 (""La Sabbatina"")",0.992608
Boccherini. Luigi - Cello Concerto In B Flat Major. G. 482,0.992325
Rachmaninov. Sergey - Symphony No. 1 in D minor. Op. 13 (lost; reconstructed from piano duets and orch. fragments),0.991946
Boccherini. Luigi - Cello Concerto In C Major. G. 477,0.991543
Boccherini. Luigi - Symphony In D Major. G. 496 (Op. 21?4),0.990711
Rosetti. Antonio - Symphony In D Major. A 12?K 1 No 12,0.990453
Morricone. Ennio - Giuseppe Tornatore Suite,0.989775
Cherubini. Luigi - Overtures,0.989292
Boccherini. Luigi - Cello Concerto In A Major. G. 475,0.988613
Beck. Ignaz. Franz - Overture (Sinfonia) In G Minor. Op. 1?1 (Callen 1),0.988587
Dittersdorf. Karl Ditters von - Concerto For Viola & Orchestra In F,0.987603
"Dittersdorf. Karl Ditters von - Symphony After Ovid's ""Metamorphoses"" No. 4 In F Major (""Die Rettung Der Andromeda Durch Perseus"")",0.986861
Deuter - Marfa Lights 2,0.986381
"Berwald. Franz - Symphony No. 2 In D. ""Sinfonie Capricieuse""",0.985798
Fiorillo. Federigo - Concerto For Violin & Orchestra No 1 In F,0.984845
Strauss. Richard - Salome. opera. Op. 54 (TrV 215),0.984308
Boccherini. Luigi - String Quartet In D Major. G. 203 (Op. 32?3),0.983736
Boccherini. Luigi - Symphony In D Major. G. 509 (Op. 35?1),0.982975
Corciolli - Mikhael (Angel Of Divine Protection),0.982738
Boccherini. Luigi - Cello Concerto In C Major. G. 573,0.981568
Baguer. Carlos - Symphony No. 16 In G Major,0.981337
John Jacob Niles (Holiday) - Jesus. Jesus. Rest Your Head,0.979518
Dittersdorf. Karl Ditters von - Divertimento Fur Violine. Viola Und Violoncello D Major,0.977401
Boyce. William - Ode For St. Cecilia's Day,0.977055
The Cambridge Singers & Orchestra (Holiday) - Good Christian Men. Rejoice,0.976295
Baguer. Carlos - Symphony No. 18 In B Flat Major,0.976135
Corciolli - Friends (Sky),0.975691
"Mahler. Gustav - Symphony No. 6 in A minor (""Tragic"")",0.975343
Boccherini. Luigi - Symphony In D Major. G. 520 (Op. 42),0.975019
Boccherini. Luigi - Symphony In E Flat Major. G. 513 (Op. 35?5),0.973792
Boccherini. Luigi - Cello Concerto In D Major. G. 483 (Op. 34),0.972241
Rachmaninov. Sergey - Symphony No. 2 in E minor. Op. 27,0.970097
Boccherini. Luigi - Sonata for cello & continuo in G major. G. 5 (Six Sonatas No. 3),0.969896
Strauss. Richard - Macbeth. Tone Poem For Orchestra. Op. 23 (TrV 163),0.967935
Boccherini. Luigi - Symphony In C Major. G. 495 (Op. 21?3),0.966679
"Dittersdorf. Karl Ditters von - Symphony After Ovid's ""Metamorphoses"" No. 1 In C Major (""Die Vier Weltalter"")",0.964019
Boccherini. Luigi - Quintet For Guitar & Strings In E Minor. G. 451 (arrangement Piano Quintet. G. 407),0.963989
Boccherini. Luigi - Symphony In B Flat Major. G. 493 (Op. 21?1),0.961583
Boccherini. Luigi - Quintet For Guitar & Strings In D Minor. G. 445 (arrangement Of Piano Quintet. G. 416),0.960166
Boccherini. Luigi - String Quartet In E Flat Major. G. 201 (Op. 32?1),0.956359
Boccherini. Luigi - Symphony In A Major. G. 498 (Op. 21?6),0.955408
Strauss. Richard - Eine Alpensinfonie (An Alpine Symphony) For Orchestra. Op. 64 (TrV 233),0.955159
Boccherini. Luigi - Minuet in A major. arrangements (after String Quintet in E major. Op.11?5 [aka Op. 13?5]. G. 275),0.953715
Rosetti. Antonio - Symphony In G Major. A 40?K 1 No 22,0.953518
Boccherini. Luigi - String Quartet In G Minor. G. 205 (Op. 32?5),0.952331
Boccherini. Luigi - Symphony In E Flat Major. G. 510 (Op. 35?2),0.950226
Markus Reuter - A Clue To Reality,0.948839
Couperin. Francois - Ignitum Eloquium Tuum. Motet Verset For 2 Sopranos. 2 Violins & Continuo (4 Versets D'un Motet),0.948058
Rachmaninov. Sergey - Symphonic Dances. for orchestra (or 2 pianos). Op. 45,0.946527
Rosetti. Antonio - Symphony In C Major. A 9?K 1 No 21,0.946373
Pichl. Vaclav - Symphony In C Major. Z21,0.946101
Schumann. Robert - Cello Concerto in A minor. Op. 129,0.943917
The Youth Choir Of Saint-Francois De Versailles (Holiday) - Guillo Take Your Tambourine,0.941523
Verdi. Giuseppe - Nabucco. Opera (Nabucodonosor),0.941226
"Boccherini. Luigi - Quintet For Guitar & Strings In C Major (""La Ritirada Di Madrid""). G. 453 (arrangement Of Piano Quintet. G. 409)",0.936967
Boccherini. Luigi - Cello Concerto In E Flat Major. G. 474,0.935979
Palmgren. Selim - May Night. For Piano,0.935348
Boccherini. Luigi - String Quartet In E Minor. G. 202 (Op. 32?2),0.934971
Mendelssohn. Fanny - String Quartet In E Flat Major,0.933168
Boccherini. Luigi - Quintet For Guitar & Strings In G Major. G. 450 (Arrangement Of Quintet For Flute And Strings. G. 531 & String Quartet. G. 240),0.928642
Robert Shaw Chorale (Holiday) - Carol Of The Bells ? Deck The Halls,0.927549
Deuter - Marfa Lights 1,0.919527
Boccherini. Luigi - Cello Concerto In D Major. G. 476,0.916198
Liquid Mind - In The Stillness,0.907021
Beck. Ignaz. Franz - Overture (Sinfonia) In G Major. Op. 1?5 (Callen 5),0.906772
Boccherini. Luigi - Symphony In D Major. G. 503 (Op. 12?1),0.90032
Boccherini. Luigi - Sonata for cello & continuo in C major. G. 17,0.899182
Chris Bocast - Quantum Entanglement,0.895122
Boccherini. Luigi - String Quartet In D Major. G. 165 (Op. 8?1),0.893819
Rachmaninov. Sergey - The Isle of the Dead. symphonic poem. Op. 29,0.888126
Faure. Gabriel - Piano Trio In D Minor. Op. 120,0.878628
Boyce. William - Trio Sonata No. 9 In C Major,0.878431
Boccherini. Luigi - Symphony In C Major. G. 505 (Op. 12?3),0.876904
Schumann. Robert - Piano Concerto in A minor. Op. 54,0.83451
Rachmaninov. Sergey - Etudes-tableaux. For Piano. Op. 33,0.82485
Sam Bush - Big Mon,0.80395
Mahler. Gustav - Symphony No. 5 in C sharp minor,0.800373
Chopin. Fryderyk - Etudes (12) for piano. Op. 25. CT. 26-37,0.796173
Boyce. William - Trio Sonata No. 6 In B Flat Major,0.796033
Chopin. Fryderyk - Waltzes (3) for piano. Op. 70. CT. 217-219,0.795548
Verdi. Giuseppe - La Forza Del Destino. Opera,0.79253
Baguer. Carlos - Symphony No. 13 In E Flat Major,0.777459
"Boccherini. Luigi - Quintet For Guitar & Strings In D Major (""Fandango""). G. 448 (Arrangement Of String Quintets. G. 270 & 341)",0.776765
Verdi. Giuseppe - Falstaff. Opera,0.765482
Deuter - Earth Shadow,0.76061
Verdi. Giuseppe - Macbeth. Opera,0.755561
Boyce. William - Trio Sonata No. 4 In G Minor,0.753217
Christmas Cookies (Holiday) - White Christmas,0.739305
Rosetti. Antonio - Symphony In F Major. A 33?K 1 No 24,0.733058
Boccherini. Luigi - Symphony In C Minor. G. 519 (Op. 41),0.73075
Boccherini. Luigi - Symphony In D Minor. G. 522 (Op. 45),0.710043
Schumann. Robert - String Quartet No. 2 in F major. Op. 41?2,0.705018
Jon Schmidt - Solace,0.698209
Jim Taylor - Little Rose Is Gone. Billy In The Lowground,0.67009
Chris Bocast - Hearts' Rest,0.644859
Couperin. Francois - In Lectulo Meo,0.644093
Schumann. Robert - Kreisleriana. 8 fantasies for piano. Op. 16,0.636329
Couperin. Francois - L'Espagnole (La Visionnaire). For 2 Violins & Continuo (Les Nations),0.578244
Dittersdorf. Karl Ditters von - Concerto For Harp. 2 Oboes. 2 Horns & Stringorchestra In A Major,0.568337
Rachmaninov. Sergey - Moments Musicaux (6) For Piano. Op. 16,0.539587
Grey Daturas - Hanging Man Is No Peacock,0.536468
Rachmaninov. Sergey - Rhapsody On A Theme Of Paganini (Introduction And 24 Variations). In A Minor For Piano & Orchestra. Op. 43,0.522867
Morricone. Ennio - Sergio Leone Suite,0.520033
Rachmaninov. Sergey - Piano Concerto No. 3 In D Minor. Op. 30,0.514081
Boieldieu. Francois-Adrien - Concerto For Harp & Orchestra In C. Op.77,0.499968
Various Artists? 50 Most Loved Christmas Carols (Holiday) - While Sherherds Watched Their Flocks,0.499309
Chopin. Fryderyk - Impromptu for piano in G flat major. Op. 51. CT. 45,0.485225
"Lucky Thompson - Take The ""A"" Train",0.457442
Various Artists? 50 Most Loved Christmas Carols (Holiday) - Lo. How A Rose E'er Blooming,0.456897
Rachmaninov. Sergey - Piano Concerto No. 1 In F Sharp Minor. Op. 1,0.427464
Robert Johnson - Walkin' Blues,0.420171
Faure. Gabriel - Impromptu for piano No. 3 in A flat major. Op. 34,0.400949
Khachaturian. Aram - Masquerada. Suite From The Incidental Music For Orchestra (or Piano),0.385371
Markus Reuter - The Increase Of Faith,0.376037
Schumann. Robert - Romances (3) for piano. Op. 28,0.375437
Fairfield Four - How I Got Over,0.362946
Steve Roach & Robert Rich - Silk Ridge,0.357363
Strauss. Richard - Der Rosenkavalier. Opera. Op. 59 (TrV 227),0.350289
Rachmaninov. Sergey - Piano Concerto No. 2 In C Minor. Op. 18,0.343299
Funck. David - Suite In D,0.32541
Jean-Luc Ponty - Eulogy To Oscar Romero,0.305458
Chopin. Fryderyk - Nocturnes (2) for piano. Op. 48. CT. 120-121,0.305059
Creative Music Services Musicians (Holiday) - O Christmas Tree,0.30384
Faure. Gabriel - Sonata For Cello & Piano No. 2 In G Minor. Op. 117,0.276606
Deuter - Earthlight,0.275556
Gordon Bok - Herring Croon,0.263261
Rogue Wave - Perfect,0.238005
Robert Johnson - I'm A Steady Rollin' Man,0.228377
Sam Bush - Ozzie & Max,0.219947
Faure. Gabriel - Sonata For Cello & Piano No. 1 In D Minor. Op. 109,0.215257
Yolanda Kondonassis (Holiday) - Bring A Torch. Jeannette. Isabella,0.199705
Christmas Cookies (Holiday) - The Christmas Song,0.199661
Teddy Wilson - Body And Soul,0.193653
Jon Schmidt - Night Song,0.189933
Chopin. Fryderyk - Nocturnes (3) For Piano. Op. 9. Ct. 108-110,0.180227
Brian Eno - An Ending (Ascent),0.179302
Tim O'Brien - Johnny Don't Get Drunk ? Rye Straw,0.178036
Dan Crary - Lime Rock,0.170485
Rachmaninov. Sergey - Piano Concerto No. 4 In G Minor. Op. 40,0.165679
Explosions In The Sky - A Slow Dance,0.164772
Loreena McKennitt (Holiday) - The Stockford Carol,0.160945
Chopin. Fryderyk - Nocturnes (3) for piano. Op. 15. CT. 111-113,0.159146
Jack Jones - Somewhere My Love,0.15869
Jack Jones - Autumn Leaves,0.158527
Gordon Bok - Sailor's Carol,0.157996
Robin Bullock - Rigler's March-Rex's Rambles,0.155169
Rachmaninov. Sergey - Preludes (10) For Piano. Op. 23,0.154686
Bing Crosby - It's Been A Long. Long Time,0.154601
Wreckless Eric - Whole Wide World,0.151595
Kruger Brothers - Up18north,0.14764
Various Artists? 50 Most Loved Christmas Carols (Holiday) - In The Bleak Midwinter,0.141665
Markus Reuter - Read Aloud In Cold Blood,0.133929
Deuter - Black Velvet Flirt,0.132584
Lorie Line - Faith Of Our Fathers,0.130657
Gordon Bok - Jericho,0.129761
Decal - Some Kind Of Random,0.127222
Laurie Z. - The Mysterious Painter,0.119351
Kokomo Arnold - Milk Cow Blues,0.116288
Deepak Chopra & Adam Plack - Serenity,0.115063
Stars Of The Lid - Even If You're Never Awake,0.1114
Hilary Stagg - Spirit Dancers,0.110848
Stars Of The Lid - Broken Harbors? Part 1,0.108862
Chopin. Fryderyk - Piano Sonata No. 3 in B minor. Op. 58. CT. 203,0.105101
Dan Crary - Lady's Fantasy,0.104071
Liquid Mind - My Orchid Spirit,0.103485
Laurence Juber (Holiday) - Away In A Manger,0.091661
Liquid Mind - Gently Down,0.088647
Dan Gibson - Adventureous Spirit,0.088194
Cal Tjader - Sambo Do Suenho,0.087226
Westbam - Elektronische Tanzmusik,0.085541
Deuter - Empty Shore,0.081009
David Grisman & Tony Rice - O Solo Mio,0.08006
Rachmaninov. Sergey - Preludes (13) For Piano. Op. 32,0.07268
Dan Crary - Tom & Jerry,0.070899
David Grisman & Tony Rice - Morning Sun,0.064847
Mars Lasar - Untouchable,0.061585
Corciolli - Rain,0.061036
Gladys Knight & The Pips - Best Thing That Ever Happened To Me,0.05412
R.L. Burnside - When My First Wife Left Me,0.053299
Brian Eno - Stars,0.05056
Paul Horn - Now Hear This,0.0501
Corciolli - Work (Water),0.049634
Junior Mance Trio - Smokey Blues (Live),0.049609
Corciolli - Children (Lake),0.049421
Robert Johnson - I Believe I'll Dust My Broom,0.048578
Steve Roach & Robert Rich - Going Inland,0.047417
Butch Thompson (Holiday) - Ave Maria,0.04673
Teddy Wilson - In The Mood,0.045857
Buddy Bregman - Derek's Blues,0.043241
Laurence Juber (Holiday) - Good King Wenceslaus,0.043181
Alison Krauss - Foolish Heart,0.042262
Dave Holland - Blue,0.041344
The Beatles - A Day In The Life,0.04106
Jon Schmidt - Passages,0.040558
James Cotton - Mighty Long Time,0.040446
Garfield Akers - Cottonfield Blues Part 1,0.039948
David Grisman & Tony Rice - Song For Two Pamelas,0.039776
John Prine - Everything Is Cool,0.039765
Tetsu Inoue - Mini Moon,0.039596
Teddy Wilson - Mean To Me,0.039409
Howard Roberts - Watermelon Man,0.038279
Antonio Pinana - Cuando Llora La Guitarra,0.037969
Tommy Johnson - Big Fat Mama Blues,0.037958
Dan Crary - Amsterdance,0.037675
Lorie Line - Norwegian Wood,0.037342
Stars Of The Lid - A Lovesong (For Cubs)+? Part 3,0.036284
John R. Burr - For The Asking,0.036067
Rogue Wave - Endgame,0.034559
Will Ackerman (Holiday) - Emmanuel,0.033425
Deuter - Yellow Mandala,0.032881
Tristeza - Abrazo Distante,0.03286
Harry Connick. Jr. - It Had To Be You,0.031268
David Grisman & Tony Rice - The Prisoner's Waltz,0.031248
Sam Bush - Sailin' Shoes,0.031182
Bessie Smith (Holiday) - At The Christmas Ball,0.030429
Jennifer Haines (Holiday) - Cantique De Noel (O Holy Night),0.030422
Dan Crary - On The Fritz,0.030417
Jimmy Forrest - By The River Sainte Marie,0.029809
Jake Schepps - In The American West? Rocky Ford,0.029079
Tommy Flanagan - While You Are Gone,0.025271
Laurence Juber (Holiday) - Prelude & Silent Night,0.024704
Wire - Reuters,0.024692
Peggy Lee & Art Lund (Holiday) - Winter Weather,0.024021
Ralph Stanley & The Clinch Mountain Boys - Man Of Constant Sorrow,0.023889
Toshiko Akiyoshi - 52nd St. Theme,0.022435
Jim Henry+Brooks Williams - On The Rollin' Sea,0.021923
Mike Dowling - Ragged And Dirty,0.021873
Mike Dowling - Mean Old Frisco,0.021836
SubtractiveLAD - My Quadrant,0.021811
Ben Webster - Someone To Watch Over Me,0.021711
Teddy Wilson - Easy To Love,0.019784
Harry Connick. Jr. - I Could Write A Book,0.019268
The Beatles - Two Of Us,0.019267
The Cotton Pickers - Hot Lips,0.018418
Yellowman - Hold On To Your Woman,0.017394
Tony Bennett - She's Funny That Way,0.016969
Doc Watson - Little Orphan Girl (Live),0.016575
Sonny Rollins - Manhattan,0.01637
Butch Thompson (Holiday) - Silent Night,0.016134
Tommy Johnson - Lonesome Home Blues (Take 2),0.016005
Jack Jones - Luck Be A Lady,0.01552
Ronan Hardiman - Celtic Dream,0.015489
Kit McClure Band - One O'clock Jump,0.015036
Lorie Line - Think Of Me,0.014871
The Gene Harris Quartet - The Song Is Ended,0.014738
Robert Johnson - Traveling Riverside Blues,0.0145
Wes Montgomery - Road Song,0.014295
David Grisman & Tony Rice - Swing '42,0.014209
Bryan Sutton - Grover Glen,0.014143
Clint Mansell & Kronos Quartet - Lux Aeterna,0.0141
Pete Fountain - The Darktown Strutters' Ball,0.013977
"Eddie ""Lockjaw"" Davis - Trane Whistle",0.013683
Mose Andrews - Ten Pound Hammer,0.013666
Brian Eno - Neroli,0.013379
Donald Byrd & Doug Watkins - If I Love Again,0.013334
Milt Jackson - Bags Of Blue (Live),0.013142
Will Ackerman - If You Look,0.012821
Stars Of The Lid - A Meaningful Moment Through A Meaning(Less) Process,0.012626
Hilary Stagg - Land Of Oz,0.012398
Stars Of The Lid - Gasfarming,0.012071
Doc Watson - Billy In The Low Ground (Live),0.011719
Milt Jackson - Little Girl Blue (Live),0.011578
Doc Watson - Spike Driver Blues,0.011559
Butch Thompson (Holiday) - We Three Kings,0.010679
Preston Reed - Tractor Pull,0.010613
Marty Robbins (Holiday) - The Joy Of Christmas,0.010531
Robert Henke - Signal To Noise II,0.010417
Liquid Mind - Breathe In Me,0.010144
Dan Crary - Reedie's Blues,0.009879
The Seldom Scene - Maybe You Will Change Your Mind,0.009855
Sonny Rollins - There Are Such Things,0.009584
Boys From Indiana - Atlanta Is Burning,0.009459
Josh White - Jesus Gonna Make Up My Dying Bed,0.009375
Deuter - Sea And Silence,0.00936
Mice Parade - Circle None,0.009339
Eric Harringer & John Paul Lacey - Morning Sun,0.00919
Butch Thompson (Holiday) - God Rest Ye Merry Gentlemen,0.009119
Jim Henry+Brooks Williams - Malted Milk,0.009017
Branford Marsalis - Swingin' At The Haven,0.008998
Alison Krauss - Everytime You Say Goodbye,0.008965
Hugo Montenegro & His Orchestra - Theme From A Fistful Of Dollars,0.00895
Antonio Aguilar - Mi Ranchito,0.008786
Maria Bethania & Gal Gosta - Sonho Meu,0.008672
David Grisman & Tony Rice - I Am A Pilgrim,0.008603
The Beatles - Michelle,0.008537
Question Mark and the Mysterians - 96 Tears,0.007967
Jerry Douglas?Russ Barenberg?Edgar Meyer - Big Bug Shuffle,0.007913
The Association - Windy,0.007875
Dan Crary - The Fermoy Lass. The Man Of The House,0.007595
Charlie Lincoln - Depot Blues,0.007557
Furry Lewis - Furry's Rag (Take Your Time. Baby),0.007477
Jim Henry+Brooks Williams - Angie,0.007448
The Dirty Projectors - On The Beach,0.007394
Dan Crary - Senso Unico,0.007186
Tony Bennett - I Wanna Be Around,0.00715
Generation J - Jesus Loves Me Medley,0.006895
Men Of Steel - O'Carolan's Quarrel With The Landlady (Live),0.006835
Dean Martin - Mr. Wonderful (Live),0.006748
Eddie Fisher (Holiday) - My Favorite Things,0.006649
Don Ross - Blue Bear,0.006592
The Beatles - Within You Without You,0.0065
David Grisman & Tony Rice - Grandfather's Clock,0.006457
Milt Jackson - Sweet And Lovely,0.006106
David Grisman & Tony Rice - Banks Of The Ohio,0.006069
The David Grisman Quintet - Cedar Hill (live),0.006034
John Danley - Dust For Sparrows,0.006024
John Tesh - Key Of Love (live),0.006022
The Dukes Of Dixieland - Sunrise. Sunset,0.005872
Tommy Emmanuel - Endless Road,0.005745
Eric Clapton & Duane Allman - Mean Old World,0.005743
Ella Fitzgerald - Bidin' My Time,0.005636
Eric Harringer & John Paul Lacey - Romance,0.005561
Los Checkmates - I Think We're Alone Now,0.005561
Milt Jackson - Enigma,0.005535
Critters Buggin - 5?4 F.T.D.,0.005531
Raina Rose - Evergreen House. 2nd Floor,0.005341
James P. Johnson - I've Got A Feeling I'm Falling,0.005235
The Sons Of The West - Panhandle Shuffle,0.00523
RJD2 - Inhale (Remix),0.004903
Jake Schepps - Origami,0.004892
Ani DiFranco - As Is (Live 11.16.03),0.00489
Kim Wilson - High & Lonesome (live),0.004863
Verdi. Giuseppe - Il Trovatore. Opera,0.004721
Paul Bley - Time On My Hands,0.004627
Jimmy Dorsey - Begin The Beguine,0.004599
Nitty Gritty Dirt Band - I Saw The Light,0.004286
Liquid Mind - My Silent Knowing,0.004284
Laurence Juber (Holiday) - God Rest Ye Merry Gentlemen,0.004258
James P. Johnson - Keepin' Out Of Mischief Now,0.004234
Doyle Dykes - Caleb's Report,0.004156
John Danley - Hickory,0.004111
Tim Sparks - Trap Hill Breakdown,0.004014
Cal Tjader - Mambo In Miami,0.004013
John McEuen - Ryan William's Arrival In America,0.003972
Josh White - New Milk Cow Blues,0.003931
Pete Robbins - Screwgun,0.003889
Mahalia Jackson - Trouble Of The World,0.003881
Milt Jackson - Namesake,0.003839
Augustus Pablo - East Africa,0.00382
Albert King - Jam In A-Flat,0.003602
The Dirty Projectors - Since I Opened,0.003596
Eric Harringer & John Paul Lacey - Whispering Winds,0.003574
Ella Fitzgerald - My Man,0.00354
Bunny Berigan - The Buzzard,0.003533
Prince - Little Red Corvette,0.003524
Jake Schepps - Bluff's Collar,0.003514
Mildred Bailey (Holiday) - I've Got My Love To Keep Me Warm (feat. Red Norvo),0.00345
Cedar Walton Trio - I Mean You,0.003398
Robin Guthrie & Harold Budd - Childhood Lost,0.00335
Lefty Frizzell - Saginaw. Michigan,0.003237
Ralph Stanley & The Clinch Mountain Boys - Calling My Children Home,0.003216
Toots & The Maytals - 54-56 Was My Number,0.003196
Tex Atchison - Tennessee Hound Dog,0.003166
Lyle Lovett - North Dakota,0.003153
Preston Reed - Love In The Old Country,0.003141
Jerry Bergonzi - Outhouse,0.003119
Sonny Rollins - A Nightingale Sang In Berkeley Square (Live),0.003087
Ohio Players - Fire,0.003071
Pee Wee Hunt & His Orchestra - Charleston,0.003016
Brian Eno - Zawinul ? Lava,0.002995
Prince - Kiss,0.002942
The Allman Brothers Band - Mountain Jam (Live),0.00291
Don Ross - First Ride,0.002879
David Darling - Lady Child's Dream,0.002791
Josh White - Trouble,0.002776
Neil Young - Cripple Creek Ferry,0.002754
Chuck Berry (Holiday) - Run Rudolph Run,0.002743
Mickey Hart & Zakir Hussain - Funky Zena,0.002718
Doc Watson - Little Sadie,0.002705
Liquid Mind - Thought Museum,0.002595
John Scofield - Rule Of Thumb,0.002539
Lorie Line - I Surrender All,0.002489
Uncle Earl - Booth Shot Lincoln,0.002489
Antonio Carlos Jobim - Por Toda Minha Vida,0.002385
Vince Gill - When I Call Your Name,0.00233
Steve Lacy - Alone Together,0.00233
Charles Wright & The Watts 103rd Street Rhythm Band - Express Yourself,0.002321
Todd Collins (Holiday) - Angels We Have Heard On High,0.002272
Teddy Wilson - I've Got A Crush On You,0.002264
Tommy Johnson - Maggie Campbell,0.002199
Leftover Salmon - Midnight Blues (feat. Del & Ronnie McCoury),0.002187
The Allman Brothers Band - Little Martha,0.002187
John Hammond - Little Rain Falling,0.002184
Teddy Wilson - Flyin' Home,0.002173
Keith Oxman - Serenity,0.002149
Lyle Lovett - Simple Song,0.002085
Kai Winding - Doodlin',0.002084
Andrae Crouch - Soon And Very Soon,0.002082
The Ray Conniff Singers (Holiday) - Santa Claus Is Coming To town,0.002072
Janet Beazley - White (Long Time Travelin'),0.002062
Moby Grape - Lazy Me,0.00202
Doc Watson - Eastbound Train (Live),0.001981
Dean Martin - Return To Me,0.001974
Alison Krauss - Don't Follow Me,0.001943
The Association - Never My Love,0.001919
Anita Ward - Ring My Bell,0.001863
Eric Harringer & John Paul Lacey - Ageless,0.001807
Doc Watson - Liitle Orphan Girl (Live),0.0018
Tommy Jarrell - The Drunken Hiccups,0.001788
Kenny G - G-Bop,0.00178
Ella Fitzgerald - A Fine Romance,0.001776
Don Ross - Give Me Seven Reasons,0.001769
Liquid Mind - Balance,0.001689
Cannonball Adderley - You' re A Weaver Of Dreams,0.001658
Dean Martin - Memories Are Made Of This,0.001645
Stevie Wonder - Overjoyed,0.001627
The Gene Harris Quartet - Sweet And Lovely,0.001615
The Beatles - Something,0.001607
Katalyst - Dangerous,0.001605
Scorpions - Still Loving You,0.001582
Ralph Stanley & The Clinch Mountain Boys - Stone Walls And Steel Bars,0.001546
Jackie Wilson - Lonely Teardrops,0.001518
Ella Fitzgerald - For You. For Me. For Evermore,0.001487
Will Bradley & His Orchestra - When You And I Were Young. Maggie,0.001476
Bob Baldwin - I Wanna Be Where You Are,0.00145
Leroy Carr - Sloppy Drunk Blues,0.001446
Tommy Emmanuel - Windy & Warm,0.001439
Angelo Debarre Et Ludovic Beier - Passion (En Duo),0.001438
James Cotton - Blues For Jacklyn,0.001369
Crosby. Stills. Nash & Young - Woodstock,0.001342
Bill Connors - It Be FM,0.001338
Cal Tjader - Stardust,0.001336
Kidz In The Hall - Don't Stop,0.001326
Earl Scruggs - Flint Hill Special,0.001303
Toots & The Maytals - Time Tough,0.0013
Nitty Gritty Dirt Band - Togary Mountain,0.001284
Georges Street - The Tartar Frigate,0.001252
Sonny Rollins - Pent Up House,0.001227
Tom Rush - Mole's Moan,0.001195
Diego El Cigala - Amar Y Vivir,0.001193
Sam Bush - Mr. Freddie,0.001192
Loudon Wainwright III - The Swimming Song,0.001178
Lester Young - Six Cats And A Prince (Master Take),0.001154
Mojo Nixon and the Toadliquors (Holiday) - Boogie Woogie Santa Claus,0.00115
Josh White - Uncle Sam Says,0.001143
Frank Sinatra & Bing Crosby (Holiday) - The Christmas Song ? White Christmas,0.00114
Prince - Controversy,0.00112
Tommy Emmanuel - One Mint Julep,0.00111
Bill Evans & Jim Hall - I Hear A Rhapsody,0.001096
Sonny Rollins - Paradox,0.001089
Dan Crary - Hot Pursuit,0.001069
Dean Martin - You're Nobody Till Somebody Loves You,0.001063
Don Ross - Berkley Springs,0.001048
Lee Morgan - Hocus Pocus,0.001032
Doc & Merle Watson - Gambler's Yodel,0.001
Skafish (Holiday) - O Come. O Come Emmanuel,0.000995
Chick Corea Elektric Band - Passage,0.000993
Doc Watson - Banks Of The Ohio (Live),0.000992
Botch - Liquored Up And Laid,0.000991
Eric Harringer & John Paul Lacey - Morning Dew,0.000966
Al Di Meola - Black Pearls,0.000958
Lowell Fulson - Western Union Blues,0.000956
Styx - Renegade,0.000953
Poppa Hop & His Orchestra (Holiday) - Merry Christmas Darling,0.000947
Willie Banks - God's Goodness,0.000939
Filter - Hey Man Nice Shot,0.000937
Cat Stevens - Don't Be Shy,0.000932
Indigo Girls - Blood And Fire,0.000931
Fosforito - Nunca Te He Mendtido (Bulerias De Cadiz),0.000924
Pete Fountain - High Society,0.000915
Kenny G - The Way You Look Tonight,0.000909
Sonny Rollins - On Green Dolphin Street,0.000907
Lucky Thompson - Jeep's Blues,0.000901
Bill Monroe - Molly & Tenbrooks,0.000881
George Michael - Faith,0.00088
Tommy Flanagan - Rough Ridin',0.000875
Ella Fitzgerald - Love Walked In,0.000872
The Rolling Stones - Complicated,0.000867
Harry James & Benny Goodman - Life Goes To A Party,0.000859
James Brown - Funky President,0.000858
James Cotton - Soul Survivor,0.000846
Lester Young - Jump. Lester. Jump,0.000844
Wes Montgomery - Watch What Happens,0.000842
Cat Stevens - The Wind,0.00084
Liz Story (Holiday) - O Thou Joyful Day - O Little Town of Bethlehem,0.00083
Willie Nix - Prison Bound Blues,0.000803
Lefty Frizzell - I Love You A Thousand Ways,0.000789
Gleisberg - Indian Garden,0.00078
Don Ross - Klimbim,0.000775
Asleep At The Wheel - Cotton-Eyed Joe,0.000769
The Jackson Southernaires - I Need You To Hold My Hand,0.000761
The Beatles - Maxwell's Silver Hammer,0.00074
John Danley - Lorianne,0.000736
Sonny Rollins - Striver's Row (Live),0.000735
Various Artists? Songs Of December - Hailee's Moment,0.000727
Todd Collins (Holiday) - Hailee's Moment,0.000727
Blind Blake - Depression's Gone From Me Blues,0.000725
The Smokin' Joe Kubek Band - Mean Old World,0.000725
Otis Spann - Mule Kicking In My Stall,0.000715
Adele - Hometown Glory,0.000714
Earl Scruggs - Stash It,0.000699
The Beatles - If I Needed Someone,0.000695
Little Walter - Bad Acting Woman,0.00069
The Manhattans - Kiss And Say Goodbye,0.000686
Waylon Jennings - Are You Sure Hank Done It This Way,0.000685
The Five Blind Boys Of Alabama - Let Me Hear My Mother Pray Again,0.000685
Ella Fitzgerald - Crying Mood,0.000682
Al Stewart - Year Of The Cat,0.00067
Bunny Berigan - Plantation Moods,0.00067
Bing Crosby - I Don't Know Why (live),0.000664
Kenny Rogers (Holiday) - White Christmas,0.000662
The Del McCoury Band - A Far Cry,0.00066
Digital Underground - Same Song,0.000658
Bunny Berigan - Sobbin' Blues,0.000656
Junior Brown - Lookin' For Love,0.000656
Dave Swarbrick - Two Magicians,0.000649
Tex Ritter - I've Found A New Baby (Instrumental),0.000642
Josh White - Bonbons. Chocolate. And Chewing Gum,0.000639
Kenny Clarke's Sextet - Oblique,0.000639
The Nomads - Situations,0.000638
Gene Ammons - My Romance,0.000636
Fats Waller (Holiday) - Winter Weather,0.000636
Hilary Stagg - Island Sweets,0.000631
Ralph Stanley & The Clinch Mountain Boys - Pretty Polly,0.000627
Gladys Knight & The Pips - I Heard It Through The Grapevine,0.000623
Imogen Heap - The Walk,0.000619
Alexander O'Neal (Holiday) - The Christmas Song (Chestnuts Roasting On An Open Fire),0.000616
Paul Siebel - My Town,0.000612
John Scofield - Beep Beep,0.000609
Justin Hinds & The Dominoes - Over The River,0.000605
Robert Johnson - Last Fair Deal Gone Down,0.000604
Lee Sykes - Lock Jaw,0.000603
Eddie Boyd - Best I Could,0.000594
The Del McCoury Band - On The Lonesome Wind,0.000586
Liquid Mind - Lullaby For Grownups,0.000584
Anne Murray - Danny's Song,0.00058
Deuter - Buddha Nature,0.000577
The Beatles - Run For Your Life,0.000575
Sonny Rollins - 'Round Midnight,0.00057
Jim Henry+Brooks Williams - Gender Bender,0.00057
Sam Bush - Girl Of The North Country (live),0.000567
Kate Havnevik - Sleepless,0.000566
Sam Bush - Spooky Lane,0.000566
L.T.D. - Jam,0.000557
Traffic - Pearly Queen,0.000549
Marvin Gaye - I Want You,0.000546
Finbar & Eddie Furey - Curragh Of Kildare,0.000542
Marvin Sapp - Give Thanks,0.000541
Arrested Development - Mr. Wendal,0.000533
Our Brother The Native - We Are The Living,0.00053
Slim Harpo - Tip On In. Part 1,0.000529
Pete Fountain - While We Danced At The Mardi Gras,0.000528
Booker Ervin - Lynn's Tune,0.000525
Loquat - Serial Mess,0.000525
Eric Harringer & John Paul Lacey - Nature's Lullaby,0.000525
Furry Lewis - Mistreatin' Mama,0.000523
Wes Montgomery - If I Should Lose You (Take 2-Alternate),0.000519
The Time - Jungle Love,0.000506
Enanitos Verdes - Lamento Boliviano,0.0005
Doc & Merle Watson - Big Spike Hammer,0.000492
Guns N' Roses - Live And Let Die,0.000491
Antonio Carlos Jobim - Tide,0.000489
The Four Aces - Mister Sandman,0.000488
Jeff Lorber - Chopsticks,0.000486
Loquat - Change The Station,0.000474
Chick Corea Elektric Band - Lifescape,0.000472
Pepe Bradock - Un Pepe Dans La Dentelle,0.00047
Lefty Frizzell - Always Late With Your Kisses,0.000466
Sonny Rollins - On A Slow Boat To China,0.000461
Ned Luberecki - Emergency Pulloff,0.000454
Deuter - Coral Gardens,0.00045
Neil Young - Ohio,0.000447
Liquid Mind - Zero Degrees Zero,0.000446
Marvin Gaye - Got To Give It Up. Part 1 ( Live),0.000441
Dan The Automator - Bang The Ball (Instrumental),0.00044
Stevie Wonder - Superstition,0.000439
Clarence Fountain - I Want To Go,0.000434
The Del McCoury Band - Fire And The Flame,0.000432
Juno Reactor - Silver,0.00043
Loscil - Kursk,0.000427
Fugazi - Reprovisional,0.000424
Flip Phillips - Dream A Little Dream Of Me,0.00042
The Young Tradition - Lyke Wake Dirge,0.000418
The Pogues - The Band Played Waltzing Matilda,0.000418
Teddy Wilson - King Porter Stomp,0.000414
Liquid Mind - Moment Of Grace,0.000411
Lester Young - Foggy Day (Live At Birdland),0.000408
Little Walter - Blue Baby Hard Times,0.000405
Tommy Johnson - Cool Drink Of Water Blues,0.000403
Antonio Carlos Jobim - Vivo Sonhando,0.000393
Band Of Horses - The Funeral,0.000386
BBC Big Band Orchestra - On The Sunny Side Of The Street,0.00038
Furry Lewis - Goin' To Kansas City,0.000379
Furry Lewis - Why Don't You Come Home Blues,0.000376
Sam Bush - Song For Roy,0.000376
Cab Calloway - Limehouse Blues,0.000375
Wes Montgomery - Full House (Live),0.000372
Dan Crary (Holiday) - What Child Is This (USA),0.000371
James Brown - Cold Sweat (Part 1),0.000367
Dan The Automator - Champions (Instrumental),0.000366
Smokie Norful - I Understand,0.000365
Pepe Aguilar - Perdoname,0.000365
Little Feat - Oh Atlanta,0.000362
The Dirty Projectors - Time Birthed Spilled Blood,0.000361
Doctor Ross - Tailor Made,0.00035
Waylon Jennings - San Francisco Mabel Joy,0.000349
The National - Start A War,0.000348
The Rivieras - Count Every Star,0.000347
Ascend - The Obelisk Of Kolob,0.000347
Kate Rusby - A Rose In April,0.000346
Marvin Gaye - Got To Give It Up,0.00034
Doc Watson - Down In The Valley To Pray,0.00034
Lou Blackburn - Secret Love,0.000339
The Beatles - A Day In The Life (Love Version),0.000337
Bonerama - Crosstown Traffic,0.000334
James P. Johnson - What Is This Thing Called Love,0.000334
Liquid Mind - Continuity,0.000334
Guns N' Roses - Chinese Democracy,0.000333
Pee Wee Hunt & His Orchestra - Twelfth Street Rag,0.000331
Goodie Mob - The Day After,0.00033
The George Lewis Band - Pork Chop,0.000329
Haden. Charlie. And Quartet West - Moonlight Serenade,0.000327
Scott Solter - Desert Trains,0.000326
The Beatles - Baby You're A Rich Man,0.000326
Rose Cousins - One Love,0.000324
James Brown - Super Bad. PTS.1&2,0.000322
Take 6 - Sing A Song,0.000316
Irish Rovers (Holiday) - God Rest Ye Merry Gentlemen,0.000316
The Pharcyde - On The DL,0.000311
Dan Gibson - Cool Forest Rain,0.000309
Clifford Brown - Love Is A Many Splendored Thing,0.000302
Van Morrison - Gloria (Performed By Them),0.000298
Soda Stereo - Cuando Pase El Temblor,0.000297
Skafish (Holiday) - Joy To The World,0.000296
Passion - Here I Am To Worship,0.000293
Raveonettes (Holiday) - The Christmas Song,0.000292
Kai Winding - Impulse,0.000291
Blackmore's Night (Holiday) - Ding Dong Merrily On High,0.000288
Johannes Linstead - La Rumbita,0.000287
Harold Melvin & The Blue Notes - Don't Leave Me This Way,0.000287
Bing Crosby - You Must Have Been A Beautiful Baby,0.000286
Gotan Project - Vuelvo Al Sur,0.000286
Junior Brown - My Wife Thinks Your Dead,0.000284
Hezekiah Jones - Postpone,0.000278
Bryan Sutton - Stoney Creek,0.000277
John Scofield - A Go Go,0.000272
Ralph Stanley & The Clinch Mountain Boys - Gonna Paint The Town,0.000268
Asleep At The Wheel - Stay All Night,0.000267
Guns N' Roses - Patience,0.000267
Clifford Brown - Brownie Speaks,0.000266
Prince - Let's Work,0.000266
Daevid Allen - Untitled,0.000265
Brodsky Quartet - I've Seen It All,0.000265
Doc Watson - Jimmy's Texas Blues (Live),0.000264
The Beatles - All You Need Is Love,0.000262
Katalyst - Time Bomb,0.000261
Brian Culbertson - Say What? (feat. Steve Cole),0.000261
Christina Aguilera (Holiday) - The Christmas Song,0.000261
Dan Crary - Cape Foulweather,0.000249
Otis Spann - I'm Ready,0.000247
David Wilcox - Rusty Old American Dream,0.000245
Bob Brookmeyer - Skylark,0.000244
Mickey Hart & Zakir Hussain - Tars,0.000244
Irish Rovers (Holiday) - We Wish You A Merry Christmas,0.000243
Hank Williams Jr. - Whiskey Bent And Hell Bound,0.000243
Al Di Meola - Milonga Del Angel,0.000235
Leroy Carr - My Woman's Gone Wrong,0.000231
The Paul Butterfield Blues Band - Love Her With A Feeling,0.000229
Pete Fountain - Just A Closer Walk With Thee,0.000228
Toots Thielemans & Elis Regina - Aquarela Do Brasil,0.000226
Marvin Gaye - Mercy Mercy Me,0.000226
XTC - Chalkhills And Children,0.000224
Zion - Zun Da Da,0.000223
John Danley - Atlas Bone,0.000221
Michael Martin Murphey - Tumbling Tumbleweeds,0.00022
Mar-Keys - Pop-Eye Rider,0.000219
Old Crow Medicine Show - Take 'Em Away,0.000218
The Allman Brothers Band - Long Time Gone,0.000217
Bruce Molsky - Buckdancer's Choice,0.000216
Doc Watson - Walk On Boy,0.000215
Ella Fitzgerald - Darn That Dream,0.000214
Deuter - Waves Of Light,0.000211
Marvin Gaye - You're A Wonderful One,0.000211
Michael Martin Murphey - Talkin' To The Wrong Man,0.000209
L.T.D. - Back In Love Again,0.000206
Loquat - Slow Fast Wait & See,0.000205
Port O'Brien - I Won't Look Back,0.000204
Sam Bush - The Dolphin Dance,0.000204
Ella Fitzgerald - Aren't You Kind Of Glad We Did,0.000203
Hillsong - God He Reigns ? All I Need Is You (Live),0.000201
Toots & The Maytals - Funky Kingston,0.000198
Sarah McLachlan - Train Wreck,0.000197
Earl Scruggs - Get In Line Brother,0.000197
Ella Fitzgerald - Guilty,0.000194
Tex Beneke - I Know,0.000191
Kenny Loggins - Danger Zone,0.000189
Van Morrison - Days Like This,0.000189
Sharon Jones & The Dap-Kings - 100 Days. 100 Nights,0.000186
The Del McCoury Band - I'm Afraid I Forgot The Feeling,0.000186
Frank Cornelius - Brick House,0.000184
Sade - Paradise,0.000184
Furry Lewis - Big Chief Blues,0.000183
BBC Big Band Orchestra - I'm Getting Sentimental Over You,0.000182
Indigo Girls - Left Me A Fool,0.000182
Don Carlos & Golo - Tear Drops,0.000181
Prince - I Wanna Be Your Lover,0.00018
James Brown - Soul Power,0.000178
Jean-Luc Ponty - Still In Love,0.000177
Ben Webster - Tenderly,0.000177
Furry Lewis - This Time Tomorrow,0.000175
Dan Gibson - The Fallen Leaves,0.000173
Kitty Kallen - Little Things Mean A Lot,0.000172
Ella Fitzgerald - It's Only A Paper Moon,0.000166
Fugazi - Target,0.000166
Sharon Jones & The Dap-Kings - Nobody's Baby,0.000163
Jimmy Ruffin - What Becomes Of The Brokenhearted,0.000162
Al Stewart - Broadway Hotel,0.000162
Debbie Reynolds - Love Is A Simple Thing,0.000162
The Paul Butterfield Blues Band - Help Me,0.000161
Sugarloaf - Green-Eyed Lady,0.00016
Van Morrison - Midnight Special,0.000159
Ryan Montbleau Band - Stretch,0.000155
Roomful Of Blues (Holiday) - Have Yourself A Merry Little Christmas,0.000152
The Monkees - Daydream Believer,0.00015
Joseph Arthur - Favorite Girl,0.00015
Sonny Rollins - Ev'ry Time We Say Goodbye,0.000149
Antonio Carlos Jobim - Amor Em Paz (Once I Loved),0.000148
Anthony Wonsey Trio - Just You. Just Me,0.000148
Marvin Gaye - What's Going On,0.000147
Skafish (Holiday) - Jingle Bells,0.000144
Chick Corea Elektric Band - Beneath The Mask,0.000143
Sonny Rollins - St. Thomas,0.000143
4 Haven Knights - In My Lonely Room,0.000143
Lefty Frizzell - My Rough And Rowdy Ways,0.000142
Michael Martin Murphey (Holiday) - Corn. Water And Wood,0.000141
Jim Jackson - Bye. Bye. Policeman,0.000141
Jars Of Clay (Holiday) - I Heard The Bells On Christmas Day,0.00014
Peter Mulvey - Bloomington,0.00014
El Lebrijano - Presidiarios Con Sus Caenas,0.00014
Hazel Dickens & Alice Gerrard - I Just Got Wise,0.000138
Maynard Ferguson - The Wailing Boat (Live),0.000134
Guitar Shorty - Loosen Up,0.000133
Michael Martin Murphey (Holiday) - Sleigh Ride ? Jingle Bells,0.000131
Larry Carlton - Layla,0.000131
Jimmy Buffett - Come Monday,0.000131
John Danley - Whispering Blue,0.00013
Patra - Romantic Call,0.00013
The Brand New Heavies - BNH,0.000129
The Smokin' Joe Kubek Band - Comin' Home Today,0.000129
Les Paul & Mary Ford - How High The Moon,0.000129
!!! (Chk Chk Chk) - Hello? Is This Thing On,0.000129
Sean Hayes - Rattlesnake Charm (Dream Machine),0.000128
Brand New - Okay I Believe You. But My Tommy Gun Don't,0.000128
Pete Fountain - Someday Sweetheart,0.000127
Lee Morgan - Sneaky Pete,0.000126
The Beatles - Got To Get You Into My Life,0.000126
Eggs Over Easy - 111 Avenue C,0.000123
The Dirty Projectors - Rise Above,0.000122
Passion - All Creatures Of Our God And King,0.000121
G. Love & Special Sauce - Love,0.00012
Sarah McLachlan - I Love You,0.00012
Jimmy Cliff - Look At The Mountains,0.000119
P.M. Dawn - I'd Die Without You,0.000119
David Massengill - Shamas Rides,0.000116
Midnight Star - No Parking,0.000116
Sam Bush - Harbor Docks,0.000116
John Renbourn - Trotto ? Saltarello,0.000115
The Rolling Stones - Ruby Tuesday,0.000114
Reno & Smiley - Charlotte Breakdown,0.000114
John Michael Montgomery - Angel In My Eyes,0.000113
Cat Stevens - Moonshadow (Live),0.000112
The Adverts - Safety In Numbers (Live),0.000111
Spyro Gyra - Summer Fling,0.000111
Dan Crary - Reuben,0.000111
Tim Bluhm - California Way,0.000109
Larry Carlton - Roll With It,0.000107
Blackmore's Night (Holiday) - Emmanuel,0.000107
Bonerama - Cabbage Alley,0.000106
James Brown - Hot Pants. PT.1,0.000106
Alison Krauss - Can't Find My Way Home,0.000103
The Rolling Stones - Street Fighting Man,0.000102
James P. Johnson - You've Got To Be Modernistic,0.000101
Al Stewart - Time Passages,0.000101
Lee Morgan Quintet - The Gigolo,0.000099
Nitty Gritty Dirt Band - Fish Song,0.000099
Clifford Brown - Hymn Of The Orient,0.000099
Sara Bareilles - Gravity (2003),0.000098
The Ray Conniff Singers (Holiday) - Silver Bells,0.000098
Fugazi - Merchandise,0.000096
Whitney Houston (Holiday) - Joy To The World,0.000095
Ani DiFranco - Little Plastic Castle (Live 1.25.04),0.000095
Milt Jackson - The Song Is Ended,0.000095
Chuck Loeb - Fundamentally Sound,0.000094
Ralph Stanley & The Clinch Mountain Boys - Beautiful Star Of Bethlehem,0.000094
Lucy Kaplansky - I Had Something,0.000093
Jr. Walker & The All Stars - Cleo's Mood,0.000093
Chubby Checker - Pony Time,0.000092
Tony Bennett - What A Wonderful World,0.000092
Robert Earl Keen - Corpus Christi Bay,0.000092
Alison Krauss - Wish I Still Had You,0.00009
The Paul Butterfield Blues Band - Piney Brown Blues,0.000089
Scorpions - Don't Stop At The Top,0.000089
Lisa Loeb (Holiday) - Jingle Bells,0.000087
Guns N' Roses - November Rain,0.000087
Tipica 73 - Cachita,0.000087
Antonio Carlos Jobim - Children's Games,0.000085
AC?DC - Rock And Roll Ain't Noise Pollution,0.000084
Men Of Steel - In Flagrante (Live),0.000083
Lucy Kaplansky - When I Get To The Border,0.000082
Port O'Brien - Anchor,0.000081
Les Brown And His Band Of Renown - The Sweetheart Of Sigma Chi,0.000081
Devil Sold His Soul - Between Two Words,0.000081
Foghat - Dreamer,0.000081
Traffic - Smiling Phases,0.000081
Guns N' Roses - Sweet Child O' Mine,0.00008
Furry Lewis - Falling Down Blues,0.000079
The Del McCoury Band - Dry My Tears And Move On,0.000079
Coles Whalen - The Hand That Gives The Rose,0.000078
DJ Muggs Vs GZA - Unstoppable Threats (Instrumental),0.000078
Dean Martin - Everybody Loves Somebody,0.000076
Seal - Wild,0.000075
David Wilcox - Common As The Rain,0.000074
Ray Charles & The Count Basie Orchestra - I Can't Stop Loving You,0.000074
Shudder To Think - Own Me,0.000074
Freddie Jackson - You Are My Lady,0.000073
Mickey Hart & Zakir Hussain - Dances With Wood,0.000073
Glen Gray & The Casa Loma Orchestra - Who's Sorry Now?,0.000073
Outkast - Ms. Jackson,0.000072
The Royal Guardsmen - Snoopy Vs. The Red Baron,0.000072
Prince - Kiss (Extended Version),0.000072
Goodie Mob - Soul Food,0.000071
Deep Purple - Smoke On The Water (Live 1973),0.00007
Serena Ryder - Coconut Grove,0.00007
Van Morrison - Domino,0.00007
Fugazi - Suggestion,0.000069
Foghat - Slow Ride,0.000069
Jens Lekman - The Wrong Hands,0.000068
Brenda Lee (Holiday) - White Christmas,0.000068
Jarabe De Palo - Agua,0.000068
RJD2 - Solomon Jones,0.000067
John Scofield - Drop And Roll,0.000067
Jimmy Somerville - To Love Somebody,0.000067
Sonny Rollins - Moritat (Mack The Knife),0.000066
New York Dolls - Mystery Girls (Planet Studios Demo),0.000066
Holly Cole - Christmas Blues,0.000066
Del Tha Funkee Homosapien - Mistadobalina,0.000065
The Pointer Sisters - Jump,0.000065
John Scofield - Boozer,0.000063
Lone Ranger - Collie Rock,0.000063
The Rolling Stones - Get Off Of My Cloud,0.000063
Rissi Palmer - Leavin' On Your Mind,0.000062
Albert King - Born Under A Bad Sign (Live),0.000061
Waylon Jennings - Clyde,0.00006
England Dan & John Ford Coley - Gone Too Far,0.00006
Hank Williams Jr. - All My Rowdy Friends Are Coming Over Tonight,0.00006
James Brown - Get Up Offa That Thing,0.00006
Preston Reed - Ladies Night,0.00006
Steve Winwood - While You See A Chance,0.000059
AC?DC - Who Made Who,0.000059
Corciolli - Forest Spirit,0.000058
Sharon Jones & The Dap-Kings - Be Easy,0.000057
The Jam - Don't Tell Them You're Sane,0.000057
Wumpscut - Fear In Your Eyes,0.000057
Daddy Yankee - Cuentame,0.000057
Nitty Gritty Dirt Band - Get Back,0.000057
Mumbles - Prema's Dilema,0.000056
Tomasa La Macanita - Yo Soy De Jerez (Bulerias De Cai),0.000055
AC?DC - Back In Black,0.000055
Johnny Maestro & The Crests - Angels Listened In,0.000055
Canned Heat (Holiday) - Christmas Blues,0.000054
Lee Ritenour & Larry Carlton - Crosstown Kids,0.000054
Clifford Brown - Donna Lee (live),0.000054
Pamela Williams - Elixir,0.000054
XTC - Roads Girdle The Globe,0.000053
Benny Carter - Long Ago And Far Away,0.000053
Ella Fitzgerald - These Foolish Things,0.000052
Sharon Jones & The Dap-Kings - Cut That Line,0.000052
The Five Blind Boys Of Mississippi - Thank The Lord I'm Singing Again,0.000052
RJD2 - All For You,0.00005
Dave Biller & Jeremy Wakefield - Martian Guts,0.000049
The Beatles - Here Comes The Sun ? The Inner Light (Transition) (Love Version),0.000049
Assemblage 23 - Longevity,0.000048
Dean Martin - On The Street Where You Live,0.000047
Boyz II Men (Holiday) - Let It Snow,0.000047
Jerry Jeff Walker - Gettin' By (Live),0.000047
Junior Brown - Highway Patrol,0.000047
Lucy Kaplansky - Every Single Day,0.000046
BR549 - Georgia On A Fast Train,0.000046
Ronnie Earl - Ronnie Johnnie,0.000046
Dean Martin - Ain't That A Kick In The Head,0.000046
Mixmaster Mike - Bazooka Kanyon,0.000046
Natasha Bedingfield - Pocketful Of Sunshine,0.000046
Shalamar - Make That Move,0.000045
Seba & Lo-Tec - So Long,0.000045
Azzido Da Bass - Dooms Night,0.000045
Antonio Carlos Jobim - The Girl From Ipanema,0.000044
Donnie McClurkin - Again,0.000044
The Beatles - Love Me Do,0.000044
Stevie Wonder - Ribbon In The Sky,0.000044
Newcleus - Jam On It,0.000043
Reno & Smiley - I Saw Your Face In The Moon,0.000043
Peaches & Herb - Shake Your Groove Thing,0.000042
The Beatles - Help!,0.000042
The Beatles - No Reply,0.000042
Nine Inch Nails - Closer,0.000042
Pepe Aguilar - Me Falta Valor,0.000041
Anointed - Mighty Long Way,0.000041
Loquat - It's Yours To Keep,0.000041
Say Hi To Your Mom - Your Brains Vs. My Tractorbeam,0.000041
Justin Hinds & The Dominoes - Carry Go Bring Come (Rocksteady),0.00004
Craig Pilo - Early Cynical Mystery,0.00004
The Beatles - Paperback Writer,0.00004
Little Milton - Penitentiary Blues,0.000039
The Soul Survivors - Hey Gyp,0.000039
David Wilcox - Language Of The Heart,0.000039
Louis Armstrong (Holiday) - Winter Wonderland (Mono Recording),0.000039
Maxine Nightingale - Right Back Where We Started From,0.000039
The Clovers - Devil Or Angel,0.000039
Junior Brown - Broke Down South Of Dallas,0.000039
Ella Fitzgerald - Mood Indigo,0.000038
The Jam - Man In The Corner Shop,0.000038
Albert King - I'll Play The Blues For You (Live),0.000038
Three Days Wait - Beautiful Baby,0.000038
Jerry Jeff Walker - L.A. Freeway,0.000038
Bryan Lee - Just Like A Fish,0.000038
Slim Harpo - You Can't Make It,0.000037
Chayanne - Y Tu Te Vas,0.000037
Orchestral Manoeuvres In The Dark - If You Leave,0.000037
Al Stewart - On The Border,0.000037
Cher - Gypsys. Tramps & Thieves,0.000037
J-Dilla - Take Notice,0.000036
Sound Providers - Autumn's Evening Breeze,0.000036
Otis Spann - Home To Mississippi,0.000036
Ryan Montbleau Band - It's All Been Done Before,0.000036
Matthew West - More,0.000036
Billy Preston - Outa-Space,0.000036
Public Enemy - Fight The Power,0.000036
Waylon Jennings - Theme From The Dukes Of Hazzard,0.000035
Montgomery Gentry - Speed,0.000034
Jackson 5 - Dancing Machine,0.000034
Lowell Fulson - No More. Pt. 1,0.000034
Nitty Gritty Dirt Band - Wildwood Flower,0.000034
Marvin Gaye - Let's Get It On,0.000034
Montgomery Gentry - My Town,0.000033
Antonio Carlos Jobim - O Grande Amor,0.000033
Bonerama - Freddie,0.000033
Lazy Lester - Gonna Stick To You Baby,0.000033
Alison Krauss - Endless Highway,0.000033
Junior Brown - Gotta Get Up Everymorning,0.000033
Junior Brown - You Didn't Have To Go All The Way,0.000033
As One - In The Arms Of You,0.000033
Black Sheep - The Choice Is Yours (Album Version),0.000032
Carlton Pearson - We've Come This Far By Faith,0.000032
The Pharcyde - Ya Mama (Instrumental),0.000032
Aterciopelados - Bolero Falaz,0.000032
Nitty Gritty Dirt Band - You Are My Flower,0.000032
Jackson 5 - Oh How Happy,0.000031
George Michael - Father Figure,0.000031
Bonerama - Louie's Perch,0.000031
Alison Krauss - When You Say Nothing At All,0.000031
James Cotton - Take Me Back,0.000031
Nitty Gritty Dirt Band - Snowballs,0.000031
Earthless - Cherry Red,0.00003
Fred McDowell - Write Me A Few Of Your Lines,0.00003
Del Tha Funkee Homosapien - Burnt (feat. The Hyrogliphics),0.00003
Outkast - The Way You Move,0.000029
Richard Hell & The Voidoids - Love Comes In Spurts,0.000029
Leftover Salmon - Bend In The River (Live),0.000029
Johannes Linstead - Cielo Azul,0.000029
Spyro Gyra - Believe,0.000029
The Pharcyde - Passing Me By,0.000029
Hillsong & Delirious? - I Could Sing Of Your Love Forever,0.000029
Lutan Fyah - No More Suffering,0.000029
Tommy Flanagan Trio - Eclypso,0.000029
Herman's Hermits - I'm Henry The VIII I Am,0.000028
The Bird And The Bee - How Deep Is Your Love,0.000028
Chet Atkins & Les Paul - It Had To Be You,0.000028
J.B. Lenoir - Louise,0.000028
Guns N' Roses - Paradise City,0.000028
Ratt - Lay It Down,0.000028
Avril Lavigne - I'm With You,0.000028
The League - Hey Conductor,0.000027
Tricky - Aftermath,0.000027
Marcus Johnson - Just Doing What I Do,0.000027
Lowell Fulson - Guitar Shuffle,0.000027
The Mission UK - Love Me To Death,0.000027
Dan The Automator - Sleep,0.000027
Augustus Pablo - Black Gunn,0.000027
Justin Hinds & The Dominoes - Carry Go Bring Come (Ska Version),0.000026
Antonio Carlos Jobim - Agua De Beber,0.000026
Jesse Harris - Morning In A Strange City (Cafe),0.000026
Dire Straits - Once Upon A Time In The West,0.000026
Jackson 5 - I Want You Back,0.000025
Lucy Kaplansky - Written On The Back Of His Hand,0.000025
Skid Row - I Remember You,0.000025
Orchestral Manoeuvres In The Dark - Dreaming,0.000025
Junior Brown - Semi-Crazy,0.000025
Sam Bush - Same Ol' River (live),0.000025
Outkast - The Whole World,0.000024
Melvin Taylor - Texas Flood,0.000024
Black Sheep - The Choice Is Yours (Revisited),0.000024
Assemblage 23 - Opened,0.000024
Margot Meets The Melody Maker - Torch (Extrawelt Remix),0.000024
Brother Ali - Uncle Sam Goddamn,0.000024
Gaither Vocal Band - Swing Down Chariot,0.000024
Kidz In The Hall - The Pledge,0.000024
Digital Underground - Doowutchyalike,0.000024
The National - Green Gloves,0.000023
Bobo Thomas - Catfish Blues,0.000023
Kate Rusby - The Lark,0.000023
Houston Person - Two Rb's,0.000023
Donnie McClurkin - We Fall Down (Live),0.000023
No Age - My Life's Alright Without You,0.000023
Toots & The Maytals - Schooldays,0.000023
Willie Colon & Ruben Blades - Pedro Navaja,0.000022
Dan Deacon - Wooody Woodpecker,0.000022
Ella Fitzgerald & Louis Armstrong - Cheek To Cheek,0.000022
Gilberto Gil - Mancada,0.000022
Furry Lewis - Long Tall Gal Blues,0.000022
No Age - I Wanna Sleep,0.000022
Herman's Hermits - I'm Into Something Good,0.000021
Sonny Rollins - Like Someone In Love,0.000021
Moonspell - Sons Of Earth,0.000021
Reik - Me Duele Amarte,0.000021
Marvin Gaye - Sexual healing,0.000021
Sarah McLachlan - Hold On (Live),0.000021
Death Vessel - Dancers All,0.000021
Jarabe De Palo - Grita,0.000021
Whitney Houston (Holiday) - Do You Hear What I Hear?,0.00002
Benny Carter - Laura,0.00002
Lynyrd Skynyrd - Sweet Home Alabama,0.00002
Nick Drake - Here Come The Blues,0.00002
Sharon Jones & The Dap-Kings - Let Them Knock,0.000019
Waylon Jennings - T For Texas (Blue Yodel No. 1) (live),0.000019
The Bird And The Bee - The Races,0.000019
Turn Me On Dead Man - 67 Dreams,0.000019
Blackmore's Night (Holiday) - Ma-O-Tzur,0.000019
Tony Bennett - Steppin' Out With My Baby,0.000019
David Bowie - Rebel Rebel,0.000019
Twilight 22 - Electric Kingdom,0.000019
Lee Ann Womack - I Hope You Dance,0.000019
Wreckless Eric - Excuse Me,0.000019
RJD2 - Things Go Better,0.000018
Jars Of Clay (Holiday) - God Rest Ye Merry Gentlemen,0.000018
Bishop Allen - Things Are What You Make Of Them,0.000018
Band Of Horses - Our Swords,0.000018
Daddy Yankee - Gasolina,0.000018
The Monkees - Tomorrow's Gonna Be Another Day,0.000018
Digital Underground - The Humpty Dance,0.000018
The Beatles - I'll Follow The Sun,0.000018
Bing Crosby - When You Wore A Tulip (live),0.000017
Keith Sweat (Holiday) - It's Christmas Again,0.000017
The Animals - Don't Bring Me Down,0.000017
Albert King - Can't You See What You're Doing To Me,0.000017
The Whigs - Written Invitation,0.000017
At The Gates - Blinded By Fear,0.000017
Ratt - You Should Know By Now,0.000017
The Beatles - I Feel Fine,0.000017
Jr. Walker & The All Stars - What Does It Take,0.000017
Stephen Kellogg & The Sixers - Sweet Sophia,0.000017
War - Why Can't We Be Friends,0.000016
The Pharcyde - On The DL (Instrumental),0.000016
Trebol Clan. Hector & Joan - Gata Fiera,0.000016
The Troggs - Wild Thing,0.000016
Ambrosia - How Much I Feel,0.000016
Lee Ann Womack - I'll Think Of A Reason Later,0.000016
Robin Thicke - Lost Without U,0.000015
Korn - Blind,0.000015
Antonio Carlos Jobim - Insensatez (How Insensitive),0.000015
The Pharcyde - Runnin',0.000015
John Prine - It's A Cheating Situation,0.000015
Passion - You Never Let Go,0.000015
Omens - Searching,0.000014
The Five Blind Boys Of Mississippi - Where He Leads Me,0.000014
? And The Mysterians - Can't Get Enough Of You Baby,0.000014
The Crests - Angels Listened In,0.000014
Port O'Brien - Tree Bones,0.000014
The Rolling Stones - Shake Your Hips,0.000014
Fastball - Are You Ready For The Fallout?,0.000014
Filter - Spent,0.000014
John Zorn - Zhakor,0.000013
Leftfield - Swords,0.000013
Lazy Lester - I'm Gonna Miss You (Like The Devil),0.000013
Yellowman - Weed Dem (feat. Beenie Man),0.000013
Jon Bon Jovi (Holiday) - Please Come Home For Christmas,0.000013
The Pharcyde - Pharcyde (Instrumental),0.000013
The Black Angels - Bloodhounds On My Trail,0.000013
Funkadelic - One Nation Under A Groove,0.000013
Les Brown And His Band Of Renown - Moonlight In Vermont,0.000013
Descendents - Suburban Home,0.000013
Serena Ryder - Sisters Of Mercy,0.000013
Furry Lewis - Baby You Don't Want Me,0.000013
George Acosta - Precious,0.000013
The Del McCoury Band - Asheville Turnaround,0.000013
Bonerama - Funky Miracle,0.000012
Seal - Love's Divine (Live),0.000012
Catie Curtis - Fall Away,0.000012
Heritage Hall Jazz Band (Holiday) - Silver Bells,0.000012
Katalyst - Break Up,0.000012
Michelle Branch - Everywhere,0.000012
Dire Straits - Sultans Of Swing,0.000012
Prince - Let's Work (Dance Mix),0.000012
Plastic Little - Hola Plastique,0.000012
Donnie McClurkin - He's Calling You,0.000012
The Beatles - Get Back (Love Version),0.000012
The Rolling Stones - Start Me Up,0.000012
Stevie Wonder - Do I Do,0.000012
Lee Ann Womack (Holiday) - Let It Snow & Winter Wonderland,0.000012
Tiamat - For Her Pleasure,0.000012
Jo Dee Messina - Lesson In Leavin',0.000011
Herman's Hermits - Listen People,0.000011
Cal Bennett - Whole Soul Stroll (Live),0.000011
Arrested Development - Tennessee,0.000011
Lowell Fulson - Reconsider Baby,0.000011
!!! (Chk Chk Chk) - Me And Giuliani Down By The School Yard (A True Story),0.000011
The Monkees - The Monkees,0.000011
Ruben Studdard - Goin' Up Yonder,0.000011
Jazzy Jeff & The Fresh Prince - Parents Just Don't Understand,0.000011
Johnny Horton - I'm Ready If You're Willing,0.000011
The Beatles - You Won't See Me,0.000011
Van Morrison - Tupelo Honey,0.000011
Klute - Now Always Forever,0.000011
Tim Hughes - Here I am to Worship,0.000011
Seu Jorge - O Samba Tai,0.000011
Jurgen Paape - Take That,0.00001
Josh White - One For My Baby,0.00001
Peter White - What Does It Take To Win Your Love,0.00001
Pepe Aguilar - A Pesar De Todo,0.00001
Lazy Lester - My Home Is A Prison,0.00001
Provision - Visualize,0.00001
Sex Pistols - New York,0.00001
Dave & Ansel Collins - Nuclear Weapon,0.00001
Delroy Wilson - Pretty Girl,0.00001
Los Rieleros Del Norte - Caballo De Espadas,0.00001
The Beatles - When I Get Home,0.00001
The Beatles - Ob-La-Di. Ob-La-Da,0.00001
Sky Saxon - Love Dog,0.00001
Lynyrd Skynyrd - Free Bird (Live),0.00001
Christina Aguilera (Holiday) - Have Yourself A Merry Little Christmas,0.00001
Nate Dogg (Holiday) - Be Thankful,0.00001
Robin Thicke - Complicated,0.000009
Laura Pausini - Viveme,0.000009
Melissa Ferrick - Fear And Time,0.000009
Catherine Maclellan - River Valley Plains,0.000009
Antonio Carlos Jobim - Agua De Beber (Live),0.000009
The Commodores - Lady (You Bring Me Up),0.000009
D - Nox & Beckers - Jet Lag Slave,0.000009
Phil Collins - Do You Remember?,0.000009
Ziggy Marley - Be Free,0.000009
Ziggy Marley - Friend,0.000009
Ella Fitzgerald & Louis Armstrong - A Foggy Day,0.000009
Sarah McLachlan - Homeless,0.000009
Willie Colon & Ruben Blades - Ojos,0.000008
Celia Cruz & Tito Puente - La Plena Bomba Me Llama,0.000008
Chayanne - Un Siglo Sin Ti,0.000008
Hank Williams III - Crazed Country Rebel,0.000008
Scorpions - New Generation,0.000008
Cannonball Adderley - Autumn Leaves,0.000008
Labelle - Lady Marmalade,0.000008
Tommy Emmanuel - The Hunt,0.000008
Delroy Wilson - I Can't Help Myself,0.000008
Social Distortion - Bad Luck,0.000008
Guardian - Power Of Love,0.000008
The Rolling Stones - Gimme Shelter,0.000008
Kai Winding - Trombone For Two,0.000008
Marvin Gaye - How Sweet It Is (To Be Loved By You),0.000008
Toots & The Maytals - Never You Change (Reggae Version),0.000008
Kill Memory Crash - Riyout,0.000008
Junior Brown - I Hung It Up,0.000008
Rachel Harrington - Shoeless Joe,0.000008
Bassnectar - Creation Lullabye,0.000008
Outkast - So Fresh. So Clean,0.000007
The Bird And The Bee - F*cking Boyfriend (Peaches Remix),0.000007
Assemblage 23 - Cocoon,0.000007
Chayanne - Dejaria Todo,0.000007
The Century's - Hard Times,0.000007
Wumpscut - Golgotha,0.000007
Soda Stereo - Paseando Por Roma,0.000007
Band Of Horses - The First Song,0.000007
Louis Armstrong (Holiday) - Christmas Night In Harlem,0.000007
Broken Social Scene - Our Faces Split The Coast In Half,0.000007
Blackmore's Night (Holiday) - We Three Kings,0.000007
Shudder To Think - Goat,0.000007
Nachtmystium - Code Negative,0.000007
The Beatles - Rock And Roll Music,0.000007
Young Jeezy - Soul Survivor,0.000007
John Tesh - God Of Wonders,0.000007
Bond - Space,0.000007
Gerry & The Pacemakers - See You In September,0.000007
Deuter - Nada Himalaya 2,0.000006
Silberbart - Head Tear Of The Drunken Sun,0.000006
O-Shen - Tropically Fine,0.000006
Otis Spann - Mr. Highway Man,0.000006
Luis Miguel - La Incondicional,0.000006
Wumpscut - Rusty Nails From Hell,0.000006
Skid Row - Youth Gone Wild,0.000006
Alison Krauss - Whiskey Lullaby,0.000006
Lowell Fulson - Everyday I Have The Blues,0.000006
Will Smith - Men In Black,0.000006
Michael Spence - Is This Love,0.000006
Ralph Stanley & The Clinch Mountain Boys - I Am Weary,0.000006
Dan The Automator - Lyrics To Go (Remix) (Instrumental),0.000006
The Black Angels - You On The Run,0.000006
Dire Straits - So Far Away,0.000006
AC?DC - Thunderstruck,0.000006
Diego El Cigala - Ana. Dolores Y Aurora,0.000006
The Essex - Easier Said Than Done,0.000006
La Sonora Dinamita - La Cortina,0.000006
Rockapella (Holiday) - Home For The Holidays,0.000006
Donnie McClurkin - Yes You Can,0.000006
Compulsion - Rapejacket,0.000006
Marvin Sapp - Perfect Peace,0.000006
Say Hi To Your Mom - Blah Blah Blah,0.000006
Iron & Wine - Faded From The Winter,0.000006
The Troggs - My Lady,0.000006
Junior Brown - Where Has All the Money Gone?,0.000006
Seu Jorge - Rebel Rebel,0.000006
Lester Young - Prisoner Of Love,0.000005
Jo Dee Messina - Heads Carolina. Tails California,0.000005
Maynard Ferguson - Everybody Moan,0.000005
George Michael - Fastlove (Forthright Edit),0.000005
Luis Miguel - Ahora Te Puedes Marchar (I Only Want To Be With You),0.000005
Glen Brown - Wicked Tumbling Version,0.000005
Lazy Lester - Nothing But The Devil,0.000005
Alc (A Lo Cubano) - Vanilla Y Chocolate,0.000005
Lowell Fulson - I'm A Night Owl (Part 2),0.000005
Sex Pistols - Problems,0.000005
Justin Timberlake - Rock Your Body,0.000005
Ryan Montbleau Band - Honeymoon Eyes,0.000005
God-Des - Debate,0.000005
Al Di Meola - Tangata De Alba,0.000005
Brother Ali - Forest Whitiker,0.000005
The National - Fake Empire (Live),0.000005
Lo Fidelity Allstars - Battle Flag,0.000005
Louis Armstrong (Holiday) - Winter Wonderland,0.000005
AC?DC - You Shook Me All Night Long,0.000005
Ziggy Marley - Drive,0.000005
Ella Fitzgerald & Louis Armstrong - Stars Fell On Alabama,0.000005
Midnight Star - Freak-A-Zoid,0.000005
Foghat - Ride. Ride. Ride,0.000005
The Rolling Stones - 19th Nervous Breakdown,0.000005
Jr. Walker & The All Stars - What Does It Take (To Win Your Love),0.000005
The Verve - Blue (USA Mix),0.000005
Klute - Oshima,0.000005
Sarah McLachlan - Fallen,0.000005
Boz Scaggs - It All Went Down The Drain (Live),0.000005
Iron & Wine - Communion Cups And Someone's Coat,0.000005
Ronnie Earl & Duke Robillard - Lookin For Trouble,0.000005
Frank Foster - John R. And Garfield,0.000005
Naama Hillman - Falling,0.000005
Ella Fitzgerald - I Concentrate On You,0.000004
The Jackson Southernaires - Lead Me,0.000004
The Cars - My Best Friends Girl,0.000004
J-Dilla - Make Em Nv,0.000004
J-Dilla - Make'em Nv [Instrumental],0.000004
Kaskade - Honesty,0.000004
The Animals - See See Rider,0.000004
Lucy Kaplansky - Land Of The Living,0.000004
Rosalia De Souza - Nem Que Seja A Nado,0.000004
Scorpions - Big City Nights,0.000004
Yellowman - Build A Roof Over Your Head,0.000004
Burning Witch - Sea Hag,0.000004
Peter & Gordon (60s) - A World Without Love,0.000004
Mary Chapin Carpenter - Right Now,0.000004
Toquinho & Paulinho Da Viola - Tarde Em Itapoa (live),0.000004
Justin Timberlake - Like I Love You (feat. Clipse),0.000004
Trey Anastasio - Come As Melody,0.000004
Phil Collins - Another Day In Paradise (Live),0.000004
Indigo Girls - She's Saving Me,0.000004
Daddy Yankee - Rompe,0.000004
Bryan Mann - Who Put The Bomp (In The Bomp Bomp Bomp),0.000004
Pavement - Baptist Blacktick,0.000004
Michelle Branch - All You Wanted,0.000004
FC Kahuna - Machine Says Yes,0.000004
Los Rieleros Del Norte - Abrazado De Un Poste,0.000004
Rogue Wave - Ghost,0.000004
Sodom - Procession To Golgotha,0.000004
Dire Straits - Walk Of Life,0.000004
Social Distortion - Cold Feelings,0.000004
Jazzy Jeff & The Fresh Prince - Summertime,0.000004
Tony Bennett - The Best Man,0.000004
Lou Blackburn - I Cover The Waterfront,0.000004
David Massengill - My First Kiss,0.000004
The Roots - Guns Are Drawn,0.000004
Everton Blender - I Love Jah Jah,0.000004
Foghat - Night Shift,0.000004
Ivory Joe Hunter - Shooty Booty,0.000004
Passion - Glorious,0.000004
Stevie Wonder - Higher Ground,0.000004
Milt Jackson - These Foolish Things,0.000004
The Christmas Jug Band (Holiday) - Boogie Woogie Santa Claus,0.000004
Nine Inch Nails - The Only Time,0.000004
Meg Hutchinson - Vanishing Points,0.000004
Marky Ramone - Blitzkrieg Bop,0.000004
Roger - I Want To Be Your Man,0.000004
Zion - Fantasma,0.000004
Nas - Street Dreams,0.000004
Secret Machines - All At Once (It's Not Important),0.000003
Ella Fitzgerald - Desafinado (Slightly Out Of Tune),0.000003
Outkast - I'll Call Before I Come (feat. Eco & Gangsta Boo),0.000003
JoJo - Too Little. Too Late,0.000003
Deepak Chopra & Adam Plack - Valentine To Tagore,0.000003
Leftover Salmon - Steam Powered Aeroplane (Live),0.000003
Starfield - Can I Stay Here Forever?,0.000003
Jason Aldean - Laughed Until We Cried,0.000003
Herman's Hermits - There's A Kind Of Hush,0.000003
Project 86 - Something We Can't Be,0.000003
Luis Miguel - Por Debajo De La Mesa,0.000003
Euge Groove - Get Em Goin',0.000003
Wumpscut - Opening The Gates Of Hell,0.000003
Arrested Development - People Everyday (Reprise),0.000003
Soda Stereo - Ella Uso Mi Cabeza Como Un Revolver,0.000003
Irish Rovers (Holiday) - The Holly Bears The Crown,0.000003
Black Lips - Veni Vidi Vici,0.000003
Sex Pistols - Pretty Vacant,0.000003
Ben Jelen - Not My Plan,0.000003
The Commodores - Brick House,0.000003
The National - Fake Empire,0.000003
Daddy Yankee - Machucando,0.000003
Adele - Right As Rain,0.000003
C+C Music Factory - Things That Make You Go Hmmmm?..,0.000003
Peggy Seeger - O The Wind And Rain,0.000003
The Pharcyde - Bullsh*t (Instrumental),0.000003
The Monkees - Look Out (Here Comes Tomorrow),0.000003
Guns N' Roses - Knockin' On Heaven's Door,0.000003
Steve Earle & Reckless Kelly - Reconsider Me,0.000003
AC?DC - For Those About To Rock (We Salute You),0.000003
AC?DC - Moneytalks,0.000003
AC?DC - Highway To Hell,0.000003
Jazzy Jeff & The Fresh Prince - Summertime '98 (SoulPower Remix),0.000003
Beau Jocque & The Zydeco Hi-Rollers - Chere Mignonne (Dear Cute One),0.000003
Corrina Repp - No One's Telling,0.000003
John Prine - Pretty Good,0.000003
Covenant - Figurehead,0.000003
David Bowie - Ashes To Ashes,0.000003
Shadows Of Knight - I'll Make You Sorry,0.000003
Lords Of The Underground - Funky Child,0.000003
The Beatles - Can't Buy Me Love,0.000003
Del Tha Funkee Homosapien - Phoney Phranchise,0.000003
Del Tha Funkee Homosapien - Jaw Gymnastics (feat. Casual),0.000003
Stevie Wonder - I Wish (Live),0.000003
Toots & The Maytals - Pressure Drop,0.000003
Sarah McLachlan - Adia,0.000003
Sarah McLachlan - Perfect Girl,0.000003
Lauryn Hill - Doo Wop (That Thing),0.000003
Lil Scrappy & Trillville - No Problem,0.000003
George Acosta - The Storm,0.000003
Brett Dennen - There Is So Much More,0.000003
Antonio Aguilar - Triste Recuerdo,0.000003
Junior Brown - Freeborn Man,0.000003
Huracanes Del Norte - Falsas Ilusiones,0.000003
Christina Aguilera (Holiday) - This Christmas,0.000003
Phil Wickham - Jesus Lord Of Heaven,0.000003
Avril Lavigne - Nobody's Home,0.000003
Rilo Kiley - Breakin' Up,0.000003
Nas - Represent,0.000003
Ella Fitzgerald - I Don't Want To Take A Chance,0.000002
Eazy-E - Eazy-Er Said Than Dunn,0.000002
William Clarke - Five Card Hand,0.000002
Sharon Jones & The Dap-Kings - How Long Do I Have To Wait For You?,0.000002
Kasey Chambers - Falling Into You,0.000002
The Aggrolites - Mr. Misery,0.000002
J-Dilla - Crushin' [Instrumental],0.000002
Sevendust - Shine,0.000002
The Jam - Absolute Beginners,0.000002
The Jam - In The City,0.000002
Bonerama - Ocean,0.000002
Danny Gatton & Tom Principato - I'm On Fire (Live),0.000002
Luis Miguel - Hasta Que Me Olvides,0.000002
Rhianna (Holiday) - It Just Don't Feel Like Xmas (Without You),0.000002
Simple Plan (Holiday) - My Christmas List,0.000002
Rosalia De Souza - Ao Amigo Tom,0.000002
Lazy Lester - A Woman,0.000002
Soda Stereo - Sueles Dejarme Solo,0.000002
Gospel Four - It's Just A Matter Of Time,0.000002
The Crests - Sixteen Candles,0.000002
Serj Tankian - Sky Is Over,0.000002
Dan Deacon - Trippy Green Skull,0.000002
The Commodores - Easy,0.000002
The National - Slow Show,0.000002
Unwound - Laugh Track,0.000002
Your Vegas - Troubled Times,0.000002
Talib Kweli - Supreme Supreme,0.000002
The Monkees - I'm A Believer (Mono),0.000002
Kidz In The Hall - The In Crowd,0.000002
Kidz In The Hall - Mr. Alladatsh*T,0.000002
Kidz In The Hall - Ritalin,0.000002
Breather Resist - Long Nights. Short Fuses,0.000002
Guns N' Roses - Don't Cry,0.000002
Nitty Gritty Dirt Band - Mr. Bojangles,0.000002
AC?DC - Have A Drink On Me,0.000002
AC?DC - Who Made Who (Live),0.000002
AC?DC - Shot Down In Flames,0.000002
AC?DC - Hells Bells,0.000002
Daryl Coley - I Will Bless Your Name,0.000002
Los Lobos - Let's Say Goodnight,0.000002
Covenant - Dead Stars (Version),0.000002
Mercyme - Grace Tells Another Story,0.000002
Johnny Horton - Out In New Mexico,0.000002
The Roots - Don't Feel Right (Instrumental),0.000002
Joey Ramone - Like A Drug I Never Did Before,0.000002
Hilltop Hoods - The Soul Of The Beat,0.000002
Fergie - Big Girls Don't Cry,0.000002
The Beatles - If I Fell,0.000002
The Beatles - Day Tripper,0.000002
Michael Jackson (Holiday) - Little Christmas Tree,0.000002
Caia - Afterwards @ The Bar,0.000002
Sade - By Your Side,0.000002
The Rolling Stones - I'm Free,0.000002
Eric Harringer & John Paul Lacey - Nature's Way,0.000002
Stevie Wonder - My Cherie Amour,0.000002
Young Jeezy - My Hood,0.000002
Betty Everett - It's In His Kiss (The Shoop Shoop Song),0.000002
Juno Reactor - Conga Fury (Animatrix Mix),0.000002
Darrell Evans - Trading My Sorrows,0.000002
Clancy Eccles - Sweet Jamaica,0.000002
Marvin Gaye - I'll Be Doggone,0.000002
Mary Lou Lord - Cold Kilburn Rain,0.000002
Toots & The Maytals - Sweet And Dandy,0.000002
Winters - Mark My Word,0.000002
Yuri Buenaventura - Salsa,0.000002
Michael Burns - Into Nothing (Hamel's Last Time For 9 Mix),0.000002
Rihanna - Hate That I Love You,0.000002
Brett Dennen - Ain't No Reason,0.000002
Filter - Welcome To The Fold,0.000002
Z-Ro - Mo City Don (Freestyle),0.000002
Nine Inch Nails - Zero Sum (Stephen Morris & Gillian Gilbert Remix),0.000002
The Grinder - Man Into Space,0.000002
Charanga La Tapa - Vamono's Pa'l Monte,0.000002
Little Milton - My Back Scratcher,0.000001
RJD2 - Get It,0.000001
Secret Machines - Lightning Blue Eyes,0.000001
The Business - Drinking And Driving,0.000001
Angelo - Save The Music,0.000001
Hooverphonic - 2Wicky,0.000001
Dj Baby Anne & Jen Lasher - Fear2,0.000001
Kasey Chambers - Nothing At All,0.000001
Butch Engle & The Styx - Hey I'm Lost,0.000001
Chubby Checker - Let' Stwist Again,0.000001
Underworld - Born Slippy,0.000001
The Mars Volta - Roulette Dares (The Haunt Of),0.000001
Trentemoller - Prana,0.000001
Victor Manuelle - Tengo,0.000001
The Kingsmen - Louie Louie,0.000001
The New Colony Six - I Lie Awake,0.000001
The Animals - I Put A Spell On You,0.000001
George Michael - Praying For Time,0.000001
Take 6 - Come On,0.000001
Assemblage 23 - Damaged,0.000001
Creed - Higher,0.000001
Chayanne - Atado A Tu Amor,0.000001
Smokie Norful - Celebrate,0.000001
Hank Williams III - Honky Tonk Girls,0.000001
Scorpions - No One Like You,0.000001
Royal Crown Revue (Holiday) - Baby It's Cold Outside (feat. Vicky Tafoya),0.000001
Skid Row - 18 And Life,0.000001
Bill Haley & His Comets - (We're Gonna) Rock Around The Clock,0.000001
Bill Haley & His Comets - Shake. Rattle And Roll,0.000001
Black Lips - It Feels Alright,0.000001
Loudon Wainwright III - Grey In L.A.,0.000001
Lyle Lovett - That's Right (You're Not From Texas),0.000001
Architecture In Helsinki - Spring 2008,0.000001
The High Violets - Sun Baby,0.000001
Sex Pistols - EMI,0.000001
Rah - Wave,0.000001
Justin Timberlake - SexyBack,0.000001
DJ Khaled - We Takin' Over,0.000001
Videos - Trickle Trickle,0.000001
Fugazi - Polish,0.000001
Band Of Horses - Is There A Ghost,0.000001
Phil Collins - You'll Be In My Heart,0.000001
Indigo Girls - Cold Beer And Remote Control,0.000001
Adele - Melt My Heart To Stone,0.000001
Gotan Project - El Capitalismo Foraneo,0.000001
Sons And Daughters - Johnny Cash,0.000001
The Wallflowers - 6th Ave Heartache,0.000001
The Pharcyde - Groupie Therapy (Instrumental),0.000001
The Allman Brothers Band - Can't Take It With You,0.000001
Dave Barker - Don't Let The Sun Catch You Crying,0.000001
Duran Duran - Come Undone,0.000001
Kidz In The Hall - Dumb*ss Tales,0.000001
Augustus Pablo - Give Praise (Norris Reid),0.000001
Augustus Pablo - Maka,0.000001
Los Rieleros Del Norte - Fue Mentira,0.000001
Broken Social Scene - 7?4 (Shoreline),0.000001
Broken Social Scene - Cause = Time,0.000001
Broken Social Scene - Stars And Sons,0.000001
Broken Social Scene - KC Accidental,0.000001
Enanitos Verdes - Luz De Dia,0.000001
Enanitos Verdes - Tu Carcel,0.000001
Roni Size & Reprazent - Hi-Potent,0.000001
The Wiseguys - Ooh La La,0.000001
Visionaries - Love (Hip-Hop),0.000001
Kumbia Altarz - Chiquilla,0.000001
Ruben Studdard - Shout To The Lord,0.000001
Ruben Studdard - Fix it. Jesus (feat. Harvey Watkins Jr.),0.000001
Thou - I Was Ignored. And Judged. And Cast Down,0.000001
Brandi Carlile - Throw It All Away,0.000001
Nitty Gritty Dirt Band - Way Downtown,0.000001
Johnny Adams - Not Trustworthy (A Lyin' Woman),0.000001
AC?DC - Dirty Deeds Done Dirt Cheap,0.000001
AC?DC - Dirty Deeds Done Dirt Cheap (Live),0.000001
John Butler Trio - Funky Tonight,0.000001
Christopher Lawrence - October's Child,0.000001
Matthew West - Get Away,0.000001
Roberto Roena - El Pueblo Pide Que Toque,0.000001
Ella Fitzgerald & Louis Armstrong - Love Is Here To Stay,0.000001
Lindsay Lohan - Rumors,0.000001
Waco Brothers - Missing Link,0.000001
Los Lobos - Shakin' Shakin' Shakes,0.000001
Magik Markers - Body Rot,0.000001
Guardian - Let It Roll,0.000001
Downhere - Feels Like Winter,0.000001
Down To The Bone - Cellar Funk,0.000001
Drive-By Truckers - Sink Hole,0.000001
The Roots - No Alibi,0.000001
Ratt - Slip Of The Lip,0.000001
Ratt - You're In Trouble,0.000001
Parts & Labor - The Gold We're Digging,0.000001
Everton Blender - It's My Time,0.000001
Fergie - Glamorous,0.000001
The Beatles - With A Little Help From My Friends,0.000001
The Beatles - Let It Be,0.000001
The Beatles - She Came In Through The Bathroom Window,0.000001
James Brown - Get Up Offa That Thing  (Ali Dee Remix),0.000001
Finger Eleven - First Time,0.000001
Foghat - Drivin' Wheel,0.000001
The Supremes - Love Is Here And Now You're Gone,0.000001
The Supremes - Where Did Our Love Go,0.000001
The Fray - How To Save A Life,0.000001
Liquid Mind - I Am Willing,0.000001
Fastball - Morning Star,0.000001
Fastball - Which Way To The Top,0.000001
Sonorous - Pronotonic,0.000001
Sever Your Ties - Hand In Hand,0.000001
Stevie Wonder - For Once In My Life,0.000001
Young Jeezy - And Then What,0.000001
Betty Everett - The Shoop Shoop Song (It's In His Kiss),0.000001
Toots & The Maytals - Monkey Man,0.000001
Sarah McLachlan - Building A Mystery,0.000001
Staind - It's Been Awhile,0.000001
Staind - Outside,0.000001
Stephen Kellogg & The Sixers - A Cabin In The Woods,0.000001
Beres Hammond - Who Say (feat. Buju Banton),0.000001
Botch - Japan (live),0.000001
Redman - Tonights Da Night,0.000001
Public Enemy - Don't Believe The Hype,0.000001
Public Enemy - Public Enemy No. 1,0.000001
Public Enemy - Rebel Without A Pause,0.000001
Iron & Wine - Each Coming Night,0.000001
Rihanna - Don't Stop The Music,0.000001
Rihanna - Pon De Replay,0.000001
Rihanna - Umbrella,0.000001
Lauryn Hill - Ex-Factor,0.000001
George Acosta - Another Way (Club Mix),0.000001
George Acosta - Tranzy State Of Mind (Club Mix),0.000001
Grandmaster Flash & The Furious Five - Scorpio,0.000001
Brett Dennen - One Who Loves You The Most,0.000001
Alter Bridge - One By One,0.000001
Lee Ann Womack (Holiday) - Baby It's Cold Outside (feat. Harry Connick. Jr.),0.000001
The Heavenly Music Association - Alain,0.000001
Z-Ro - Keep On (Chopped & Screwed),0.000001
Junior Brown - Freedome Machine,0.000001
Nine Inch Nails - No. You Don't,0.000001
Huracanes Del Norte - Nomas Por Tu Culpa,0.000001
Kate Nash - Habanera,0.000001
The Dubs - Chapel Of Dreams,0.000001
2Pac (Tupac) - Never Had A Friend Like Me,0.000001
Rilo Kiley - A Man ? Me ? Then Jim,0.000001
Nas - The Message,0.000001
RJD2 - Ghostwriter (Remix),0
Beres Hammond? Flourgon - Bounce,0
Beres Hammond? Flourgon - Feel Like,0
Classified Project - Resurrection (Original),0
Franco De Vita - Como Decirte No,0
Livin' Joy - Don't Stop Movin',0
Light This City - Exile,0
The Orb - Once More (Bedrock Dub Mix),0
Nice & Smooth - Sometimes I Rhyme Slow,0
Robbie Seay Band - Love Wins,0
Retrosic - Desperate Youth,0
Steve Earle & The Supersuckers - Before They Make Me Run,0
Lifehouse - First Time,0
Shinedown - Burning Bright,0
Say Anything - Surgically Removing The Tracking Device,0
Starkillers - Discoteka (Austin Leeds & Terranova Remix),0
Seven Day Jesus - I Will Find You,0
Korn - Make Me Bad,0
Chubby Checker - Limbo Rock,0
Dimmu Borgir - Allegiance,0
Jackson 5 - Abc,0
The Sword - Celestial Crown,0
The Sword - Freya,0
Sheryl Crow (Holiday) - Run Rudolph Run,0
The Cars - Since You're Gone,0
J-Dilla - Won't Do (Instrumental),0
The Warlocks - Gypsy Nightmare,0
Children Of Bodom - Living Dead Beat,0
Sevendust - Enemy,0
Fred Hammond - Celebrate (He Lives),0
Vendredi 13 - Frequency 7,0
Sterling (Electronica) - Desperation,0
Victor Manuelle - Sin Querer Queriendo,0
Victor Manuelle - Como Una Estrella,0
Empirical Labs - Turtle Beach (Original Mix),0
Kaskade - Move For Me,0
The Animals - Baby Let Me Take You Home,0
Flyleaf - All Around Me,0
Flyleaf - Sorrow,0
Flyleaf - I'm So Sick,0
The Bamboos - Tighten Up,0
Raekwon - Verbal Intercourse,0
Raekwon - Ice Cream,0
Otis Spann - Rock Me Mama,0
C.J. Chenier & The Rod Hot Louisiana Band - Bad Luck,0
Cedric Im Brooks - Emavungweni,0
Tranquility Base - Surrender,0
XTC - The Rhythm (Live),0
Binary Finary - 1999,0
Dom & Roland - Dance All Night (Calyx remix),0
Benny Page - Neck Breaker,0
KMFDM - Don't Blow Your Top,0
Joe Jackson - Baby Stick Around,0
Willa Ford - I Wanna Be Bad,0
Dj Alibi - Eglinton West Blues,0
R. Kelly - Half On A Baby,0
Red - Wasting Time,0
Wumpscut - Wir Warten,0
Scorpions - Rock You Like A Hurricane,0
Reuben Morgan - My Redeemer Lives,0
Reuben Morgan - Hear Our Praises,0
Lady Saw - I've Got Your Man,0
Vengaboys - We Like To Party!,0
Skid Row - Big Guns,0
Worm Is Green - Army Of Them,0
In Flames - The Hive,0
In Flames - Take This Life,0
Byron Cage - Breathe,0
Conjure One - Extraordinary Way (Antillas Mix),0
Fireball Ministry - In The Mourning,0
Rise Against - The Good Left Undone,0
Black Lips - Can't Dance,0
Black Lips - O Katrina!,0
Black Lips - Boone,0
Black Lips - Burried Alive,0
Paul Oakenfold - Faster Kill Pussycat,0
Paul Oakenfold - Amsterdam,0
Paul Oakenfold - Sex 'n' Money,0
Paul Oakenfold - Time Of Your Life (feat. Perry Farrell),0
Jose Zamora & Damian DP - Transatlantic (feat. Paleday),0
The Mark Inside - Carousel,0
Grand Ole Party - Look Out Young Son,0
Foo Fighters - No Way Back,0
Foo Fighters - Low,0
Ben Jelen - Where Do We Go,0
Iron Maiden Tribute Band - Run To The Hills,0
Wolfmother - Colossal,0
Behemoth - Slaves Shall Serve,0
Jay Reatard - Oh It's Such A Shame,0
Jay Reatard - Turning Blue,0
Jay Reatard - We Who Wait,0
Justin Timberlake - What Goes Around...?...Comes Around (Interlude),0
Trey Anastasio - Sleep Again,0
DJ Khaled - I'm So Hood,0
DJ Khaled - Out Here Grindin',0
Mudvayne - Fall Into Sleep,0
Will Smith - Gettin' Jiggy Wit It,0
Brother Ali - Blah Blah Blah (feat. Slug),0
Entombed - Full Of Hell,0
Krum Bums - Fall,0
Krum Bums - Misery,0
HH - Planetary,0
Balearic Bill - Destination Sunshine,0
Band Of Horses - No One's Gonna Love You,0
Don Carlos - Booming Ball,0
Ian Van Dahl - Inspiration,0
Ian Van Dahl - Castle In The Sky,0
Ian Van Dahl - Castles In The Sky,0
The Dead Milkmen - Punk Rock Girl,0
Christa DeErynn - Sweet Lies,0
N.W.A. - Real Niggaz Don't Die,0
Janis Figure - Mechanical Bull,0
Adele - Best For Last,0
Delroy Wilson - It's The Same Old Song,0
The Fiery Furnaces - Here Comes The Summer,0
Powder (Holiday) - Christmas Don't be Late (Chipmunk Song),0
Your Vegas - In My Head,0
Your Vegas - It Makes My Heart Break,0
Corona - Rythym Of The Night,0
!!! (Chk Chk Chk) - All My Heroes Are Wierdos,0
Talib Kweli - I Try,0
The Bronx - Cobra Lucha,0
The Bronx - False Alarm,0
The Monkees - She,0
Duran Duran - Ordinary World,0
Sonicflood - I Could Sing Of Your Love Forever,0
Sonicflood - I Want To Know You (In The Secret),0
Kidz In The Hall - Wassup Jo',0
Dredg - Sang Real (Live),0
Loquat - Need Air,0
Rev Theory - Hell Yeah,0
Los Rieleros Del Norte - El Amor No Se Vende,0
Los Rieleros Del Norte - Me Quieres Matar De Celos,0
Cat Stevens - Wild World,0
Broken Social Scene - Fire Eye'd Boy,0
Broken Social Scene - Shampoo Suicide,0
Roni Size & Reprazent - Brown Paper Bag (Roni Size Full Rap Remix),0
Roni Size & Reprazent - Down,0
Roni Size & Reprazent - Mexican,0
Roni Size & Reprazent - Snapshot,0
B.B. King & John Popper (Holiday) - Back Door Santa,0
Rogue Wave - Nourishment Nation,0
Cornel Campbell - Concrete Jungle,0
Cornel Campbell - Screwface,0
Blackmore's Night (Holiday) - Hark The Herald Angels Sing ? Come All Ye Faithful,0
Nitty Gritty Dirt Band - One Sure Honest Line,0
AC?DC - It's A Long Way To The Top (If You Wanna Rock 'n' Roll),0
AC?DC - Problem Child,0
AC?DC - What Do You Do For Money Honey,0
AC?DC - For Those About To Rock,0
Novakill - Why Won't You Die!?!,0
Groove Coverage - Runaway,0
Groove Coverage - The End,0
Christopher Lawrence - Hot Rod,0
Christopher Lawrence - Ride The Light,0
The Offspring - Can't Repeat,0
Converge - Distance And Meaning,0
Converge - For You (Live),0
Converge - Homewrecker,0
Converge - The Broken Vow,0
Converge - You Fail Me,0
Patrick Lundy - That's Who He Is (Live),0
Lindsay Lohan - Black Hole,0
La Sonora Dinamita - A Mover La Colita,0
Guardian - Sister Wisdom,0
Lismore - Tremolo,0
Kathleen Edwards - I Make The Dough. You Get The Glory,0
Kathleen Edwards - Oh Canada,0
Big Al Carson (Holiday) - Santa Claus Is Comin' To Town,0
Joe Diffie - White Lightning,0
The Handshake Murders - New Enemy,0
The Blakes - Commit,0
The Blakes - Streets,0
The Blakes - Modern Man,0
Drive-By Truckers - The Day John Henry Died,0
Thalia - Me Pones Sexy (I Want You) (feat. Fat Joe),0
Gouryella - Walhalla,0
Mercyme - Here With Me,0
A Teens - S.O.S,0
Dead Confederate - Shadow The Walls,0
Dead Confederate - Tortured Artist Saint,0
The Roots - Love Of My Life (Live),0
The Roots - Stay Cool,0
The Roots - You Got Me,0
Whodini - One Love,0
Parts & Labor - Long Way Down,0
The Coup - Wear Clean Draws,0
Donnie McClurkin - Church Medley,0
Joey Ramone - What A Wonderful World,0
Cold Grits - It's Your Thing,0
Tito - Caile,0
The Beatles - Things We Said Today,0
Gyptian - My Fadah Seh,0
Gyptian - Take Me Higher,0
Finger Eleven - Lost My Way,0
Finger Eleven - Stay And Drown,0
Granite & Phunk - Knock You Over,0
LFO (Pop) - Summer Girls,0
K-Ci & JoJo - Crazy,0
Fastball - 'Til I Get It Right,0
DJ Drama & Lil' Wayne - Get 'Em,0
DJ Drama & Lil' Wayne - Gettin' Some Head,0
Del Tha Funkee Homosapien - If You Must,0
Jennie Arnau - Float On,0
Passion - No One Like You ? David Crowder Band,0
Passion - Awesome Is The Lord Most High,0
Sourvein - Septic Werewolves,0
Rissi Palmer - Anybody Out There,0
Rissi Palmer - Hold On To Me,0
ABORTED - Clinical Colostomy,0
ABORTED - Ingenuity In Genocide,0
)EIB( - Forgotten,0
Klute - Crosby,0
Klute - I'll Do Anything (You Want Me To),0
Suffocation - Reincremation,0
Toots & The Maytals - 54-46 That's My Number,0
Toots & The Maytals - Still Is Still Moving To Me (feat. Willie Nelson),0
Staind - For You,0
Staind - Right Here,0
Staind - Take This,0
Leona Lewis - Bleeding Love,0
Joe Camilleri & Nicky Bomba - Better Must Come,0
Scratch - Square One (feat. Bilal),0
Stephen Kellogg & The Sixers - Maria,0
Dennis Alcapone & Prince Jazzbo - Lorna Banana,0
Beres Hammond - Come Back Home,0
Beres Hammond - Rock Away,0
System F - Out Of The Blue,0
Elefante - El Abandonao,0
The Duskfall - Trust Is Overrated,0
Vicious Circles - Vicious Circles (Ryan Blair Mix),0
Public Enemy - Can't Truss It,0
Justifide - Escape,0
Justifide - Pointing Fingers,0
Michael Burns - The Ambience,0
Rihanna - Shut Up And Drive,0
Rihanna - Break It Off,0
Lauryn Hill - Can't Take My Eyes Off Of You,0
Tokyo Police Club - Citizens Of Tomorrow,0
Tokyo Police Club - Graves,0
Tokyo Police Club - In A Cave,0
Tokyo Police Club - Nature Of The Experiment,0
Tokyo Police Club - Be Good,0
Tokyo Police Club - Juno,0
George Acosta - Silence (DJ Tiesto's In Search Of Sunrise Remix),0
George Acosta - Save Me (Push Remix),0
Gnarls Barkley - Crazy,0
Gnarls Barkley - Smiley Faces [Live On Later With Jools Holland],0
Grandmaster Flash & The Furious Five - Freedom,0
Mr. Scruff - Chipmunk,0
Chino Espinoza -Los Duenos Del Son - Hector Lavoe Medley,0
Filter - The Only Way (Is The Wrong Way),0
Robert Cray - Nothin' But A Woman,0
Alter Bridge - Before Tomorrow Comes,0
Alter Bridge - Buried Alive,0
Alter Bridge - Open Your Eyes,0
Tim Track - Panic Voice,0
Flatfoot 56 - Brotherhood,0
Robert Earl Keen - Feelin' Good Again (Live),0
See You Next Tuesday - Forever On Deaf Ears,0
Cardenales De Nuevo Leon - Por Las Damas,0
Nine Inch Nails - Big Man With A Gun,0
Nine Inch Nails - Heresy,0
Nine Inch Nails - Kinda I Want To,0
Nine Inch Nails - Slipping Away,0
la sonora dinamita ? la sonora tropicana - Mi Cucu,0
Huracanes Del Norte - El Perro De Tu Marido,0
Kate Nash - Pumpkin Soup,0
Phil Wickham - Spirit Fall,0
Paul Baloche - Your Name,0
Marky Ramone - Rockaway Beach,0
Soulfly - Babylon,0
As One - Contours,0
Allure - Rejected,0
Endre - Kallocain (Robert Nickson Remix),0
Avril Lavigne - Contagious,0
Avril Lavigne - Keep Holding On,0
Avril Lavigne - Sk8er Boi,0
Kalmah - Withering Away,0
2Pac (Tupac) - Against All Odds,0
2Pac (Tupac) - How Do U Want It,0
2Pac (Tupac) - Keep Ya Head Up,0
2Pac (Tupac) - Death Around The Corner,0
2Pac (Tupac) - All Eyez On Me,0
Nas - Ether,0
Nas - Get Down,0
Nas - Nas Is Like,0
Nas - Got Ur Self A...,0
An Albatross - Death Rides A Brown Horse,0