song,country
Herman's Hermits - Listen People,0.908942
Irish Rovers (Holiday) - We Wish You A Merry Christmas,0.754689
The Ray Conniff Singers (Holiday) - Silver Bells,0.753527
Irish Rovers (Holiday) - The Holly Bears The Crown,0.696739
Irish Rovers (Holiday) - God Rest Ye Merry Gentlemen,0.667116
Rachel Harrington - Shoeless Joe,0.647281
Huracanes Del Norte - El Perro De Tu Marido,0.613005
Markus Reuter - A Clue To Reality,0.605766
Loquat - It's Yours To Keep,0.559428
Jason Aldean - Laughed Until We Cried,0.552516
Loudon Wainwright III - Grey In L.A.,0.528492
Neil Young - Cripple Creek Ferry,0.526164
Les Paul & Mary Ford - How High The Moon,0.50906
Verdi. Giuseppe - Macbeth. Opera,0.506138
Clarence Fountain - I Want To Go,0.505124
Michael Martin Murphey - Tumbling Tumbleweeds,0.502479
Loquat - Need Air,0.502247
Ella Fitzgerald - I Concentrate On You,0.492067
Michael Martin Murphey (Holiday) - Corn. Water And Wood,0.475728
Finbar & Eddie Furey - Curragh Of Kildare,0.471652
Lefty Frizzell - I Love You A Thousand Ways,0.458703
Ralph Stanley & The Clinch Mountain Boys - I Am Weary,0.439792
The Beatles - I'll Follow The Sun,0.427733
Loquat - Serial Mess,0.418835
Black Lips - It Feels Alright,0.413992
The Rolling Stones - I'm Free,0.407514
John Prine - It's A Cheating Situation,0.405878
Starfield - Can I Stay Here Forever?,0.405038
Kenny Rogers (Holiday) - White Christmas,0.400697
Various Artists? 50 Most Loved Christmas Carols (Holiday) - While Sherherds Watched Their Flocks,0.396687
The Blakes - Commit,0.395184
Doc Watson - Little Sadie,0.394271
Lefty Frizzell - Always Late With Your Kisses,0.379653
Steve Earle & Reckless Kelly - Reconsider Me,0.377986
Los Rieleros Del Norte - Abrazado De Un Poste,0.377947
Lucy Kaplansky - When I Get To The Border,0.37168
Nitty Gritty Dirt Band - One Sure Honest Line,0.370777
Lefty Frizzell - My Rough And Rowdy Ways,0.370548
Asleep At The Wheel - Cotton-Eyed Joe,0.369199
The Beatles - You Won't See Me,0.366361
Brandi Carlile - Throw It All Away,0.366227
Michelle Branch - All You Wanted,0.363649
Junior Brown - Gotta Get Up Everymorning,0.359049
Ella Fitzgerald - Aren't You Kind Of Glad We Did,0.354894
Waylon Jennings - Are You Sure Hank Done It This Way,0.349883
The Beatles - Paperback Writer,0.349133
Iron & Wine - Communion Cups And Someone's Coat,0.345025
Peggy Seeger - O The Wind And Rain,0.342107
The Del McCoury Band - Asheville Turnaround,0.34206
Tony Bennett - I Wanna Be Around,0.341408
Hank Williams Jr. - Whiskey Bent And Hell Bound,0.333069
Herman's Hermits - There's A Kind Of Hush,0.33133
Lyle Lovett - Simple Song,0.32996
Videos - Trickle Trickle,0.323894
The Beatles - If I Fell,0.320403
Enanitos Verdes - Luz De Dia,0.31981
Iron & Wine - Faded From The Winter,0.317275
The Dead Milkmen - Punk Rock Girl,0.313461
Michael Martin Murphey - Talkin' To The Wrong Man,0.31111
Blackmore's Night (Holiday) - Ma-O-Tzur,0.300137
The Beatles - With A Little Help From My Friends,0.297733
Indigo Girls - Left Me A Fool,0.294906
Leona Lewis - Bleeding Love,0.292171
The Del McCoury Band - Dry My Tears And Move On,0.290404
Cat Stevens - The Wind,0.289076
Ralph Stanley & The Clinch Mountain Boys - Beautiful Star Of Bethlehem,0.288302
John Michael Montgomery - Angel In My Eyes,0.286617
Earl Scruggs - Get In Line Brother,0.285287
Bunny Berigan - Plantation Moods,0.284609
The Beatles - Things We Said Today,0.283924
Rose Cousins - One Love,0.276509
Guns N' Roses - Don't Cry,0.276495
Jens Lekman - The Wrong Hands,0.275521
Jars Of Clay (Holiday) - God Rest Ye Merry Gentlemen,0.273698
Jarabe De Palo - Grita,0.271252
Hank Williams III - Honky Tonk Girls,0.26882
Nitty Gritty Dirt Band - You Are My Flower,0.267947
Lucy Kaplansky - Land Of The Living,0.267137
Ella Fitzgerald - For You. For Me. For Evermore,0.266501
Junior Brown - Where Has All the Money Gone?,0.264126
Eric Harringer & John Paul Lacey - Nature's Lullaby,0.262377
The Del McCoury Band - A Far Cry,0.262318
Paul Siebel - My Town,0.260574
Sarah McLachlan - Building A Mystery,0.260147
Ella Fitzgerald - Mood Indigo,0.260142
Rissi Palmer - Anybody Out There,0.25987
Stevie Wonder - My Cherie Amour,0.258718
Rissi Palmer - Leavin' On Your Mind,0.257713
Montgomery Gentry - Speed,0.255385
Soda Stereo - Paseando Por Roma,0.247758
Indigo Girls - She's Saving Me,0.243442
Say Hi To Your Mom - Your Brains Vs. My Tractorbeam,0.242435
Marty Robbins (Holiday) - The Joy Of Christmas,0.239771
Huracanes Del Norte - Falsas Ilusiones,0.239748
Stephen Kellogg & The Sixers - Sweet Sophia,0.239142
Robert Earl Keen - Feelin' Good Again (Live),0.237914
Sam Bush - Song For Roy,0.237207
The Rolling Stones - Shake Your Hips,0.236807
Loudon Wainwright III - The Swimming Song,0.233778
Band Of Horses - The Funeral,0.233193
Herman's Hermits - I'm Into Something Good,0.231961
Stevie Wonder - Overjoyed,0.229386
Reno & Smiley - Charlotte Breakdown,0.227457
The Young Tradition - Lyke Wake Dirge,0.227081
Uncle Earl - Booth Shot Lincoln,0.220174
Alison Krauss - Can't Find My Way Home,0.21843
Pepe Aguilar - A Pesar De Todo,0.217941
The Del McCoury Band - Fire And The Flame,0.217139
The Del McCoury Band - I'm Afraid I Forgot The Feeling,0.217011
Ralph Stanley & The Clinch Mountain Boys - Stone Walls And Steel Bars,0.215906
Herman's Hermits - I'm Henry The VIII I Am,0.215276
Ivory Joe Hunter - Shooty Booty,0.215115
Band Of Horses - Is There A Ghost,0.214372
The Fiery Furnaces - Here Comes The Summer,0.210614
Michael Martin Murphey (Holiday) - Sleigh Ride ? Jingle Bells,0.209769
John Prine - Pretty Good,0.207826
Wreckless Eric - Excuse Me,0.207698
The National - Start A War,0.205279
Mercyme - Grace Tells Another Story,0.204923
The Rolling Stones - Gimme Shelter,0.20384
The Association - Never My Love,0.201179
Nitty Gritty Dirt Band - Mr. Bojangles,0.200621
Don Carlos - Booming Ball,0.199897
Michael Jackson (Holiday) - Little Christmas Tree,0.196989
Three Days Wait - Beautiful Baby,0.195711
Blackmore's Night (Holiday) - Emmanuel,0.194287
Kate Rusby - The Lark,0.193968
David Wilcox - Rusty Old American Dream,0.192473
Earl Scruggs - Flint Hill Special,0.192067
Staind - For You,0.192059
The Beatles - Get Back (Love Version),0.190697
Passion - Glorious,0.190139
Various Artists? 50 Most Loved Christmas Carols (Holiday) - In The Bleak Midwinter,0.1896
Janet Beazley - White (Long Time Travelin'),0.18959
Betty Everett - The Shoop Shoop Song (It's In His Kiss),0.1893
Nitty Gritty Dirt Band - Wildwood Flower,0.189098
The Monkees - Daydream Believer,0.187053
Gerry & The Pacemakers - See You In September,0.186065
Junior Brown - You Didn't Have To Go All The Way,0.184395
Kasey Chambers - Nothing At All,0.183339
The Beatles - If I Needed Someone,0.183054
The Beatles - Run For Your Life,0.182885
Mary Lou Lord - Cold Kilburn Rain,0.182602
Melissa Ferrick - Fear And Time,0.182329
Tommy Johnson - Lonesome Home Blues (Take 2),0.182113
Omens - Searching,0.181737
The Rolling Stones - Ruby Tuesday,0.181653
Waylon Jennings - San Francisco Mabel Joy,0.181639
The Del McCoury Band - On The Lonesome Wind,0.1804
Hilary Stagg - Island Sweets,0.180077
David Massengill - My First Kiss,0.179755
Sarah McLachlan - Adia,0.179617
Ella Fitzgerald - Guilty,0.178498
SubtractiveLAD - My Quadrant,0.178411
Otis Spann - Mr. Highway Man,0.176364
Sara Bareilles - Gravity (2003),0.176224
Montgomery Gentry - My Town,0.174928
Jr. Walker & The All Stars - What Does It Take (To Win Your Love),0.17319
Ralph Stanley & The Clinch Mountain Boys - Gonna Paint The Town,0.172638
The Beatles - Here Comes The Sun ? The Inner Light (Transition) (Love Version),0.171947
Meg Hutchinson - Vanishing Points,0.171853
Ella Fitzgerald - Love Walked In,0.171006
Ryan Montbleau Band - It's All Been Done Before,0.169371
The Monkees - I'm A Believer (Mono),0.166465
Pepe Aguilar - Me Falta Valor,0.166072
Ruben Studdard - Shout To The Lord,0.165541
Moonspell - Sons Of Earth,0.165367
Morricone. Ennio - Giuseppe Tornatore Suite,0.164568
Los Rieleros Del Norte - Caballo De Espadas,0.164383
Iron & Wine - Each Coming Night,0.164252
The Beatles - She Came In Through The Bathroom Window,0.163323
Sex Pistols - EMI,0.163302
Leftover Salmon - Bend In The River (Live),0.163211
England Dan & John Ford Coley - Gone Too Far,0.162155
Rosalia De Souza - Nem Que Seja A Nado,0.161156
Staind - Take This,0.160623
Old Crow Medicine Show - Take 'Em Away,0.160064
The Fray - How To Save A Life,0.158683
Debbie Reynolds - Love Is A Simple Thing,0.157647
Staind - It's Been Awhile,0.157318
Toots & The Maytals - 54-46 That's My Number,0.15723
Jr. Walker & The All Stars - What Does It Take,0.157188
Brett Dennen - There Is So Much More,0.155082
Hank Williams III - Crazed Country Rebel,0.155045
Phil Collins - Do You Remember?,0.154311
The Whigs - Written Invitation,0.153743
Little Walter - Bad Acting Woman,0.153414
Doc & Merle Watson - Big Spike Hammer,0.153371
Serj Tankian - Sky Is Over,0.151647
Anne Murray - Danny's Song,0.151365
Bruce Molsky - Buckdancer's Choice,0.15106
Christa DeErynn - Sweet Lies,0.150627
Tommy Johnson - Big Fat Mama Blues,0.150611
The Jam - Absolute Beginners,0.150565
Brett Dennen - Ain't No Reason,0.150366
The Beatles - Ob-La-Di. Ob-La-Da,0.150171
Black Lips - Can't Dance,0.150062
Sarah McLachlan - Perfect Girl,0.149384
Hezekiah Jones - Postpone,0.148982
The Beatles - Help!,0.147952
Brenda Lee (Holiday) - White Christmas,0.147516
Nitty Gritty Dirt Band - Way Downtown,0.146488
Dean Martin - You're Nobody Till Somebody Loves You,0.146323
The Black Angels - Bloodhounds On My Trail,0.145898
Aterciopelados - Bolero Falaz,0.14383
Blackmore's Night (Holiday) - Ding Dong Merrily On High,0.143352
J.B. Lenoir - Louise,0.143
Jo Dee Messina - Heads Carolina. Tails California,0.142534
Lady Saw - I've Got Your Man,0.142436
Scott Solter - Desert Trains,0.141963
The Monkees - Tomorrow's Gonna Be Another Day,0.141583
Sarah McLachlan - Fallen,0.141132
The Animals - Baby Let Me Take You Home,0.140887
Pete Fountain - Just A Closer Walk With Thee,0.139817
Junior Brown - Semi-Crazy,0.139519
Los Rieleros Del Norte - El Amor No Se Vende,0.138729
Kidz In The Hall - The In Crowd,0.137971
Wire - Reuters,0.137959
Steve Earle & The Supersuckers - Before They Make Me Run,0.137905
Sam Bush - The Dolphin Dance,0.137409
The Pogues - The Band Played Waltzing Matilda,0.13648
Canned Heat (Holiday) - Christmas Blues,0.134277
The Century's - Hard Times,0.133744
Staind - Outside,0.132814
The Paul Butterfield Blues Band - Love Her With A Feeling,0.131736
Ralph Stanley & The Clinch Mountain Boys - Man Of Constant Sorrow,0.131392
Lee Ann Womack - I'll Think Of A Reason Later,0.13131
Betty Everett - It's In His Kiss (The Shoop Shoop Song),0.131095
Sam Bush - Spooky Lane,0.130798
Moby Grape - Lazy Me,0.129798
Jay Reatard - Oh It's Such A Shame,0.129679
BR549 - Georgia On A Fast Train,0.128716
Van Morrison - Days Like This,0.128689
Earl Scruggs - Stash It,0.128254
Dan Gibson - Cool Forest Rain,0.128232
Dean Martin - Return To Me,0.127883
Jerry Jeff Walker - L.A. Freeway,0.127863
Matthew West - More,0.127757
Darrell Evans - Trading My Sorrows,0.127032
Broken Social Scene - KC Accidental,0.126741
Stephen Kellogg & The Sixers - Maria,0.126555
Secret Machines - All At Once (It's Not Important),0.12595
Reno & Smiley - I Saw Your Face In The Moon,0.125832
Avril Lavigne - I'm With You,0.125709
Mercyme - Here With Me,0.125669
George Michael - Praying For Time,0.12548
Nitty Gritty Dirt Band - Get Back,0.125325
Jennie Arnau - Float On,0.125229
Loquat - Change The Station,0.124426
The Supremes - Love Is Here And Now You're Gone,0.124365
Nitty Gritty Dirt Band - Snowballs,0.123639
Maxine Nightingale - Right Back Where We Started From,0.12342
The Monkees - She,0.123396
The National - Fake Empire,0.123184
Avril Lavigne - Nobody's Home,0.12202
Jimmy Ruffin - What Becomes Of The Brokenhearted,0.121579
Bing Crosby - You Must Have Been A Beautiful Baby,0.120934
Paul Bley - Time On My Hands,0.120557
Ben Jelen - Not My Plan,0.120074
Blackmore's Night (Holiday) - We Three Kings,0.119365
David Bowie - Rebel Rebel,0.117479
The Beatles - Got To Get You Into My Life,0.117327
No Age - My Life's Alright Without You,0.117105
Kasey Chambers - Falling Into You,0.116522
The Rolling Stones - Get Off Of My Cloud,0.116439
Ronnie Earl - Ronnie Johnnie,0.115405
JoJo - Too Little. Too Late,0.115326
Indigo Girls - Blood And Fire,0.115244
Lucy Kaplansky - I Had Something,0.11492
Royal Crown Revue (Holiday) - Baby It's Cold Outside (feat. Vicky Tafoya),0.114887
The Beatles - Love Me Do,0.114513
Question Mark and the Mysterians - 96 Tears,0.113905
Grand Ole Party - Look Out Young Son,0.113745
Indigo Girls - Cold Beer And Remote Control,0.113651
Harry James & Benny Goodman - Life Goes To A Party,0.112283
Bishop Allen - Things Are What You Make Of Them,0.11141
Alison Krauss - Whiskey Lullaby,0.110908
Alison Krauss - Endless Highway,0.109976
Vince Gill - When I Call Your Name,0.109705
James Cotton - Soul Survivor,0.109247
Bryan Sutton - Grover Glen,0.108631
The George Lewis Band - Pork Chop,0.108478
Tokyo Police Club - Nature Of The Experiment,0.10826
The Blakes - Modern Man,0.107993
Kidz In The Hall - Mr. Alladatsh*T,0.107609
Jimmy Buffett - Come Monday,0.107192
Alison Krauss - Wish I Still Had You,0.10717
The Dubs - Chapel Of Dreams,0.10626
Leftover Salmon - Midnight Blues (feat. Del & Ronnie McCoury),0.105411
Asleep At The Wheel - Stay All Night,0.105327
Antonio Pinana - Cuando Llora La Guitarra,0.105152
The Beatles - Michelle,0.104588
Blackmore's Night (Holiday) - Hark The Herald Angels Sing ? Come All Ye Faithful,0.104498
Boys From Indiana - Atlanta Is Burning,0.10448
John Tesh - God Of Wonders,0.104286
Seven Day Jesus - I Will Find You,0.103969
The Troggs - My Lady,0.103544
Ella Fitzgerald - Bidin' My Time,0.103245
Lucy Kaplansky - Every Single Day,0.102658
Johnny Horton - Out In New Mexico,0.102386
Tim Hughes - Here I am to Worship,0.102327
Serena Ryder - Sisters Of Mercy,0.101839
The Nomads - Situations,0.101636
Johnny Horton - I'm Ready If You're Willing,0.101477
Bryan Mann - Who Put The Bomp (In The Bomp Bomp Bomp),0.101203
Van Morrison - Midnight Special,0.101031
Death Vessel - Dancers All,0.100856
Lee Ann Womack - I Hope You Dance,0.100675
The Supremes - Where Did Our Love Go,0.100401
Ella Fitzgerald - Crying Mood,0.099857
Jon Bon Jovi (Holiday) - Please Come Home For Christmas,0.099762
Luis Miguel - Por Debajo De La Mesa,0.098939
James Cotton - Take Me Back,0.098147
James P. Johnson - You've Got To Be Modernistic,0.097538
Ambrosia - How Much I Feel,0.097489
Kathleen Edwards - I Make The Dough. You Get The Glory,0.096473
Kate Rusby - A Rose In April,0.096133
Leftover Salmon - Steam Powered Aeroplane (Live),0.095585
Rosalia De Souza - Ao Amigo Tom,0.095427
Reik - Me Duele Amarte,0.095301
Eric Harringer & John Paul Lacey - Morning Dew,0.095259
Sex Pistols - Pretty Vacant,0.0949
Doc Watson - Down In The Valley To Pray,0.094725
Sam Bush - Sailin' Shoes,0.094634
P.M. Dawn - I'd Die Without You,0.094576
Robert Earl Keen - Corpus Christi Bay,0.094122
Eggs Over Easy - 111 Avenue C,0.093771
Fastball - Morning Star,0.093177
Catherine Maclellan - River Valley Plains,0.092937
The Beatles - Can't Buy Me Love,0.092854
Shudder To Think - Goat,0.092443
The Clovers - Devil Or Angel,0.092397
Bryan Sutton - Stoney Creek,0.092156
The Dirty Projectors - Time Birthed Spilled Blood,0.092101
Mose Andrews - Ten Pound Hammer,0.09176
Band Of Horses - The First Song,0.091537
Converge - The Broken Vow,0.091499
Passion - You Never Let Go,0.091338
The Beatles - Rock And Roll Music,0.091284
Avril Lavigne - Contagious,0.091279
Jack Jones - Luck Be A Lady,0.091011
Toots & The Maytals - Sweet And Dandy,0.090827
Cardenales De Nuevo Leon - Por Las Damas,0.090818
Your Vegas - In My Head,0.090288
J-Dilla - Make Em Nv,0.090176
J-Dilla - Make'em Nv [Instrumental],0.090176
Doyle Dykes - Caleb's Report,0.089726
Sharon Jones & The Dap-Kings - Be Easy,0.089135
Gladys Knight & The Pips - Best Thing That Ever Happened To Me,0.089087
Pepe Aguilar - Perdoname,0.088861
Peter Mulvey - Bloomington,0.088845
Tony Bennett - The Best Man,0.088634
Dave Barker - Don't Let The Sun Catch You Crying,0.088397
The Beatles - No Reply,0.087661
The Royal Guardsmen - Snoopy Vs. The Red Baron,0.087604
Antonio Carlos Jobim - Amor Em Paz (Once I Loved),0.08711
The Rivieras - Count Every Star,0.08681
Josh White - Uncle Sam Says,0.086517
John Prine - Everything Is Cool,0.086502
The Rolling Stones - Street Fighting Man,0.086405
Rissi Palmer - Hold On To Me,0.086151
Angelo - Save The Music,0.085623
Furry Lewis - Falling Down Blues,0.085591
Jim Jackson - Bye. Bye. Policeman,0.085117
Tony Bennett - Steppin' Out With My Baby,0.08446
Wumpscut - Rusty Nails From Hell,0.084327
Clancy Eccles - Sweet Jamaica,0.084324
The Jam - Don't Tell Them You're Sane,0.084023
Junior Brown - Broke Down South Of Dallas,0.083827
Jackson 5 - Dancing Machine,0.083728
The National - Slow Show,0.083237
Sam Bush - Girl Of The North Country (live),0.083137
"Dittersdorf. Karl Ditters von - Sinfonia In D Major. (""Il Combatiimento Delle Passioni Umani""). Grave D16",0.082914
Marvin Gaye - What's Going On,0.082535
Lee Ann Womack (Holiday) - Baby It's Cold Outside (feat. Harry Connick. Jr.),0.082427
Tommy Johnson - Cool Drink Of Water Blues,0.082249
Corona - Rythym Of The Night,0.082242
Suffocation - Reincremation,0.081779
The Wallflowers - 6th Ave Heartache,0.081298
Lester Young - Jump. Lester. Jump,0.080904
Liquid Mind - Lullaby For Grownups,0.080888
William Clarke - Five Card Hand,0.08085
Eddie Boyd - Best I Could,0.080505
The Cars - My Best Friends Girl,0.080209
Gilberto Gil - Mancada,0.079559
The New Colony Six - I Lie Awake,0.079198
Alc (A Lo Cubano) - Vanilla Y Chocolate,0.07899
Toots & The Maytals - Monkey Man,0.078925
Al Stewart - Broadway Hotel,0.078756
The Cambridge Singers & Orchestra (Holiday) - Good Christian Men. Rejoice,0.078665
Kathleen Edwards - Oh Canada,0.078504
Jackson 5 - Oh How Happy,0.077841
Tex Ritter - I've Found A New Baby (Instrumental),0.077833
Chayanne - Dejaria Todo,0.077479
Hugo Montenegro & His Orchestra - Theme From A Fistful Of Dollars,0.077326
Bill Monroe - Molly & Tenbrooks,0.077312
R. Kelly - Half On A Baby,0.077031
The Cambridge Singers & Orchestra (Holiday) - 'Twas In The Moon Of Winter Time,0.076979
Junior Brown - My Wife Thinks Your Dead,0.076843
The Sons Of The West - Panhandle Shuffle,0.076777
The Soul Survivors - Hey Gyp,0.076772
Avril Lavigne - Keep Holding On,0.076343
Band Of Horses - No One's Gonna Love You,0.076318
Toots Thielemans & Elis Regina - Aquarela Do Brasil,0.076239
Hazel Dickens & Alice Gerrard - I Just Got Wise,0.075932
The Cotton Pickers - Hot Lips,0.075856
Doc & Merle Watson - Gambler's Yodel,0.07564
Ryan Montbleau Band - Stretch,0.07563
Stevie Wonder - Ribbon In The Sky,0.074763
Black Lips - Boone,0.07445
Los Lobos - Shakin' Shakin' Shakes,0.074066
Various Artists? 50 Most Loved Christmas Carols (Holiday) - Lo. How A Rose E'er Blooming,0.074038
Parts & Labor - The Gold We're Digging,0.07372
Dave Biller & Jeremy Wakefield - Martian Guts,0.073693
Dan The Automator - Sleep,0.073543
The Beatles - Let It Be,0.073499
James P. Johnson - What Is This Thing Called Love,0.073452
Laura Pausini - Viveme,0.073332
Whitney Houston (Holiday) - Do You Hear What I Hear?,0.072983
Downhere - Feels Like Winter,0.07296
Pavement - Baptist Blacktick,0.072901
Rihanna - Hate That I Love You,0.072687
Chayanne - Un Siglo Sin Ti,0.072187
Dan Gibson - The Fallen Leaves,0.071467
Tex Atchison - Tennessee Hound Dog,0.071248
The Monkees - Look Out (Here Comes Tomorrow),0.07109
Junior Brown - Highway Patrol,0.070973
Bunny Berigan - The Buzzard,0.070875
Michelle Branch - Everywhere,0.070736
The Seldom Scene - Maybe You Will Change Your Mind,0.070522
The League - Hey Conductor,0.070458
Creed - Higher,0.070369
Ralph Stanley & The Clinch Mountain Boys - Pretty Polly,0.070366
The Monkees - The Monkees,0.070358
4 Haven Knights - In My Lonely Room,0.070302
Dean Martin - Everybody Loves Somebody,0.070291
Tommy Johnson - Maggie Campbell,0.070256
Neil Young - Ohio,0.07024
Waylon Jennings - Theme From The Dukes Of Hazzard,0.070036
Lefty Frizzell - Saginaw. Michigan,0.069874
Ralph Stanley & The Clinch Mountain Boys - Calling My Children Home,0.069478
Bobo Thomas - Catfish Blues,0.069267
Gleisberg - Indian Garden,0.069145
Unwound - Laugh Track,0.068722
Lynyrd Skynyrd - Sweet Home Alabama,0.068672
John Danley - Atlas Bone,0.068654
Josh White - Bonbons. Chocolate. And Chewing Gum,0.067957
Rogue Wave - Nourishment Nation,0.067914
Public Enemy - Public Enemy No. 1,0.067866
Ella Fitzgerald - Darn That Dream,0.067789
Boccherini. Luigi - Symphony In D Minor. G. 522 (Op. 45),0.067656
Glen Gray & The Casa Loma Orchestra - Who's Sorry Now?,0.067552
Lester Young - Six Cats And A Prince (Master Take),0.067525
Richard Hell & The Voidoids - Love Comes In Spurts,0.067415
Raina Rose - Evergreen House. 2nd Floor,0.067386
Peter & Gordon (60s) - A World Without Love,0.067348
Dan Crary - Reuben,0.067343
Stephen Kellogg & The Sixers - A Cabin In The Woods,0.067315
Architecture In Helsinki - Spring 2008,0.0673
Angelo Debarre Et Ludovic Beier - Passion (En Duo),0.067074
Waylon Jennings - Clyde,0.066779
The Five Blind Boys Of Mississippi - Where He Leads Me,0.06666
Tim Bluhm - California Way,0.065909
Ned Luberecki - Emergency Pulloff,0.065689
Antonio Carlos Jobim - Insensatez (How Insensitive),0.065654
Garfield Akers - Cottonfield Blues Part 1,0.065324
Doctor Ross - Tailor Made,0.065268
Lucy Kaplansky - Written On The Back Of His Hand,0.06518
Antonio Vivaldi (Holiday) - Gloria In D Major. Et In Terra Pax,0.065159
Don Ross - First Ride,0.065064
Antonio Aguilar - Triste Recuerdo,0.064644
Luis Miguel - La Incondicional,0.0646
Rilo Kiley - A Man ? Me ? Then Jim,0.064405
Antonio Carlos Jobim - Vivo Sonhando,0.064311
Bing Crosby - I Don't Know Why (live),0.063827
Maria Bethania & Gal Gosta - Sonho Meu,0.063405
The Association - Windy,0.063354
Adele - Melt My Heart To Stone,0.063207
XTC - The Rhythm (Live),0.063129
The Beatles - Baby You're A Rich Man,0.063033
The Beatles - Two Of Us,0.062548
The Beatles - When I Get Home,0.062321
Albert King - Can't You See What You're Doing To Me,0.062225
Descendents - Suburban Home,0.062203
Junior Brown - Lookin' For Love,0.062132
Traffic - Pearly Queen,0.062056
The Smokin' Joe Kubek Band - Comin' Home Today,0.062033
The Manhattans - Kiss And Say Goodbye,0.062005
Jack Jones - Somewhere My Love,0.061722
Fastball - Are You Ready For The Fallout?,0.06165
Justin Hinds & The Dominoes - Carry Go Bring Come (Rocksteady),0.061582
Al Stewart - Year Of The Cat,0.061456
Chayanne - Atado A Tu Amor,0.061334
Waylon Jennings - T For Texas (Blue Yodel No. 1) (live),0.061305
Lindsay Lohan - Black Hole,0.061228
Red - Wasting Time,0.06109
Matthew West - Get Away,0.060712
The Beatles - Something,0.060563
Cornel Campbell - Screwface,0.060558
The Business - Drinking And Driving,0.060465
AC?DC - Shot Down In Flames,0.060442
Marvin Gaye - You're A Wonderful One,0.060283
Fugazi - Suggestion,0.060276
Wes Montgomery - If I Should Lose You (Take 2-Alternate),0.060111
Balearic Bill - Destination Sunshine,0.059868
Sex Pistols - Problems,0.059737
Dave Swarbrick - Two Magicians,0.059695
Bessie Smith (Holiday) - At The Christmas Ball,0.059578
Social Distortion - Cold Feelings,0.059377
The Verve - Blue (USA Mix),0.059361
Toots & The Maytals - Still Is Still Moving To Me (feat. Willie Nelson),0.059094
The Offspring - Can't Repeat,0.058853
Lazy Lester - Gonna Stick To You Baby,0.058474
Pete Fountain - High Society,0.058338
Ryan Montbleau Band - Honeymoon Eyes,0.058254
Huracanes Del Norte - Nomas Por Tu Culpa,0.058182
Sam Bush - Harbor Docks,0.057941
Dan Crary - Lime Rock,0.057936
The Cambridge Singers & Orchestra (Holiday) - Angels We Have Heard On High,0.057908
Ella Fitzgerald - A Fine Romance,0.057723
Krum Bums - Misery,0.057317
Celia Cruz & Tito Puente - La Plena Bomba Me Llama,0.057184
The Paul Butterfield Blues Band - Piney Brown Blues,0.056985
The Bird And The Bee - The Races,0.056701
The Allman Brothers Band - Long Time Gone,0.05663
The Blakes - Streets,0.056432
Catie Curtis - Fall Away,0.056152
Wes Montgomery - Watch What Happens,0.056141
Holly Cole - Christmas Blues,0.056056
Boyce. William - Ode For St. Cecilia's Day,0.056046
The Aggrolites - Mr. Misery,0.055839
Jerry Jeff Walker - Gettin' By (Live),0.055727
Andrae Crouch - Soon And Very Soon,0.055548
Social Distortion - Bad Luck,0.055333
Hillsong & Delirious? - I Could Sing Of Your Love Forever,0.055152
Cat Stevens - Wild World,0.055129
Daddy Yankee - Cuentame,0.054882
Los Lobos - Let's Say Goodnight,0.054747
Tokyo Police Club - Be Good,0.054682
Joseph Arthur - Favorite Girl,0.054633
The Jam - In The City,0.054615
Explosions In The Sky - A Slow Dance,0.054399
The Crests - Angels Listened In,0.05432
Van Morrison - Gloria (Performed By Them),0.054233
Mike Dowling - Mean Old Frisco,0.054179
The Jam - Man In The Corner Shop,0.054175
Skid Row - 18 And Life,0.053862
The National - Green Gloves,0.05368
Ziggy Marley - Friend,0.053662
Reuben Morgan - Hear Our Praises,0.053475
The Heavenly Music Association - Alain,0.05346
Los Rieleros Del Norte - Fue Mentira,0.053254
Port O'Brien - Anchor,0.053025
Your Vegas - Troubled Times,0.052987
The National - Fake Empire (Live),0.052325
Lowell Fulson - Guitar Shuffle,0.052281
Don Ross - Berkley Springs,0.051837
Billy Preston - Outa-Space,0.051732
Raekwon - Ice Cream,0.051503
Alison Krauss - When You Say Nothing At All,0.051397
The Ray Conniff Singers (Holiday) - Santa Claus Is Coming To town,0.051364
Phil Wickham - Jesus Lord Of Heaven,0.051357
James Cotton - Blues For Jacklyn,0.051328
Ella Fitzgerald & Louis Armstrong - Stars Fell On Alabama,0.051227
Pee Wee Hunt & His Orchestra - Charleston,0.051194
Furry Lewis - Mistreatin' Mama,0.051108
Kokomo Arnold - Milk Cow Blues,0.051101
Skid Row - I Remember You,0.05095
Willie Banks - God's Goodness,0.050721
Sky Saxon - Love Dog,0.050627
Flatfoot 56 - Brotherhood,0.05049
Tokyo Police Club - In A Cave,0.050451
Little Walter - Blue Baby Hard Times,0.050249
Shadows Of Knight - I'll Make You Sorry,0.050234
Men Of Steel - In Flagrante (Live),0.05008
Winters - Mark My Word,0.049834
Enanitos Verdes - Lamento Boliviano,0.049729
Loreena McKennitt (Holiday) - The Stockford Carol,0.049719
Anointed - Mighty Long Way,0.049496
Cornel Campbell - Concrete Jungle,0.049308
Guns N' Roses - Patience,0.048774
Tim O'Brien - Johnny Don't Get Drunk ? Rye Straw,0.048766
The Dirty Projectors - Rise Above,0.048753
The Animals - See See Rider,0.048659
Luis Miguel - Hasta Que Me Olvides,0.048628
Deepak Chopra & Adam Plack - Valentine To Tagore,0.048369
James P. Johnson - I've Got A Feeling I'm Falling,0.048206
Chubby Checker - Let' Stwist Again,0.048161
Lowell Fulson - Reconsider Baby,0.048032
Khachaturian. Aram - Masquerada. Suite From The Incidental Music For Orchestra (or Piano),0.047975
Flyleaf - All Around Me,0.047959
Otis Spann - Rock Me Mama,0.047905
Josh White - Trouble,0.04782
C.J. Chenier & The Rod Hot Louisiana Band - Bad Luck,0.047691
Naama Hillman - Falling,0.047681
Verdi. Giuseppe - Requiem Mass. For Soloists. Chorus & Orchestra (Manzoni Requiem),0.047512
Alter Bridge - Before Tomorrow Comes,0.047037
The Christmas Jug Band (Holiday) - Boogie Woogie Santa Claus,0.047017
Fugazi - Polish,0.046952
Waco Brothers - Missing Link,0.046565
Clint Mansell & Kronos Quartet - Lux Aeterna,0.046414
Dean Martin - Ain't That A Kick In The Head,0.046352
Josh White - New Milk Cow Blues,0.046114
Paul Baloche - Your Name,0.046062
Little Milton - Penitentiary Blues,0.046037
Dan Crary - Hot Pursuit,0.046026
Sex Pistols - New York,0.046025
Shinedown - Burning Bright,0.045926
Staind - Right Here,0.045789
Kate Nash - Habanera,0.045744
Gene Ammons - My Romance,0.045727
Chayanne - Y Tu Te Vas,0.04569
Lyle Lovett - North Dakota,0.045389
AC?DC - Who Made Who,0.045346
Lazy Lester - I'm Gonna Miss You (Like The Devil),0.045012
Enanitos Verdes - Tu Carcel,0.044721
The Essex - Easier Said Than Done,0.044676
Marvin Gaye - I'll Be Doggone,0.04467
Couperin. Francois - L'Espagnole (La Visionnaire). For 2 Violins & Continuo (Les Nations),0.044514
Sharon Jones & The Dap-Kings - Let Them Knock,0.044504
Natasha Bedingfield - Pocketful Of Sunshine,0.044401
Trey Anastasio - Sleep Again,0.044333
Smokie Norful - I Understand,0.043946
Lou Blackburn - I Cover The Waterfront,0.043868
Scorpions - Still Loving You,0.043867
The Animals - I Put A Spell On You,0.043828
The Youth Choir Of Saint-Francois De Versailles (Holiday) - Guillo Take Your Tambourine,0.043787
Lowell Fulson - Everyday I Have The Blues,0.043762
Ronnie Earl & Duke Robillard - Lookin For Trouble,0.043663
Your Vegas - It Makes My Heart Break,0.043542
Jo Dee Messina - Lesson In Leavin',0.043497
Antonio Aguilar - Mi Ranchito,0.043258
Alison Krauss - Everytime You Say Goodbye,0.043233
Kate Nash - Pumpkin Soup,0.042922
Beres Hammond - Rock Away,0.042889
Earthless - Cherry Red,0.042764
Jay Reatard - Turning Blue,0.042561
Verdi. Giuseppe - La Forza Del Destino. Opera,0.04253
Boccherini. Luigi - Symphony In D Major. G. 503 (Op. 12?1),0.04239
Sarah McLachlan - Hold On (Live),0.042359
Robert Johnson - I'm A Steady Rollin' Man,0.041902
The Animals - Don't Bring Me Down,0.041869
Ella Fitzgerald & Louis Armstrong - Love Is Here To Stay,0.041848
Ella Fitzgerald - My Man,0.041782
Krum Bums - Fall,0.041703
Tristeza - Abrazo Distante,0.041355
Bryan Lee - Just Like A Fish,0.041208
The Cambridge Singers & Orchestra (Holiday) - O Little One Sweet,0.041031
Yellowman - Build A Roof Over Your Head,0.041007
Boccherini. Luigi - Symphony In A Major. G. 498 (Op. 21?6),0.04086
Rachmaninov. Sergey - Preludes (13) For Piano. Op. 32,0.040837
Passion - Awesome Is The Lord Most High,0.040639
Orchestral Manoeuvres In The Dark - If You Leave,0.040576
Los Checkmates - I Think We're Alone Now,0.04055
Don Ross - Blue Bear,0.040388
Antonio Carlos Jobim - Tide,0.040373
Spyro Gyra - Summer Fling,0.040359
La Sonora Dinamita - A Mover La Colita,0.040162
The Black Angels - You On The Run,0.040114
Otis Spann - Home To Mississippi,0.039961
Filter - The Only Way (Is The Wrong Way),0.039954
Mary Chapin Carpenter - Right Now,0.039866
Jr. Walker & The All Stars - Cleo's Mood,0.039853
The Rolling Stones - 19th Nervous Breakdown,0.039713
Dan Crary - The Fermoy Lass. The Man Of The House,0.039708
Sarah McLachlan - I Love You,0.039624
Fiorillo. Federigo - Concerto For Violin & Orchestra No 1 In F,0.039611
Lyle Lovett - That's Right (You're Not From Texas),0.039579
The Five Blind Boys Of Mississippi - Thank The Lord I'm Singing Again,0.03956
Butch Engle & The Styx - Hey I'm Lost,0.039512
)EIB( - Forgotten,0.039439
Wumpscut - Opening The Gates Of Hell,0.03934
Nitty Gritty Dirt Band - Togary Mountain,0.039168
Jay Reatard - We Who Wait,0.039009
Jim Henry+Brooks Williams - Angie,0.038852
Lifehouse - First Time,0.038849
Rilo Kiley - Breakin' Up,0.03881
Cat Stevens - Don't Be Shy,0.038745
Joey Ramone - Like A Drug I Never Did Before,0.038726
Scorpions - No One Like You,0.038686
Ella Fitzgerald - I Don't Want To Take A Chance,0.038653
The Beatles - Maxwell's Silver Hammer,0.038606
Will Bradley & His Orchestra - When You And I Were Young. Maggie,0.038479
Gaither Vocal Band - Swing Down Chariot,0.037757
Eric Clapton & Duane Allman - Mean Old World,0.037714
Verdi. Giuseppe - La Traviata. Opera,0.03764
Converge - For You (Live),0.037516
Foo Fighters - Low,0.037124
The Cars - Since You're Gone,0.036994
Coles Whalen - The Hand That Gives The Rose,0.036878
Laurie Z. - The Mysterious Painter,0.036853
The Beatles - I Feel Fine,0.036771
Traffic - Smiling Phases,0.036524
O-Shen - Tropically Fine,0.036518
Robert Johnson - Walkin' Blues,0.036496
Passion - No One Like You ? David Crowder Band,0.036493
Trey Anastasio - Come As Melody,0.0364
Couperin. Francois - In Lectulo Meo,0.036378
Johnny Maestro & The Crests - Angels Listened In,0.036355
The Four Aces - Mister Sandman,0.035996
John Tesh - Key Of Love (live),0.035933
Crosby. Stills. Nash & Young - Woodstock,0.035911
Teddy Wilson - I've Got A Crush On You,0.035878
Fred Hammond - Celebrate (He Lives),0.035807
Tex Beneke - I Know,0.035786
The Coup - Wear Clean Draws,0.035668
"Dittersdorf. Karl Ditters von - Sinfonia In A Major. (""Sinfonia Nazionale Nel Gusto Di Cinque Nazioni""). Grave A10",0.035528
Chuck Berry (Holiday) - Run Rudolph Run,0.035443
Jim Taylor - Little Rose Is Gone. Billy In The Lowground,0.035327
New York Dolls - Mystery Girls (Planet Studios Demo),0.035245
Nitty Gritty Dirt Band - I Saw The Light,0.035152
Peggy Lee & Art Lund (Holiday) - Winter Weather,0.03508
Foghat - Night Shift,0.034962
Kidz In The Hall - The Pledge,0.034949
Ben Jelen - Where Do We Go,0.034848
Adele - Hometown Glory,0.03482
George Michael - Father Figure,0.034697
Retrosic - Desperate Youth,0.034657
Converge - Homewrecker,0.034633
Jake Schepps - Bluff's Collar,0.034557
"Dittersdorf. Karl Ditters von - Symphony After Ovid's ""Metamorphoses"" No. 1 In C Major (""Die Vier Weltalter"")",0.034545
Dean Martin - Mr. Wonderful (Live),0.034416
Tokyo Police Club - Graves,0.034397
Dan Crary - Senso Unico,0.034385
Dire Straits - Walk Of Life,0.034306
Duran Duran - Ordinary World,0.0343
Otis Spann - I'm Ready,0.034214
Boccherini. Luigi - Symphony In E Flat Major. G. 513 (Op. 35?5),0.034192
Los Rieleros Del Norte - Me Quieres Matar De Celos,0.034161
Lucky Thompson - Jeep's Blues,0.033884
Ascend - The Obelisk Of Kolob,0.033753
KMFDM - Don't Blow Your Top,0.033455
Liz Story (Holiday) - O Thou Joyful Day - O Little Town of Bethlehem,0.033335
A Teens - S.O.S,0.033276
Pete Robbins - Screwgun,0.033271
Dittersdorf. Karl Ditters von - Divertimento Fur Violine. Viola Und Violoncello D Major,0.033238
Donnie McClurkin - We Fall Down (Live),0.033125
John Danley - Whispering Blue,0.03308
Sodom - Procession To Golgotha,0.032928
Port O'Brien - I Won't Look Back,0.032884
Doc Watson - Banks Of The Ohio (Live),0.032775
"Boccherini. Luigi - Symphony In D Minor (""La Casa Del Diavolo""). G. 506 (Op. 12?4)",0.032749
The Pharcyde - Runnin',0.032685
Antonio Carlos Jobim - Agua De Beber,0.032666
Daddy Yankee - Gasolina,0.032589
Dredg - Sang Real (Live),0.032536
The Rolling Stones - Start Me Up,0.03248
Say Anything - Surgically Removing The Tracking Device,0.032478
AC?DC - For Those About To Rock (We Salute You),0.032436
AC?DC - Have A Drink On Me,0.032397
Ella Fitzgerald & Louis Armstrong - Cheek To Cheek,0.032276
The Jackson Southernaires - I Need You To Hold My Hand,0.031984
Dan Crary - Amsterdance,0.031963
Sonny Rollins - Manhattan,0.031943
Gyptian - Take Me Higher,0.031913
Dan Crary - Reedie's Blues,0.031889
Stevie Wonder - Higher Ground,0.031846
Skid Row - Big Guns,0.031759
Lazy Lester - Nothing But The Devil,0.031636
Boccherini. Luigi - Cello Concerto In E Flat Major. G. 474,0.031569
Louis Armstrong (Holiday) - Christmas Night In Harlem,0.031502
Marvin Gaye - Mercy Mercy Me,0.031357
Alison Krauss - Don't Follow Me,0.031302
Port O'Brien - Tree Bones,0.031275
Christmas Cookies (Holiday) - White Christmas,0.031231
Lazy Lester - A Woman,0.031089
Spyro Gyra - Believe,0.030979
Jackson 5 - I Want You Back,0.030936
Robert Johnson - Traveling Riverside Blues,0.03087
Boyce. William - Trio Sonata No. 6 In B Flat Major,0.030752
Creative Music Services Musicians (Holiday) - O Christmas Tree,0.030731
Guns N' Roses - Live And Let Die,0.030729
Raveonettes (Holiday) - The Christmas Song,0.030712
Toquinho & Paulinho Da Viola - Tarde Em Itapoa (live),0.030604
Nick Drake - Here Come The Blues,0.03031
David Grisman & Tony Rice - O Solo Mio,0.030305
Dire Straits - Sultans Of Swing,0.030266
Boccherini. Luigi - Symphony In E Flat Major. G. 510 (Op. 35?2),0.030214
Dan Deacon - Trippy Green Skull,0.030202
Deepak Chopra & Adam Plack - Serenity,0.030073
Secret Machines - Lightning Blue Eyes,0.030025
Sharon Jones & The Dap-Kings - 100 Days. 100 Nights,0.029876
Robert Cray - Nothin' But A Woman,0.029864
Larry Carlton - Layla,0.029837
Loquat - Slow Fast Wait & See,0.02973
Phil Collins - Another Day In Paradise (Live),0.029656
Les Brown And His Band Of Renown - The Sweetheart Of Sigma Chi,0.029588
Antonio Carlos Jobim - The Girl From Ipanema,0.029528
Cab Calloway - Limehouse Blues,0.0295
Black Lips - O Katrina!,0.02945
Dan Gibson - Adventureous Spirit,0.029393
Augustus Pablo - Black Gunn,0.029308
The Mission UK - Love Me To Death,0.029241
Foo Fighters - No Way Back,0.029198
AC?DC - Back In Black,0.029178
Johnny Adams - Not Trustworthy (A Lyin' Woman),0.029009
B.B. King & John Popper (Holiday) - Back Door Santa,0.028962
Joe Diffie - White Lightning,0.028912
Flyleaf - Sorrow,0.028909
The Troggs - Wild Thing,0.02888
Jesse Harris - Morning In A Strange City (Cafe),0.028774
BBC Big Band Orchestra - I'm Getting Sentimental Over You,0.02874
Liquid Mind - My Orchid Spirit,0.028691
Fergie - Big Girls Don't Cry,0.028679
Hank Williams Jr. - All My Rowdy Friends Are Coming Over Tonight,0.028651
Little Feat - Oh Atlanta,0.028646
Augustus Pablo - East Africa,0.02854
AC?DC - Rock And Roll Ain't Noise Pollution,0.028535
Ruben Studdard - Goin' Up Yonder,0.028482
Guns N' Roses - Knockin' On Heaven's Door,0.028458
Outkast - Ms. Jackson,0.028336
Keith Sweat (Holiday) - It's Christmas Again,0.028311
The Sword - Celestial Crown,0.02829
AC?DC - Moneytalks,0.028052
Seu Jorge - Rebel Rebel,0.027945
Willie Nix - Prison Bound Blues,0.02781
Stars Of The Lid - A Meaningful Moment Through A Meaning(Less) Process,0.027703
Boccherini. Luigi - Symphony In B Flat Major. G. 497 (Op. 21?5),0.027645
Black Lips - Veni Vidi Vici,0.027635
Chick Corea Elektric Band - Lifescape,0.027595
Ratt - You Should Know By Now,0.027537
John Danley - Hickory,0.027532
Verdi. Giuseppe - Il Trovatore. Opera,0.027529
Hilltop Hoods - The Soul Of The Beat,0.027477
James P. Johnson - Keepin' Out Of Mischief Now,0.027469
Jim Henry+Brooks Williams - Gender Bender,0.027402
Sheryl Crow (Holiday) - Run Rudolph Run,0.027351
Joey Ramone - What A Wonderful World,0.027334
Toots & The Maytals - 54-56 Was My Number,0.027086
David Grisman & Tony Rice - Grandfather's Clock,0.027028
Boccherini. Luigi - Symphony In D Major. G. 496 (Op. 21?4),0.026983
Raekwon - Verbal Intercourse,0.026941
Scorpions - Rock You Like A Hurricane,0.026921
Alter Bridge - One By One,0.026919
Doc Watson - Eastbound Train (Live),0.026851
Boccherini. Luigi - Quintet For Guitar & Strings In E Minor. G. 451 (arrangement Piano Quintet. G. 407),0.02684
Marvin Sapp - Perfect Peace,0.026724
Toots & The Maytals - Pressure Drop,0.026679
Phil Collins - You'll Be In My Heart,0.026645
Preston Reed - Tractor Pull,0.026614
Tommy Jarrell - The Drunken Hiccups,0.026535
Seu Jorge - O Samba Tai,0.026413
Peter White - What Does It Take To Win Your Love,0.026407
Butch Thompson (Holiday) - Ave Maria,0.026386
El Lebrijano - Presidiarios Con Sus Caenas,0.026355
BBC Big Band Orchestra - On The Sunny Side Of The Street,0.026221
Augustus Pablo - Maka,0.026207
Lee Ritenour & Larry Carlton - Crosstown Kids,0.026136
Don Ross - Klimbim,0.025836
Marvin Gaye - I Want You,0.025822
Fastball - 'Til I Get It Right,0.025748
Lazy Lester - My Home Is A Prison,0.0257
Luis Miguel - Ahora Te Puedes Marchar (I Only Want To Be With You),0.02564
Pete Fountain - The Darktown Strutters' Ball,0.025543
Tomasa La Macanita - Yo Soy De Jerez (Bulerias De Cai),0.025464
Louis Armstrong (Holiday) - Winter Wonderland (Mono Recording),0.025462
Willie Colon & Ruben Blades - Ojos,0.025348
Fats Waller (Holiday) - Winter Weather,0.025189
Cher - Gypsys. Tramps & Thieves,0.025104
Verdi. Giuseppe - Falstaff. Opera,0.025037
Big Al Carson (Holiday) - Santa Claus Is Comin' To Town,0.024965
The High Violets - Sun Baby,0.024903
Labelle - Lady Marmalade,0.024901
Eric Harringer & John Paul Lacey - Whispering Winds,0.024878
Kenny G - The Way You Look Tonight,0.024838
An Albatross - Death Rides A Brown Horse,0.024772
Gyptian - My Fadah Seh,0.024763
David Massengill - Shamas Rides,0.024711
AC?DC - Dirty Deeds Done Dirt Cheap,0.024679
Christina Aguilera (Holiday) - This Christmas,0.024669
Boccherini. Luigi - Sonata for cello & continuo in G major. G. 5 (Six Sonatas No. 3),0.024573
Strauss. Richard - Salome. opera. Op. 54 (TrV 215),0.024543
Strauss. Richard - Der Rosenkavalier. Opera. Op. 59 (TrV 227),0.024538
Simple Plan (Holiday) - My Christmas List,0.024404
Flip Phillips - Dream A Little Dream Of Me,0.024242
Tokyo Police Club - Citizens Of Tomorrow,0.024205
AC?DC - Thunderstruck,0.024186
Toots & The Maytals - Schooldays,0.024168
Tommy Emmanuel - The Hunt,0.024096
Boccherini. Luigi - Cello Concerto In D Major. G. 483 (Op. 34),0.024033
Soda Stereo - Ella Uso Mi Cabeza Como Un Revolver,0.024014
Harry Connick. Jr. - It Had To Be You,0.023989
Boccherini. Luigi - Symphony In D Major. G. 509 (Op. 35?1),0.023745
Schumann. Robert - Romances (3) for piano. Op. 28,0.02364
Lowell Fulson - I'm A Night Owl (Part 2),0.023583
N.W.A. - Real Niggaz Don't Die,0.02347
The Dirty Projectors - On The Beach,0.023416
Lutan Fyah - No More Suffering,0.023407
Toots & The Maytals - Never You Change (Reggae Version),0.023307
Carlton Pearson - We've Come This Far By Faith,0.023195
Sonny Rollins - 'Round Midnight,0.02316
The Warlocks - Gypsy Nightmare,0.023137
Larry Carlton - Roll With It,0.023088
Rogue Wave - Endgame,0.023043
Doc Watson - Walk On Boy,0.023042
Ray Charles & The Count Basie Orchestra - I Can't Stop Loving You,0.022945
Filter - Hey Man Nice Shot,0.022839
Dan Crary - Cape Foulweather,0.022795
Van Morrison - Domino,0.022715
Sharon Jones & The Dap-Kings - Nobody's Baby,0.022677
Blind Blake - Depression's Gone From Me Blues,0.022541
Dean Martin - On The Street Where You Live,0.022418
Franco De Vita - Como Decirte No,0.022335
Trebol Clan. Hector & Joan - Gata Fiera,0.022275
Liquid Mind - In The Stillness,0.022275
Doc Watson - Billy In The Low Ground (Live),0.022275
Ian Van Dahl - Castles In The Sky,0.022273
Orchestral Manoeuvres In The Dark - Dreaming,0.022262
Everton Blender - It's My Time,0.022152
Boccherini. Luigi - Symphony In C Major. G. 505 (Op. 12?3),0.022106
Lee Ann Womack (Holiday) - Let It Snow & Winter Wonderland,0.022022
Delroy Wilson - It's The Same Old Song,0.021953
? And The Mysterians - Can't Get Enough Of You Baby,0.02194
R.L. Burnside - When My First Wife Left Me,0.021917
Augustus Pablo - Give Praise (Norris Reid),0.021828
James Brown - Cold Sweat (Part 1),0.021808
Rogue Wave - Ghost,0.021793
Antonio Carlos Jobim - Children's Games,0.021792
Harry Connick. Jr. - I Could Write A Book,0.021775
Goodie Mob - Soul Food,0.021774
Tom Rush - Mole's Moan,0.02155
Lauryn Hill - Can't Take My Eyes Off Of You,0.021533
The Roots - You Got Me,0.021515
Boccherini. Luigi - Symphony In C Major. G. 495 (Op. 21?3),0.021503
Delroy Wilson - I Can't Help Myself,0.021405
Seal - Love's Divine (Live),0.021391
Marky Ramone - Rockaway Beach,0.021386
Skafish (Holiday) - Jingle Bells,0.021293
Drive-By Truckers - Sink Hole,0.021181
The Paul Butterfield Blues Band - Help Me,0.021064
Dj Alibi - Eglinton West Blues,0.021021
la sonora dinamita ? la sonora tropicana - Mi Cucu,0.020988
Doc Watson - Spike Driver Blues,0.020968
The Beatles - All You Need Is Love,0.02089
Roger - I Want To Be Your Man,0.020848
AC?DC - Dirty Deeds Done Dirt Cheap (Live),0.020822
Hooverphonic - 2Wicky,0.020733
Robert Johnson - I Believe I'll Dust My Broom,0.020722
Deuter - Earthlight,0.02068
Whitney Houston (Holiday) - Joy To The World,0.020671
Nitty Gritty Dirt Band - Fish Song,0.020566
Broken Social Scene - Fire Eye'd Boy,0.020557
Boccherini. Luigi - Cello Concerto In D Major. G. 476,0.020514
Rogue Wave - Perfect,0.020465
Public Enemy - Rebel Without A Pause,0.020338
Junior Brown - Freeborn Man,0.020337
Daryl Coley - I Will Bless Your Name,0.020261
Teddy Wilson - In The Mood,0.020259
Tipica 73 - Cachita,0.020239
Donnie McClurkin - Again,0.020199
Bunny Berigan - Sobbin' Blues,0.020106
Boyce. William - Trio Sonata No. 4 In G Minor,0.020027
Hillsong - God He Reigns ? All I Need Is You (Live),0.020021
Turn Me On Dead Man - 67 Dreams,0.019991
Boyz II Men (Holiday) - Let It Snow,0.01997
Katalyst - Time Bomb,0.019965
Ella Fitzgerald - Desafinado (Slightly Out Of Tune),0.019919
Sarah McLachlan - Train Wreck,0.019903
The Pharcyde - Groupie Therapy (Instrumental),0.019879
Chopin. Fryderyk - Waltzes (3) for piano. Op. 70. CT. 217-219,0.019815
G. Love & Special Sauce - Love,0.019814
AC?DC - Highway To Hell,0.019788
Kitty Kallen - Little Things Mean A Lot,0.019739
RJD2 - Things Go Better,0.019676
Cal Tjader - Mambo In Miami,0.019665
Mildred Bailey (Holiday) - I've Got My Love To Keep Me Warm (feat. Red Norvo),0.019602
Roomful Of Blues (Holiday) - Have Yourself A Merry Little Christmas,0.019554
2Pac (Tupac) - Keep Ya Head Up,0.01955
Teddy Wilson - Flyin' Home,0.019459
Goodie Mob - The Day After,0.019448
Provision - Visualize,0.019438
Foghat - Ride. Ride. Ride,0.019407
Ratt - Lay It Down,0.019335
Brodsky Quartet - I've Seen It All,0.019279
Robin Thicke - Complicated,0.019209
Yuri Buenaventura - Salsa,0.019173
Sons And Daughters - Johnny Cash,0.019157
Jim Henry+Brooks Williams - Malted Milk,0.019143
Adele - Right As Rain,0.019114
Fugazi - Merchandise,0.019078
Groove Coverage - The End,0.01898
Finger Eleven - Lost My Way,0.018878
Fugazi - Reprovisional,0.018863
Jean-Luc Ponty - Still In Love,0.018845
Josh White - Jesus Gonna Make Up My Dying Bed,0.018775
Ella Fitzgerald - It's Only A Paper Moon,0.018742
Passion - All Creatures Of Our God And King,0.01872
Cat Stevens - Moonshadow (Live),0.018675
Serena Ryder - Coconut Grove,0.018519
Stevie Wonder - I Wish (Live),0.018454
The David Grisman Quintet - Cedar Hill (live),0.018269
The Beatles - Day Tripper,0.018268
Sonny Rollins - On A Slow Boat To China,0.018233
Yolanda Kondonassis (Holiday) - Bring A Torch. Jeannette. Isabella,0.018215
Junior Brown - I Hung It Up,0.018186
Bing Crosby - When You Wore A Tulip (live),0.01814
John Renbourn - Trotto ? Saltarello,0.01814
Furry Lewis - Why Don't You Come Home Blues,0.01813
Sharon Jones & The Dap-Kings - How Long Do I Have To Wait For You?,0.018046
Kim Wilson - High & Lonesome (live),0.018044
Del Tha Funkee Homosapien - Jaw Gymnastics (feat. Casual),0.018032
XTC - Roads Girdle The Globe,0.017977
Fugazi - Target,0.017947
The Mark Inside - Carousel,0.017915
Brian Culbertson - Say What? (feat. Steve Cole),0.017818
David Grisman & Tony Rice - Banks Of The Ohio,0.01772
Passion - Here I Am To Worship,0.017672
Ziggy Marley - Drive,0.017661
Doc Watson - Jimmy's Texas Blues (Live),0.017658
AC?DC - Hells Bells,0.017633
Antonio Carlos Jobim - Por Toda Minha Vida,0.017585
AC?DC - For Those About To Rock,0.017583
Lester Young - Prisoner Of Love,0.017547
Phil Wickham - Spirit Fall,0.017501
The Smokin' Joe Kubek Band - Mean Old World,0.017439
Georges Street - The Tartar Frigate,0.017356
John McEuen - Ryan William's Arrival In America,0.017348
Lauryn Hill - Doo Wop (That Thing),0.017338
Sean Hayes - Rattlesnake Charm (Dream Machine),0.017326
Magik Markers - Body Rot,0.017275
Victor Manuelle - Como Una Estrella,0.017183
Peaches & Herb - Shake Your Groove Thing,0.017139
Robin Guthrie & Harold Budd - Childhood Lost,0.017124
Jim Henry+Brooks Williams - On The Rollin' Sea,0.017092
Sonny Rollins - Ev'ry Time We Say Goodbye,0.017066
Dave & Ansel Collins - Nuclear Weapon,0.01705
Victor Manuelle - Sin Querer Queriendo,0.017025
Poppa Hop & His Orchestra (Holiday) - Merry Christmas Darling,0.017003
Chopin. Fryderyk - Nocturnes (3) for piano. Op. 15. CT. 111-113,0.016993
Finger Eleven - Stay And Drown,0.016866
Styx - Renegade,0.016835
Outkast - The Way You Move,0.016823
Sharon Jones & The Dap-Kings - Cut That Line,0.016796
Band Of Horses - Our Swords,0.016783
Chuck Loeb - Fundamentally Sound,0.016771
David Bowie - Ashes To Ashes,0.016736
Rihanna - Break It Off,0.016682
James Brown - Soul Power,0.016663
Cherubini. Luigi - Requiem No.2. For Male Chorus & Orchestra In D Minor,0.016656
Lowell Fulson - No More. Pt. 1,0.016626
The Beatles - Within You Without You,0.01659
Bill Connors - It Be FM,0.016577
Tommy Emmanuel - Endless Road,0.016554
Alter Bridge - Open Your Eyes,0.01654
Elefante - El Abandonao,0.016533
Kumbia Altarz - Chiquilla,0.016522
Prince - Little Red Corvette,0.01648
Alison Krauss - Foolish Heart,0.016479
The Pharcyde - Ya Mama (Instrumental),0.016429
Young Jeezy - Soul Survivor,0.016297
Tokyo Police Club - Juno,0.016264
Ratt - Slip Of The Lip,0.016207
Pamela Williams - Elixir,0.016167
Charanga La Tapa - Vamono's Pa'l Monte,0.016096
Brian Eno - Zawinul ? Lava,0.016041
Jack Jones - Autumn Leaves,0.015997
Tito - Caile,0.015938
Jerry Douglas?Russ Barenberg?Edgar Meyer - Big Bug Shuffle,0.015911
Morricone. Ennio - Sergio Leone Suite,0.015895
Van Morrison - Tupelo Honey,0.015887
Slim Harpo - Tip On In. Part 1,0.015879
Sam Bush - Ozzie & Max,0.015731
Cal Tjader - Stardust,0.015717
Doc Watson - Little Orphan Girl (Live),0.015677
Jars Of Clay (Holiday) - I Heard The Bells On Christmas Day,0.015673
Scorpions - Don't Stop At The Top,0.015664
Donnie McClurkin - Church Medley,0.015644
Bob Brookmeyer - Skylark,0.015603
Al Stewart - On The Border,0.015553
Benny Carter - Long Ago And Far Away,0.0155
Public Enemy - Fight The Power,0.015458
Gordon Bok - Jericho,0.0154
Marvin Gaye - Let's Get It On,0.015367
Shudder To Think - Own Me,0.015333
As One - In The Arms Of You,0.015327
Charles Wright & The Watts 103rd Street Rhythm Band - Express Yourself,0.015228
Lowell Fulson - Western Union Blues,0.01519
Tony Bennett - She's Funny That Way,0.015187
Broken Social Scene - Our Faces Split The Coast In Half,0.015149
John Butler Trio - Funky Tonight,0.014949
Dire Straits - Once Upon A Time In The West,0.014945
Stevie Wonder - For Once In My Life,0.014917
Scorpions - Big City Nights,0.014909
Boccherini. Luigi - Cello Concerto In A Major. G. 475,0.014869
Jimmy Dorsey - Begin The Beguine,0.014862
Sam Bush - Same Ol' River (live),0.014811
Grandmaster Flash & The Furious Five - Scorpio,0.014795
Delroy Wilson - Pretty Girl,0.014751
RJD2 - All For You,0.014623
Furry Lewis - Big Chief Blues,0.014533
Converge - Distance And Meaning,0.014469
Dan Crary - Lady's Fantasy,0.014358
The Adverts - Safety In Numbers (Live),0.014328
Marcus Johnson - Just Doing What I Do,0.014309
Reuben Morgan - My Redeemer Lives,0.014303
Smokie Norful - Celebrate,0.014293
Imogen Heap - The Walk,0.01427
Dennis Alcapone & Prince Jazzbo - Lorna Banana,0.014268
Kate Havnevik - Sleepless,0.014242
Parts & Labor - Long Way Down,0.014216
Korn - Blind,0.014211
Guitar Shorty - Loosen Up,0.0142
John Danley - Lorianne,0.01415
Breather Resist - Long Nights. Short Fuses,0.014129
Botch - Japan (live),0.014118
Sevendust - Enemy,0.01409
Jerry Bergonzi - Outhouse,0.014043
Donnie McClurkin - He's Calling You,0.013945
Al Di Meola - Black Pearls,0.013891
Guns N' Roses - Paradise City,0.013886
Wes Montgomery - Road Song,0.013859
Ian Van Dahl - Castle In The Sky,0.013834
Kenny Clarke's Sextet - Oblique,0.013776
Beck. Ignaz. Franz - Overture (Sinfonia) In G Major. Op. 1?5 (Callen 5),0.013732
Louis Armstrong (Holiday) - Winter Wonderland,0.013718
Duran Duran - Come Undone,0.013708
Antonio Carlos Jobim - Agua De Beber (Live),0.013699
Guns N' Roses - Sweet Child O' Mine,0.013673
Chubby Checker - Pony Time,0.013612
Sam Bush - Big Mon,0.013582
Hilary Stagg - Land Of Oz,0.013529
Marvin Sapp - Give Thanks,0.01344
Josh White - One For My Baby,0.013413
Worm Is Green - Army Of Them,0.013334
AC?DC - You Shook Me All Night Long,0.013312
The Dirty Projectors - Since I Opened,0.013308
Jake Schepps - In The American West? Rocky Ford,0.013279
Boccherini. Luigi - String Quartet In E Minor. G. 202 (Op. 32?2),0.013263
"Dittersdorf. Karl Ditters von - Symphony After Ovid's ""Metamorphoses"" No. 4 In F Major (""Die Rettung Der Andromeda Durch Perseus"")",0.013251
Leroy Carr - My Woman's Gone Wrong,0.013195
Skafish (Holiday) - O Come. O Come Emmanuel,0.013181
Sade - By Your Side,0.013157
Drive-By Truckers - The Day John Henry Died,0.013146
Bing Crosby - It's Been A Long. Long Time,0.013131
Del Tha Funkee Homosapien - If You Must,0.013066
Foghat - Drivin' Wheel,0.013031
Sevendust - Shine,0.013026
Furry Lewis - Furry's Rag (Take Your Time. Baby),0.012986
Korn - Make Me Bad,0.01291
Will Ackerman (Holiday) - Emmanuel,0.01284
Laurence Juber (Holiday) - Away In A Manger,0.012827
Rachmaninov. Sergey - Etudes-tableaux. For Piano. Op. 33,0.01281
Les Brown And His Band Of Renown - Moonlight In Vermont,0.012782
Brett Dennen - One Who Loves You The Most,0.012676
Al Stewart - Time Passages,0.012663
Skid Row - Youth Gone Wild,0.012633
Bond - Space,0.012623
K-Ci & JoJo - Crazy,0.012617
Broken Social Scene - Shampoo Suicide,0.012591
Doc Watson - Liitle Orphan Girl (Live),0.01251
Clifford Brown - Hymn Of The Orient,0.012478
Kidz In The Hall - Don't Stop,0.012463
Tommy Flanagan - While You Are Gone,0.012387
Broken Social Scene - Cause = Time,0.012376
War - Why Can't We Be Friends,0.012372
The Pharcyde - Passing Me By,0.012313
Gordon Bok - Sailor's Carol,0.012254
Will Smith - Gettin' Jiggy Wit It,0.012245
Mike Dowling - Ragged And Dirty,0.012224
Junior Brown - Freedome Machine,0.012159
Jennifer Haines (Holiday) - Cantique De Noel (O Holy Night),0.01214
Slim Harpo - You Can't Make It,0.012088
Tiamat - For Her Pleasure,0.012012
Cannonball Adderley - You' re A Weaver Of Dreams,0.011999
Ratt - You're In Trouble,0.011985
Ella Fitzgerald - These Foolish Things,0.011958
Janis Figure - Mechanical Bull,0.011953
Boccherini. Luigi - Symphony In A Major. G. 508 (Op. 12?6),0.011936
Ohio Players - Fire,0.011927
Victor Manuelle - Tengo,0.011812
Skafish (Holiday) - Joy To The World,0.011806
Preston Reed - Ladies Night,0.011803
"Lucky Thompson - Take The ""A"" Train",0.011799
Guns N' Roses - November Rain,0.011781
Ruben Studdard - Fix it. Jesus (feat. Harvey Watkins Jr.),0.011742
Black Lips - Burried Alive,0.011692
Dan Crary - Tom & Jerry,0.011636
David Grisman & Tony Rice - Morning Sun,0.011629
Ella Fitzgerald & Louis Armstrong - A Foggy Day,0.01158
AC?DC - What Do You Do For Money Honey,0.011576
John Scofield - Beep Beep,0.011448
Joe Jackson - Baby Stick Around,0.011436
Nas - The Message,0.011388
The Jackson Southernaires - Lead Me,0.011384
Eddie Fisher (Holiday) - My Favorite Things,0.011383
John Hammond - Little Rain Falling,0.011333
Chick Corea Elektric Band - Passage,0.011322
Mudvayne - Fall Into Sleep,0.011319
Ian Van Dahl - Inspiration,0.011259
Dan Crary (Holiday) - What Child Is This (USA),0.011225
AC?DC - It's A Long Way To The Top (If You Wanna Rock 'n' Roll),0.011225
Brother Ali - Uncle Sam Goddamn,0.011196
Kidz In The Hall - Wassup Jo',0.011184
Tetsu Inoue - Mini Moon,0.011109
The Dukes Of Dixieland - Sunrise. Sunset,0.011097
See You Next Tuesday - Forever On Deaf Ears,0.011067
!!! (Chk Chk Chk) - All My Heroes Are Wierdos,0.01103
George Acosta - Tranzy State Of Mind (Club Mix),0.010963
Flyleaf - I'm So Sick,0.010951
Dire Straits - So Far Away,0.010944
Adele - Best For Last,0.010916
Marvin Gaye - Got To Give It Up. Part 1 ( Live),0.010897
Botch - Liquored Up And Laid,0.010883
Daddy Yankee - Rompe,0.010875
Boccherini. Luigi - Quintet For Guitar & Strings In D Minor. G. 445 (arrangement Of Piano Quintet. G. 416),0.010869
Del Tha Funkee Homosapien - Phoney Phranchise,0.010836
Boccherini. Luigi - Quintet For Guitar & Strings In G Major. G. 450 (Arrangement Of Quintet For Flute And Strings. G. 531 & String Quartet. G. 240),0.010819
ABORTED - Clinical Colostomy,0.010801
Justin Hinds & The Dominoes - Over The River,0.010795
Harold Melvin & The Blue Notes - Don't Leave Me This Way,0.010774
The Commodores - Lady (You Bring Me Up),0.010762
The Five Blind Boys Of Alabama - Let Me Hear My Mother Pray Again,0.010736
Lester Young - Foggy Day (Live At Birdland),0.010693
Faure. Gabriel - Sonata For Cello & Piano No. 2 In G Minor. Op. 117,0.010684
Lords Of The Underground - Funky Child,0.010658
The Commodores - Easy,0.010645
Strauss. Richard - Eine Alpensinfonie (An Alpine Symphony) For Orchestra. Op. 64 (TrV 233),0.010642
Jarabe De Palo - Agua,0.01058
At The Gates - Blinded By Fear,0.010567
Boccherini. Luigi - Cello Concerto In C Major. G. 573,0.010541
Furry Lewis - Goin' To Kansas City,0.010526
Generation J - Jesus Loves Me Medley,0.010517
Furry Lewis - Baby You Don't Want Me,0.010494
David Grisman & Tony Rice - Swing '42,0.010455
Marvin Gaye - Got To Give It Up,0.010419
Bill Haley & His Comets - Shake. Rattle And Roll,0.010406
Nas - Nas Is Like,0.010344
Leroy Carr - Sloppy Drunk Blues,0.010342
Christmas Cookies (Holiday) - The Christmas Song,0.010334
Boccherini. Luigi - Symphony In C Minor. G. 519 (Op. 41),0.010332
Johannes Linstead - Cielo Azul,0.010271
Soda Stereo - Sueles Dejarme Solo,0.010269
Teddy Wilson - Mean To Me,0.010268
Behemoth - Slaves Shall Serve,0.010222
Dead Confederate - Shadow The Walls,0.010189
John Zorn - Zhakor,0.010184
Rihanna - Umbrella,0.010134
Boyce. William - Trio Sonata No. 9 In C Major,0.010132
Brand New - Okay I Believe You. But My Tommy Gun Don't,0.010129
Kenny Loggins - Danger Zone,0.010085
Avril Lavigne - Sk8er Boi,0.010061
Lismore - Tremolo,0.010059
DJ Muggs Vs GZA - Unstoppable Threats (Instrumental),0.010041
Antonio Carlos Jobim - O Grande Amor,0.010036
Sonicflood - I Could Sing Of Your Love Forever,0.00998
AC?DC - Who Made Who (Live),0.009975
Gospel Four - It's Just A Matter Of Time,0.009947
Danny Gatton & Tom Principato - I'm On Fire (Live),0.009938
Liquid Mind - Balance,0.009917
Talib Kweli - I Try,0.009914
DJ Khaled - We Takin' Over,0.009891
Butch Thompson (Holiday) - We Three Kings,0.009884
John Scofield - Boozer,0.009855
David Wilcox - Common As The Rain,0.009847
Underworld - Born Slippy,0.009798
Finger Eleven - First Time,0.009787
The Bronx - Cobra Lucha,0.009773
Wreckless Eric - Whole Wide World,0.00973
Gladys Knight & The Pips - I Heard It Through The Grapevine,0.009724
Mar-Keys - Pop-Eye Rider,0.009697
The Allman Brothers Band - Can't Take It With You,0.009615
Johannes Linstead - La Rumbita,0.009583
David Grisman & Tony Rice - I Am A Pilgrim,0.009571
Willie Colon & Ruben Blades - Pedro Navaja,0.009567
Fred McDowell - Write Me A Few Of Your Lines,0.009541
Jean-Luc Ponty - Eulogy To Oscar Romero,0.009409
Pichl. Vaclav - Symphony In C Major. Z21,0.009398
The Handshake Murders - New Enemy,0.009391
Stevie Wonder - Superstition,0.009366
Guardian - Power Of Love,0.009352
Boz Scaggs - It All Went Down The Drain (Live),0.009321
Corciolli - Work (Water),0.009289
Men Of Steel - O'Carolan's Quarrel With The Landlady (Live),0.009266
Baguer. Carlos - Symphony No. 18 In B Flat Major,0.009223
Mixmaster Mike - Bazooka Kanyon,0.009189
Branford Marsalis - Swingin' At The Haven,0.009186
Gnarls Barkley - Crazy,0.009159
Rise Against - The Good Left Undone,0.009134
James Brown - Hot Pants. PT.1,0.009095
Mice Parade - Circle None,0.009062
Sugarloaf - Green-Eyed Lady,0.008946
Ani DiFranco - Little Plastic Castle (Live 1.25.04),0.008908
Fergie - Glamorous,0.008899
No Age - I Wanna Sleep,0.008852
The Gene Harris Quartet - The Song Is Ended,0.008835
David Grisman & Tony Rice - The Prisoner's Waltz,0.00883
Boccherini. Luigi - Symphony In D Major. G. 520 (Op. 42),0.008821
Mahalia Jackson - Trouble Of The World,0.008809
Kai Winding - Impulse,0.008807
Sonny Rollins - Paradox,0.008803
Benny Page - Neck Breaker,0.008787
Kidz In The Hall - Ritalin,0.008783
Wumpscut - Fear In Your Eyes,0.008771
Milt Jackson - Enigma,0.00877
The Crests - Sixteen Candles,0.008762
Al Di Meola - Tangata De Alba,0.008757
DJ Drama & Lil' Wayne - Get 'Em,0.008757
John Scofield - Drop And Roll,0.008756
Kai Winding - Trombone For Two,0.008748
Kidz In The Hall - Dumb*ss Tales,0.008738
Don Carlos & Golo - Tear Drops,0.008736
2Pac (Tupac) - How Do U Want It,0.00873
Lou Blackburn - Secret Love,0.008716
Stars Of The Lid - Broken Harbors? Part 1,0.008685
Take 6 - Come On,0.008655
The Mars Volta - Roulette Dares (The Haunt Of),0.008609
John R. Burr - For The Asking,0.008606
ABORTED - Ingenuity In Genocide,0.008571
Laurence Juber (Holiday) - Prelude & Silent Night,0.008551
Empirical Labs - Turtle Beach (Original Mix),0.008524
Boccherini. Luigi - Cello Concerto In C Major. G. 477,0.008514
Black Sheep - The Choice Is Yours (Album Version),0.008473
Chubby Checker - Limbo Rock,0.00847
Outkast - The Whole World,0.008449
Nine Inch Nails - The Only Time,0.008419
Pete Fountain - While We Danced At The Mardi Gras,0.008375
Rev Theory - Hell Yeah,0.008359
Rhianna (Holiday) - It Just Don't Feel Like Xmas (Without You),0.008338
Alexander O'Neal (Holiday) - The Christmas Song (Chestnuts Roasting On An Open Fire),0.008295
Robert Johnson - Last Fair Deal Gone Down,0.008264
Christina Aguilera (Holiday) - Have Yourself A Merry Little Christmas,0.008252
Funck. David - Suite In D,0.008236
Deuter - Coral Gardens,0.008163
Jimmy Somerville - To Love Somebody,0.008159
Beres Hammond? Flourgon - Bounce,0.00814
Maynard Ferguson - Everybody Moan,0.008131
Light This City - Exile,0.008071
Jeff Lorber - Chopsticks,0.00807
Dead Confederate - Tortured Artist Saint,0.00807
Rosetti. Antonio - Symphony In G Major. A 40?K 1 No 22,0.008042
Jon Schmidt - Solace,0.008034
Public Enemy - Don't Believe The Hype,0.008031
The Bronx - False Alarm,0.008017
Booker Ervin - Lynn's Tune,0.008003
Sam Bush - Mr. Freddie,0.008002
Compulsion - Rapejacket,0.00797
Z-Ro - Keep On (Chopped & Screwed),0.007937
Kaskade - Move For Me,0.007925
"Eddie ""Lockjaw"" Davis - Trane Whistle",0.007901
Patrick Lundy - That's Who He Is (Live),0.00786
Devil Sold His Soul - Between Two Words,0.007845
Kalmah - Withering Away,0.007804
Faure. Gabriel - Sonata For Cello & Piano No. 1 In D Minor. Op. 109,0.007749
Assemblage 23 - Damaged,0.007722
Fosforito - Nunca Te He Mendtido (Bulerias De Cadiz),0.007682
Marvin Gaye - How Sweet It Is (To Be Loved By You),0.007679
Sever Your Ties - Hand In Hand,0.007654
Patra - Romantic Call,0.00764
Arrested Development - Mr. Wendal,0.007587
Nas - Represent,0.007577
Dan Crary - On The Fritz,0.007576
Mojo Nixon and the Toadliquors (Holiday) - Boogie Woogie Santa Claus,0.007567
Pee Wee Hunt & His Orchestra - Twelfth Street Rag,0.007563
Jake Schepps - Origami,0.00755
Nine Inch Nails - Kinda I Want To,0.007527
Rosetti. Antonio - Symphony In D Major. A 12?K 1 No 12,0.00752
Alter Bridge - Buried Alive,0.007512
Tommy Emmanuel - One Mint Julep,0.007484
Lone Ranger - Collie Rock,0.007459
Tommy Emmanuel - Windy & Warm,0.007423
The Kingsmen - Louie Louie,0.007422
Furry Lewis - This Time Tomorrow,0.007391
Sonicflood - I Want To Know You (In The Secret),0.007367
Cal Tjader - Sambo Do Suenho,0.007364
Foghat - Dreamer,0.007318
Liquid Mind - Thought Museum,0.007239
Tony Bennett - What A Wonderful World,0.007231
Bonerama - Funky Miracle,0.00717
Justifide - Pointing Fingers,0.007162
HH - Planetary,0.00716
Guardian - Sister Wisdom,0.007143
Deuter - Marfa Lights 2,0.007119
George Acosta - Another Way (Club Mix),0.007112
J-Dilla - Crushin' [Instrumental],0.007111
Steve Winwood - While You See A Chance,0.00709
Klute - I'll Do Anything (You Want Me To),0.007022
The Pointer Sisters - Jump,0.007019
George Acosta - Precious,0.007016
Dean Martin - Memories Are Made Of This,0.006999
The Allman Brothers Band - Little Martha,0.006929
Broken Social Scene - Stars And Sons,0.006916
Fireball Ministry - In The Mourning,0.006908
Zion - Zun Da Da,0.006876
Paul Oakenfold - Time Of Your Life (feat. Perry Farrell),0.006868
Broken Social Scene - 7?4 (Shoreline),0.006827
Christina Aguilera (Holiday) - The Christmas Song,0.006812
Lorie Line - Faith Of Our Fathers,0.006796
George Michael - Faith,0.006735
The Beatles - A Day In The Life,0.006734
Soulfly - Babylon,0.006702
Midnight Star - No Parking,0.006699
Wolfmother - Colossal,0.006641
XTC - Chalkhills And Children,0.006589
Al Di Meola - Milonga Del Angel,0.006588
Eric Harringer & John Paul Lacey - Morning Sun,0.006572
Diego El Cigala - Amar Y Vivir,0.006569
Boccherini. Luigi - String Quartet In D Major. G. 165 (Op. 8?1),0.006497
David Darling - Lady Child's Dream,0.006493
Chick Corea Elektric Band - Beneath The Mask,0.006491
Lindsay Lohan - Rumors,0.006487
Albert King - I'll Play The Blues For You (Live),0.006405
Liquid Mind - Breathe In Me,0.006397
Gordon Bok - Herring Croon,0.006394
Guns N' Roses - Chinese Democracy,0.006256
The Beatles - A Day In The Life (Love Version),0.006253
Robbie Seay Band - Love Wins,0.006215
Cherubini. Luigi - Symphony In D Major,0.0062
John Scofield - A Go Go,0.006198
Del Tha Funkee Homosapien - Burnt (feat. The Hyrogliphics),0.00618
Lisa Loeb (Holiday) - Jingle Bells,0.006159
George Acosta - Save Me (Push Remix),0.006108
J-Dilla - Take Notice,0.006103
La Sonora Dinamita - La Cortina,0.006092
Bill Haley & His Comets - (We're Gonna) Rock Around The Clock,0.006073
Classified Project - Resurrection (Original),0.006064
Ani DiFranco - As Is (Live 11.16.03),0.006056
Chris Bocast - Quantum Entanglement,0.006036
Euge Groove - Get Em Goin',0.006008
Plastic Little - Hola Plastique,0.005955
The Duskfall - Trust Is Overrated,0.005922
Justifide - Escape,0.005885
Chopin. Fryderyk - Etudes (12) for piano. Op. 25. CT. 26-37,0.005872
Scorpions - New Generation,0.005833
Sonny Rollins - Striver's Row (Live),0.005813
Prince - Controversy,0.005804
Rachmaninov. Sergey - Preludes (10) For Piano. Op. 23,0.005798
Otis Spann - Mule Kicking In My Stall,0.005791
Glen Brown - Wicked Tumbling Version,0.005764
Nas - Street Dreams,0.005748
Nas - Got Ur Self A...,0.005727
Jazzy Jeff & The Fresh Prince - Summertime '98 (SoulPower Remix),0.00571
RJD2 - Get It,0.005701
George Acosta - The Storm,0.005676
Boccherini. Luigi - String Quartet In G Minor. G. 205 (Op. 32?5),0.005668
Heritage Hall Jazz Band (Holiday) - Silver Bells,0.005655
Milt Jackson - These Foolish Things,0.005641
Katalyst - Break Up,0.005581
Decal - Some Kind Of Random,0.005579
Couperin. Francois - Ignitum Eloquium Tuum. Motet Verset For 2 Sopranos. 2 Violins & Continuo (4 Versets D'un Motet),0.005577
George Michael - Fastlove (Forthright Edit),0.005554
Sarah McLachlan - Homeless,0.005532
Marvin Gaye - Sexual healing,0.005505
"Boccherini. Luigi - Quintet For Guitar & Strings In D Major (""Fandango""). G. 448 (Arrangement Of String Quintets. G. 270 & 341)",0.005478
Public Enemy - Can't Truss It,0.005451
John Jacob Niles (Holiday) - Jesus. Jesus. Rest Your Head,0.005446
Robin Bullock - Rigler's March-Rex's Rambles,0.005439
Kit McClure Band - One O'clock Jump,0.005431
Don Ross - Give Me Seven Reasons,0.005393
The Gene Harris Quartet - Sweet And Lovely,0.005353
Boieldieu. Francois-Adrien - Concerto For Harp & Orchestra In C. Op.77,0.005318
Beres Hammond - Who Say (feat. Buju Banton),0.005312
Rihanna - Pon De Replay,0.005286
Jackson 5 - Abc,0.005236
Dimmu Borgir - Allegiance,0.005224
Nine Inch Nails - Slipping Away,0.005218
Maynard Ferguson - The Wailing Boat (Live),0.005211
Sound Providers - Autumn's Evening Breeze,0.005201
Lorie Line - I Surrender All,0.005201
Guardian - Let It Roll,0.005199
Converge - You Fail Me,0.005184
Toots & The Maytals - Funky Kingston,0.005166
Lauryn Hill - Ex-Factor,0.005157
Christopher Lawrence - Hot Rod,0.005142
Verdi. Giuseppe - Luisa Miller. Opera,0.005135
Endre - Kallocain (Robert Nickson Remix),0.005127
FC Kahuna - Machine Says Yes,0.005115
Jackie Wilson - Lonely Teardrops,0.005098
Project 86 - Something We Can't Be,0.005091
Milt Jackson - The Song Is Ended,0.005082
Nine Inch Nails - Heresy,0.005079
Ben Webster - Someone To Watch Over Me,0.005075
Rachmaninov. Sergey - Moments Musicaux (6) For Piano. Op. 16,0.005008
AC?DC - Problem Child,0.004974
Teddy Wilson - King Porter Stomp,0.004965
Binary Finary - 1999,0.004948
Eric Harringer & John Paul Lacey - Romance,0.004947
Kai Winding - Doodlin',0.004944
Donnie McClurkin - Yes You Can,0.004935
Redman - Tonights Da Night,0.004879
David Grisman & Tony Rice - Song For Two Pamelas,0.004877
Little Milton - My Back Scratcher,0.004866
James Brown - Funky President,0.004861
Paul Horn - Now Hear This,0.004853
Leftfield - Swords,0.004847
Toshiko Akiyoshi - 52nd St. Theme,0.00483
Boccherini. Luigi - Minuet in A major. arrangements (after String Quintet in E major. Op.11?5 [aka Op. 13?5]. G. 275),0.004805
In Flames - The Hive,0.004779
DJ Drama & Lil' Wayne - Gettin' Some Head,0.004763
Gouryella - Walhalla,0.004727
Freddie Jackson - You Are My Lady,0.004707
Verdi. Giuseppe - Sacred Pieces (4). For Chorus & Orchestra (Quattro Pezzi Sacri),0.004705
Allure - Rejected,0.00466
Beau Jocque & The Zydeco Hi-Rollers - Chere Mignonne (Dear Cute One),0.004644
Roni Size & Reprazent - Brown Paper Bag (Roni Size Full Rap Remix),0.004604
Christopher Lawrence - October's Child,0.004601
Eric Harringer & John Paul Lacey - Nature's Way,0.004599
Roberto Roena - El Pueblo Pide Que Toque,0.004568
Shalamar - Make That Move,0.004558
Outkast - So Fresh. So Clean,0.004549
Butch Thompson (Holiday) - God Rest Ye Merry Gentlemen,0.004544
God-Des - Debate,0.00452
Rihanna - Shut Up And Drive,0.004502
James Brown - Get Up Offa That Thing  (Ali Dee Remix),0.004497
Entombed - Full Of Hell,0.004491
Frank Cornelius - Brick House,0.004485
Beres Hammond? Flourgon - Feel Like,0.004471
Anthony Wonsey Trio - Just You. Just Me,0.004467
Michael Burns - The Ambience,0.004464
Justin Timberlake - What Goes Around...?...Comes Around (Interlude),0.004459
L.T.D. - Back In Love Again,0.00445
Brother Ali - Blah Blah Blah (feat. Slug),0.004419
DJ Khaled - Out Here Grindin',0.004406
Baguer. Carlos - Symphony No. 13 In E Flat Major,0.004404
Prince - Let's Work,0.004304
Arrested Development - Tennessee,0.004295
Diego El Cigala - Ana. Dolores Y Aurora,0.004283
Nine Inch Nails - Big Man With A Gun,0.004283
Nas - Ether,0.004255
Marky Ramone - Blitzkrieg Bop,0.004253
Margot Meets The Melody Maker - Torch (Extrawelt Remix),0.004226
Anita Ward - Ring My Bell,0.004203
Stars Of The Lid - Gasfarming,0.004173
Rosetti. Antonio - Symphony In F Major. A 33?K 1 No 24,0.004156
Nice & Smooth - Sometimes I Rhyme Slow,0.004149
Mumbles - Prema's Dilema,0.004138
Gotan Project - Vuelvo Al Sur,0.00413
Powder (Holiday) - Christmas Don't be Late (Chipmunk Song),0.004099
Pete Fountain - Someday Sweetheart,0.004096
2Pac (Tupac) - Against All Odds,0.004079
Kruger Brothers - Up18north,0.004074
Willa Ford - I Wanna Be Bad,0.004001
Daddy Yankee - Machucando,0.003986
Boccherini. Luigi - Symphony In B Flat Major. G. 493 (Op. 21?1),0.003958
Mendelssohn. Fanny - String Quartet In E Flat Major,0.003946
Filter - Welcome To The Fold,0.003929
Laurence Juber (Holiday) - God Rest Ye Merry Gentlemen,0.003923
Palmgren. Selim - May Night. For Piano,0.003912
"Boccherini. Luigi - Quintet For Guitar & Strings In C Major (""La Ritirada Di Madrid""). G. 453 (arrangement Of Piano Quintet. G. 409)",0.00391
Lorie Line - Norwegian Wood,0.003902
Say Hi To Your Mom - Blah Blah Blah,0.003901
Steve Roach & Robert Rich - Going Inland,0.003843
LFO (Pop) - Summer Girls,0.003839
Rihanna - Don't Stop The Music,0.003826
The Rolling Stones - Complicated,0.003825
RJD2 - Solomon Jones,0.003815
Clifford Brown - Brownie Speaks,0.003796
Byron Cage - Breathe,0.00377
Jimmy Cliff - Look At The Mountains,0.003769
Mars Lasar - Untouchable,0.003719
Assemblage 23 - Opened,0.003716
Nate Dogg (Holiday) - Be Thankful,0.003707
Beck. Ignaz. Franz - Overture (Sinfonia) In G Minor. Op. 1?1 (Callen 1),0.00369
Eric Harringer & John Paul Lacey - Ageless,0.003646
Boccherini. Luigi - String Quartet In E Flat Major. G. 201 (Op. 32?1),0.003609
The Sword - Freya,0.003597
Baguer. Carlos - Symphony No. 16 In G Major,0.003582
Justin Timberlake - Like I Love You (feat. Clipse),0.003552
Lee Sykes - Lock Jaw,0.00353
Ben Webster - Tenderly,0.003508
The Commodores - Brick House,0.003466
Seba & Lo-Tec - So Long,0.003461
Buddy Bregman - Derek's Blues,0.003459
Butch Thompson (Holiday) - Silent Night,0.003452
Albert King - Born Under A Bad Sign (Live),0.003409
Conjure One - Extraordinary Way (Antillas Mix),0.003406
The Roots - Guns Are Drawn,0.003399
Boccherini. Luigi - Sonata for cello & continuo in C major. G. 17,0.003389
Milt Jackson - Little Girl Blue (Live),0.003383
Teddy Wilson - Easy To Love,0.00337
Ronan Hardiman - Celtic Dream,0.003323
Zion - Fantasma,0.003317
Michael Spence - Is This Love,0.003283
Cal Bennett - Whole Soul Stroll (Live),0.003277
Benny Carter - Laura,0.003248
Jose Zamora & Damian DP - Transatlantic (feat. Paleday),0.003206
Tim Sparks - Trap Hill Breakdown,0.003169
Critters Buggin - 5?4 F.T.D.,0.003161
Chopin. Fryderyk - Piano Sonata No. 3 in B minor. Op. 58. CT. 203,0.003156
Haden. Charlie. And Quartet West - Moonlight Serenade,0.003145
Young Jeezy - My Hood,0.003143
Fastball - Which Way To The Top,0.003092
Twilight 22 - Electric Kingdom,0.00309
Filter - Spent,0.003062
Schumann. Robert - String Quartet No. 2 in F major. Op. 41?2,0.00304
Covenant - Figurehead,0.003025
Our Brother The Native - We Are The Living,0.003017
C+C Music Factory - Things That Make You Go Hmmmm?..,0.003015
Furry Lewis - Long Tall Gal Blues,0.003014
Visionaries - Love (Hip-Hop),0.003007
Deep Purple - Smoke On The Water (Live 1973),0.00297
James Brown - Super Bad. PTS.1&2,0.002936
Junior Mance Trio - Smokey Blues (Live),0.002897
Lil Scrappy & Trillville - No Problem,0.002876
Laurence Juber (Holiday) - Good King Wenceslaus,0.00287
Take 6 - Sing A Song,0.002862
Deuter - Black Velvet Flirt,0.002857
Charlie Lincoln - Depot Blues,0.002848
Jazzy Jeff & The Fresh Prince - Summertime,0.00283
Seal - Wild,0.002829
Chopin. Fryderyk - Impromptu for piano in G flat major. Op. 51. CT. 45,0.002808
2Pac (Tupac) - Never Had A Friend Like Me,0.002797
Bonerama - Crosstown Traffic,0.002792
Eazy-E - Eazy-Er Said Than Dunn,0.002767
Prince - I Wanna Be Your Lover,0.00276
The Bamboos - Tighten Up,0.002751
Rockapella (Holiday) - Home For The Holidays,0.002749
RJD2 - Inhale (Remix),0.002738
Arrested Development - People Everyday (Reprise),0.002727
Corciolli - Friends (Sky),0.002722
Bill Evans & Jim Hall - I Hear A Rhapsody,0.0027
The Roots - Stay Cool,0.00269
Bonerama - Louie's Perch,0.002686
Robin Thicke - Lost Without U,0.002673
Del Tha Funkee Homosapien - Mistadobalina,0.002671
RJD2 - Ghostwriter (Remix),0.002667
Black Sheep - The Choice Is Yours (Revisited),0.002665
Chet Atkins & Les Paul - It Had To Be You,0.002658
Will Smith - Men In Black,0.002656
George Acosta - Silence (DJ Tiesto's In Search Of Sunrise Remix),0.002648
Digital Underground - Same Song,0.002603
John Danley - Dust For Sparrows,0.002601
Keith Oxman - Serenity,0.002599
Cherubini. Luigi - String Quartet No. 6 In A Minor,0.002596
Ziggy Marley - Be Free,0.002585
Iron Maiden Tribute Band - Run To The Hills,0.002575
Klute - Now Always Forever,0.00255
John Scofield - Rule Of Thumb,0.002534
Rosetti. Antonio - Symphony In C Major. A 9?K 1 No 21,0.00253
Melvin Taylor - Texas Flood,0.002528
Beres Hammond - Come Back Home,0.002506
Preston Reed - Love In The Old Country,0.002501
Deuter - Marfa Lights 1,0.002499
Brian Eno - Stars,0.002498
Prince - Kiss,0.002485
L.T.D. - Jam,0.002458
Klute - Oshima,0.002437
Frank Foster - John R. And Garfield,0.002434
Jazzy Jeff & The Fresh Prince - Parents Just Don't Understand,0.002399
The Time - Jungle Love,0.002396
Young Jeezy - And Then What,0.002395
Markus Reuter - The Increase Of Faith,0.002393
Grandmaster Flash & The Furious Five - Freedom,0.002389
David Wilcox - Language Of The Heart,0.002378
Sonny Rollins - On Green Dolphin Street,0.002373
Sonny Rollins - Like Someone In Love,0.002365
Jon Schmidt - Night Song,0.002359
Nachtmystium - Code Negative,0.002352
In Flames - Take This Life,0.002336
Nas - Get Down,0.002336
Dave Holland - Blue,0.002335
Chris Bocast - Hearts' Rest,0.00232
Lee Morgan - Sneaky Pete,0.002306
Thalia - Me Pones Sexy (I Want You) (feat. Fat Joe),0.002298
Gotan Project - El Capitalismo Foraneo,0.002297
The Grinder - Man Into Space,0.002293
Hilary Stagg - Spirit Dancers,0.002292
Boccherini. Luigi - String Quintet For 2 Violins. Viola & 2 Cellos In G Minor. G. 351 (Op. 42?4),0.00228
Lee Morgan Quintet - The Gigolo,0.002278
Digital Underground - The Humpty Dance,0.00226
Paul Oakenfold - Sex 'n' Money,0.002252
James Brown - Get Up Offa That Thing,0.002247
Milt Jackson - Sweet And Lovely,0.002238
Sade - Paradise,0.002235
System F - Out Of The Blue,0.002194
Dj Baby Anne & Jen Lasher - Fear2,0.002189
Justin Hinds & The Dominoes - Carry Go Bring Come (Ska Version),0.002179
Lo Fidelity Allstars - Battle Flag,0.002119
Mickey Hart & Zakir Hussain - Funky Zena,0.002117
Soda Stereo - Cuando Pase El Temblor,0.002097
Paul Oakenfold - Faster Kill Pussycat,0.002089
Groove Coverage - Runaway,0.001942
Paul Oakenfold - Amsterdam,0.001915
Brother Ali - Forest Whitiker,0.001914
Michael Burns - Into Nothing (Hamel's Last Time For 9 Mix),0.001908
Bonerama - Cabbage Alley,0.001903
Assemblage 23 - Longevity,0.001902
Bonerama - Ocean,0.001899
Roni Size & Reprazent - Mexican,0.001885
The Brand New Heavies - BNH,0.001882
Will Ackerman - If You Look,0.001876
Chopin. Fryderyk - Nocturnes (3) For Piano. Op. 9. Ct. 108-110,0.001838
The Roots - Love Of My Life (Live),0.00183
Boccherini. Luigi - String Quartet In D Major. G. 203 (Op. 32?3),0.001826
Pepe Bradock - Un Pepe Dans La Dentelle,0.001816
Bassnectar - Creation Lullabye,0.001807
Talib Kweli - Supreme Supreme,0.001784
Howard Roberts - Watermelon Man,0.001757
Mr. Scruff - Chipmunk,0.001755
The Pharcyde - Bullsh*t (Instrumental),0.001746
Robert Shaw Chorale (Holiday) - Carol Of The Bells ? Deck The Halls,0.001745
Funkadelic - One Nation Under A Groove,0.001745
Sourvein - Septic Werewolves,0.001731
Nine Inch Nails - No. You Don't,0.001714
Yellowman - Hold On To Your Woman,0.001695
Bonerama - Freddie,0.001689
Dittersdorf. Karl Ditters von - Concerto For Viola & Orchestra In F,0.001661
2Pac (Tupac) - All Eyez On Me,0.001657
Dittersdorf. Karl Ditters von - Concerto For Harp. 2 Oboes. 2 Horns & Stringorchestra In A Major,0.00165
Roni Size & Reprazent - Hi-Potent,0.001643
The Bird And The Bee - How Deep Is Your Love,0.001636
Vengaboys - We Like To Party!,0.001634
Teddy Wilson - Body And Soul,0.001623
James Cotton - Mighty Long Time,0.001617
Dan Deacon - Wooody Woodpecker,0.001615
Gnarls Barkley - Smiley Faces [Live On Later With Jools Holland],0.001588
Klute - Crosby,0.001576
Covenant - Dead Stars (Version),0.001567
Everton Blender - I Love Jah Jah,0.001559
Kenny G - G-Bop,0.001554
Cold Grits - It's Your Thing,0.001529
Sterling (Electronica) - Desperation,0.001503
Kaskade - Honesty,0.001497
Caia - Afterwards @ The Bar,0.001476
DJ Khaled - I'm So Hood,0.001446
Fairfield Four - How I Got Over,0.001442
Deuter - Empty Shore,0.001428
Chino Espinoza -Los Duenos Del Son - Hector Lavoe Medley,0.001409
Corciolli - Children (Lake),0.001395
"Mealli. Giovanni - Sonata For Violin & Continuo. Op. 3?6 (""La Sabbatina"")",0.001364
Chopin. Fryderyk - Nocturnes (2) for piano. Op. 48. CT. 120-121,0.001349
Dan The Automator - Champions (Instrumental),0.001341
Nine Inch Nails - Zero Sum (Stephen Morris & Gillian Gilbert Remix),0.001336
Tricky - Aftermath,0.001328
Faure. Gabriel - Piano Trio In D Minor. Op. 120,0.001303
Brian Eno - An Ending (Ascent),0.001301
Schumann. Robert - Cello Concerto in A minor. Op. 129,0.001289
Livin' Joy - Don't Stop Movin',0.001284
Roni Size & Reprazent - Snapshot,0.001279
Jimmy Forrest - By The River Sainte Marie,0.001247
Wumpscut - Golgotha,0.001196
Deuter - Sea And Silence,0.001186
Verdi. Giuseppe - Nabucco. Opera (Nabucodonosor),0.001184
Clifford Brown - Love Is A Many Splendored Thing,0.001169
Todd Collins (Holiday) - Angels We Have Heard On High,0.001158
Juno Reactor - Conga Fury (Animatrix Mix),0.001153
Corrina Repp - No One's Telling,0.001152
Vendredi 13 - Frequency 7,0.001151
Justin Timberlake - SexyBack,0.00115
Deuter - Earth Shadow,0.001146
Nine Inch Nails - Closer,0.001144
Steve Lacy - Alone Together,0.001133
Frank Sinatra & Bing Crosby (Holiday) - The Christmas Song ? White Christmas,0.001131
Rah - Wave,0.001128
Tim Track - Panic Voice,0.001127
Assemblage 23 - Cocoon,0.001124
Boccherini. Luigi - String Quartet in A major. G. 213 (Op. 39),0.001081
Mahler. Gustav - Symphony No. 10 In F Sharp Minor (realization By Deryck Cooke),0.001078
Grey Daturas - Hanging Man Is No Peacock,0.001064
Wes Montgomery - Full House (Live),0.001057
Dan The Automator - Lyrics To Go (Remix) (Instrumental),0.001055
Deuter - Buddha Nature,0.001044
Milt Jackson - Namesake,0.001021
The Roots - Don't Feel Right (Instrumental),0.00102
Craig Pilo - Early Cynical Mystery,0.000993
Sonny Rollins - A Nightingale Sang In Berkeley Square (Live),0.000983
Tommy Flanagan - Rough Ridin',0.000968
Lee Morgan - Hocus Pocus,0.000967
Down To The Bone - Cellar Funk,0.000955
Trentemoller - Prana,0.000923
2Pac (Tupac) - Death Around The Corner,0.000922
J-Dilla - Won't Do (Instrumental),0.000921
Yellowman - Weed Dem (feat. Beenie Man),0.000914
Cherubini. Luigi - Overtures,0.000902
Justin Timberlake - Rock Your Body,0.000895
Cedar Walton Trio - I Mean You,0.00088
As One - Contours,0.000876
Corciolli - Rain,0.000874
Joe Camilleri & Nicky Bomba - Better Must Come,0.000862
Children Of Bodom - Living Dead Beat,0.00086
Toots & The Maytals - Time Tough,0.000854
Whodini - One Love,0.000846
Albert King - Jam In A-Flat,0.000833
Foghat - Slow Ride,0.00082
Boccherini. Luigi - Cello Concerto In B Flat Major. G. 482,0.000818
!!! (Chk Chk Chk) - Hello? Is This Thing On,0.000816
The Orb - Once More (Bedrock Dub Mix),0.000804
Stevie Wonder - Do I Do,0.000797
Houston Person - Two Rb's,0.000789
Prince - Let's Work (Dance Mix),0.000779
Thou - I Was Ignored. And Judged. And Cast Down,0.000753
The Wiseguys - Ooh La La,0.000745
Tommy Flanagan Trio - Eclypso,0.000736
Schumann. Robert - Kreisleriana. 8 fantasies for piano. Op. 16,0.00071
Bob Baldwin - I Wanna Be Where You Are,0.000688
Dom & Roland - Dance All Night (Calyx remix),0.000685
"Berwald. Franz - Symphony No. 2 In D. ""Sinfonie Capricieuse""",0.000682
Various Artists? Songs Of December - Hailee's Moment,0.000674
Todd Collins (Holiday) - Hailee's Moment,0.000674
The Pharcyde - On The DL (Instrumental),0.000651
Stars Of The Lid - Even If You're Never Awake,0.000648
Novakill - Why Won't You Die!?!,0.000648
Jon Schmidt - Passages,0.00064
Sonny Rollins - There Are Such Things,0.000636
Liquid Mind - Gently Down,0.000634
Newcleus - Jam On It,0.000598
Kill Memory Crash - Riyout,0.000594
Clifford Brown - Donna Lee (live),0.000588
Wumpscut - Wir Warten,0.000574
Rachmaninov. Sergey - Symphonic Dances. for orchestra (or 2 pianos). Op. 45,0.000562
Digital Underground - Doowutchyalike,0.000553
Azzido Da Bass - Dooms Night,0.000537
Corciolli - Mikhael (Angel Of Divine Protection),0.000526
Lorie Line - Think Of Me,0.000525
Z-Ro - Mo City Don (Freestyle),0.000523
Sonorous - Pronotonic,0.00052
The Bird And The Bee - F*cking Boyfriend (Peaches Remix),0.000518
Katalyst - Dangerous,0.000507
Tranquility Base - Surrender,0.000502
The Pharcyde - Pharcyde (Instrumental),0.000487
Milt Jackson - Bags Of Blue (Live),0.000475
Sonny Rollins - St. Thomas,0.000474
Lynyrd Skynyrd - Free Bird (Live),0.000455
Liquid Mind - I Am Willing,0.000441
Faure. Gabriel - Impromptu for piano No. 3 in A flat major. Op. 34,0.00042
Daevid Allen - Untitled,0.000415
Prince - Kiss (Extended Version),0.000378
Rachmaninov. Sergey - Piano Concerto No. 2 In C Minor. Op. 18,0.000367
Loscil - Kursk,0.000348
Mickey Hart & Zakir Hussain - Dances With Wood,0.000341
Granite & Phunk - Knock You Over,0.000325
Liquid Mind - Moment Of Grace,0.000308
Midnight Star - Freak-A-Zoid,0.000283
!!! (Chk Chk Chk) - Me And Giuliani Down By The School Yard (A True Story),0.000276
Christopher Lawrence - Ride The Light,0.000265
The Pharcyde - On The DL,0.000248
Markus Reuter - Read Aloud In Cold Blood,0.000234
Starkillers - Discoteka (Austin Leeds & Terranova Remix),0.000226
Mickey Hart & Zakir Hussain - Tars,0.000212
Rachmaninov. Sergey - Piano Concerto No. 4 In G Minor. Op. 40,0.000209
Juno Reactor - Silver,0.000197
Sonny Rollins - Pent Up House,0.000165
The Roots - No Alibi,0.000164
Rachmaninov. Sergey - Symphony No. 1 in D minor. Op. 13 (lost; reconstructed from piano duets and orch. fragments),0.000157
Cannonball Adderley - Autumn Leaves,0.000155
Deuter - Yellow Mandala,0.000148
Dan The Automator - Bang The Ball (Instrumental),0.000146
Steve Roach & Robert Rich - Silk Ridge,0.000143
Silberbart - Head Tear Of The Drunken Sun,0.000141
Donald Byrd & Doug Watkins - If I Love Again,0.000133
Rachmaninov. Sergey - Piano Concerto No. 1 In F Sharp Minor. Op. 1,0.000122
Liquid Mind - My Silent Knowing,0.000103
Westbam - Elektronische Tanzmusik,0.000102
Jurgen Paape - Take That,0.000088
Sonny Rollins - Moritat (Mack The Knife),0.000083
Burning Witch - Sea Hag,0.000079
Vicious Circles - Vicious Circles (Ryan Blair Mix),0.000074
Rachmaninov. Sergey - Piano Concerto No. 3 In D Minor. Op. 30,0.000073
D - Nox & Beckers - Jet Lag Slave,0.000065
Outkast - I'll Call Before I Come (feat. Eco & Gangsta Boo),0.000064
Mahler. Gustav - Symphony No. 5 in C sharp minor,0.000059
Schumann. Robert - Piano Concerto in A minor. Op. 54,0.000057
Brian Eno - Neroli,0.000046
Rachmaninov. Sergey - Symphony No. 2 in E minor. Op. 27,0.000044
Roni Size & Reprazent - Down,0.000043
Robert Henke - Signal To Noise II,0.000038
Deuter - Nada Himalaya 2,0.000037
Stars Of The Lid - A Lovesong (For Cubs)+? Part 3,0.000035
Cedric Im Brooks - Emavungweni,0.000027
Corciolli - Forest Spirit,0.000024
Deuter - Waves Of Light,0.000023
Scratch - Square One (feat. Bilal),0.000021
Liquid Mind - Continuity,0.000009
Strauss. Richard - Macbeth. Tone Poem For Orchestra. Op. 23 (TrV 163),0.000007
Rachmaninov. Sergey - The Isle of the Dead. symphonic poem. Op. 29,0.000005
Rachmaninov. Sergey - Rhapsody On A Theme Of Paganini (Introduction And 24 Variations). In A Minor For Piano & Orchestra. Op. 43,0.000002
"Mahler. Gustav - Symphony No. 6 in A minor (""Tragic"")",0.000001
The Allman Brothers Band - Mountain Jam (Live),0
Liquid Mind - Zero Degrees Zero,0