song,festival
Liquid Mind - I Am Willing,0.900176
No Age - My Life's Alright Without You,0.763118
Tokyo Police Club - Juno,0.746604
Ascend - The Obelisk Of Kolob,0.742362
Band Of Horses - The Funeral,0.742355
Avril Lavigne - Nobody's Home,0.733859
Nine Inch Nails - Slipping Away,0.719161
Loudon Wainwright III - Grey In L.A.,0.718742
Project 86 - Something We Can't Be,0.717888
Wumpscut - Rusty Nails From Hell,0.710867
Kathleen Edwards - I Make The Dough. You Get The Glory,0.70619
Mary Lou Lord - Cold Kilburn Rain,0.677606
Drive-By Truckers - Sink Hole,0.677125
The Black Angels - Bloodhounds On My Trail,0.665164
The National - Slow Show,0.663994
Sons And Daughters - Johnny Cash,0.661208
Korn - Blind,0.649798
Brand New - Okay I Believe You. But My Tommy Gun Don't,0.639855
Rogue Wave - Ghost,0.638124
Stephen Kellogg & The Sixers - Sweet Sophia,0.623898
Sarah McLachlan - Building A Mystery,0.623842
Black Lips - Veni Vidi Vici,0.619215
Devil Sold His Soul - Between Two Words,0.616414
Creed - Higher,0.613437
The Blakes - Modern Man,0.60952
The Bird And The Bee - The Races,0.609216
Staind - Take This,0.60282
Sourvein - Septic Werewolves,0.599484
Sarah McLachlan - Fallen,0.598789
The Fray - How To Save A Life,0.597871
Serj Tankian - Sky Is Over,0.595893
The National - Green Gloves,0.587034
Jars Of Clay (Holiday) - God Rest Ye Merry Gentlemen,0.582971
The National - Fake Empire,0.577464
FC Kahuna - Machine Says Yes,0.576345
Black Lips - It Feels Alright,0.575164
Ben Jelen - Not My Plan,0.574298
The Coup - Wear Clean Draws,0.572858
Finger Eleven - Lost My Way,0.572674
Brandi Carlile - Throw It All Away,0.568897
Secret Machines - Lightning Blue Eyes,0.564379
Ryan Montbleau Band - Honeymoon Eyes,0.563637
Rilo Kiley - A Man ? Me ? Then Jim,0.563111
Paul Oakenfold - Time Of Your Life (feat. Perry Farrell),0.56027
Kate Nash - Pumpkin Soup,0.5528
Meg Hutchinson - Vanishing Points,0.543985
Trey Anastasio - Come As Melody,0.54259
Carlton Pearson - We've Come This Far By Faith,0.536551
Botch - Japan (live),0.536066
The National - Fake Empire (Live),0.535309
Dredg - Sang Real (Live),0.532875
Lindsay Lohan - Black Hole,0.532662
Luis Miguel - Hasta Que Me Olvides,0.53129
Jason Aldean - Laughed Until We Cried,0.528558
Dire Straits - Walk Of Life,0.524088
Ronnie Earl & Duke Robillard - Lookin For Trouble,0.523114
Steve Earle & Reckless Kelly - Reconsider Me,0.519582
XTC - Roads Girdle The Globe,0.518551
Ben Jelen - Where Do We Go,0.517253
The High Violets - Sun Baby,0.516986
Secret Machines - All At Once (It's Not Important),0.516914
Starfield - Can I Stay Here Forever?,0.513515
Avril Lavigne - Contagious,0.513131
Naama Hillman - Falling,0.510687
Enanitos Verdes - Luz De Dia,0.510679
The Whigs - Written Invitation,0.51065
Drive-By Truckers - The Day John Henry Died,0.506893
Imogen Heap - The Walk,0.506432
Avril Lavigne - I'm With You,0.504123
Indigo Girls - Cold Beer And Remote Control,0.503377
Toots & The Maytals - Still Is Still Moving To Me (feat. Willie Nelson),0.501301
KMFDM - Don't Blow Your Top,0.501111
Kasey Chambers - Nothing At All,0.500603
Kathleen Edwards - Oh Canada,0.499404
Hillsong & Delirious? - I Could Sing Of Your Love Forever,0.498415
Shinedown - Burning Bright,0.497257
Rogue Wave - Nourishment Nation,0.49724
Tim Hughes - Here I am to Worship,0.491901
Laura Pausini - Viveme,0.491058
Fastball - 'Til I Get It Right,0.48824
Three Days Wait - Beautiful Baby,0.487925
Mercyme - Grace Tells Another Story,0.484964
Say Anything - Surgically Removing The Tracking Device,0.477168
Elefante - El Abandonao,0.475599
Jennie Arnau - Float On,0.46752
AC?DC - Rock And Roll Ain't Noise Pollution,0.464322
Loquat - It's Yours To Keep,0.463988
Ryan Montbleau Band - Stretch,0.463575
Christa DeErynn - Sweet Lies,0.46058
AC?DC - Hells Bells,0.459661
Steve Earle & The Supersuckers - Before They Make Me Run,0.458293
The Fiery Furnaces - Here Comes The Summer,0.457291
Shudder To Think - Own Me,0.455717
Matthew West - More,0.454676
The Heavenly Music Association - Alain,0.45089
Alter Bridge - Before Tomorrow Comes,0.449881
Sarah McLachlan - Perfect Girl,0.449729
Band Of Horses - Is There A Ghost,0.447714
Luis Miguel - Ahora Te Puedes Marchar (I Only Want To Be With You),0.446148
Phil Wickham - Spirit Fall,0.445569
Korn - Make Me Bad,0.442498
Retrosic - Desperate Youth,0.441766
Ryan Montbleau Band - It's All Been Done Before,0.440244
Ruben Studdard - Fix it. Jesus (feat. Harvey Watkins Jr.),0.439899
Jay Reatard - Oh It's Such A Shame,0.43966
Justin Timberlake - SexyBack,0.439654
Franco De Vita - Como Decirte No,0.435749
Tokyo Police Club - Graves,0.435612
Blackmore's Night (Holiday) - Ding Dong Merrily On High,0.435571
Serena Ryder - Sisters Of Mercy,0.434704
Nine Inch Nails - No. You Don't,0.434046
Guns N' Roses - Chinese Democracy,0.433423
Finger Eleven - Stay And Drown,0.430405
Breather Resist - Long Nights. Short Fuses,0.430181
Lismore - Tremolo,0.42913
Stephen Kellogg & The Sixers - Maria,0.426474
Tokyo Police Club - In A Cave,0.42618
Band Of Horses - No One's Gonna Love You,0.425159
XTC - The Rhythm (Live),0.425022
Trey Anastasio - Sleep Again,0.424121
Brett Dennen - Ain't No Reason,0.42412
Catie Curtis - Fall Away,0.42261
Mercyme - Here With Me,0.422104
Winters - Mark My Word,0.421731
Stephen Kellogg & The Sixers - A Cabin In The Woods,0.420947
Dj Alibi - Eglinton West Blues,0.419492
Brett Dennen - There Is So Much More,0.419099
Loquat - Change The Station,0.416891
Brother Ali - Uncle Sam Goddamn,0.41688
The Beatles - If I Fell,0.416621
Tony Bennett - The Best Man,0.416334
The Animals - I Put A Spell On You,0.415935
Broken Social Scene - Shampoo Suicide,0.415145
Blackmore's Night (Holiday) - Hark The Herald Angels Sing ? Come All Ye Faithful,0.414796
Fastball - Morning Star,0.412891
Downhere - Feels Like Winter,0.411984
Leona Lewis - Bleeding Love,0.411238
The Mark Inside - Carousel,0.411009
The Troggs - My Lady,0.410665
Scorpions - New Generation,0.410361
Mudvayne - Fall Into Sleep,0.409813
Hank Williams III - Crazed Country Rebel,0.409092
The Bamboos - Tighten Up,0.406671
Grand Ole Party - Look Out Young Son,0.404237
Lee Ann Womack - I Hope You Dance,0.40397
Sam Bush - The Dolphin Dance,0.402933
The Monkees - Look Out (Here Comes Tomorrow),0.401663
Fastball - Are You Ready For The Fallout?,0.40166
Joe Diffie - White Lightning,0.400708
Bishop Allen - Things Are What You Make Of Them,0.398891
Sheryl Crow (Holiday) - Run Rudolph Run,0.397842
Justin Timberlake - What Goes Around...?...Comes Around (Interlude),0.397732
Staind - It's Been Awhile,0.397354
Sarah McLachlan - Adia,0.394291
Broken Social Scene - Stars And Sons,0.392911
Alison Krauss - Whiskey Lullaby,0.392243
Nachtmystium - Code Negative,0.392108
Finger Eleven - First Time,0.390474
The Wallflowers - 6th Ave Heartache,0.388897
The Offspring - Can't Repeat,0.387277
God-Des - Debate,0.387255
Michelle Branch - Everywhere,0.387235
Passion - All Creatures Of Our God And King,0.386323
Fergie - Glamorous,0.386185
Montgomery Gentry - My Town,0.38597
Waco Brothers - Missing Link,0.385089
Enanitos Verdes - Tu Carcel,0.384603
Unwound - Laugh Track,0.383923
Rise Against - The Good Left Undone,0.383261
Stevie Wonder - My Cherie Amour,0.382754
Broken Social Scene - KC Accidental,0.38186
Bonerama - Cabbage Alley,0.381655
Foghat - Night Shift,0.381572
Hillsong - God He Reigns ? All I Need Is You (Live),0.38084
Bond - Space,0.379604
AC?DC - Back In Black,0.378434
Montgomery Gentry - Speed,0.378071
Wolfmother - Colossal,0.376448
Adele - Melt My Heart To Stone,0.37596
Staind - Right Here,0.375379
Donnie McClurkin - Church Medley,0.374737
The Warlocks - Gypsy Nightmare,0.374516
Descendents - Suburban Home,0.374
B.B. King & John Popper (Holiday) - Back Door Santa,0.37211
Wumpscut - Fear In Your Eyes,0.371595
Lucy Kaplansky - I Had Something,0.371326
Alison Krauss - Can't Find My Way Home,0.37035
Talib Kweli - Supreme Supreme,0.368559
Seven Day Jesus - I Will Find You,0.367683
Fastball - Which Way To The Top,0.366886
Assemblage 23 - Damaged,0.365938
JoJo - Too Little. Too Late,0.363465
Jr. Walker & The All Stars - What Does It Take,0.363361
Indigo Girls - She's Saving Me,0.362231
Junior Brown - Freedome Machine,0.361968
Michelle Branch - All You Wanted,0.361224
Gnarls Barkley - Crazy,0.361148
Luis Miguel - Por Debajo De La Mesa,0.36096
Chayanne - Un Siglo Sin Ti,0.360034
Dead Confederate - Shadow The Walls,0.359687
Staind - Outside,0.358972
Dire Straits - So Far Away,0.358956
Pavement - Baptist Blacktick,0.35794
Matthew West - Get Away,0.357934
Filter - Hey Man Nice Shot,0.357655
The Black Angels - You On The Run,0.356828
Butch Engle & The Styx - Hey I'm Lost,0.356764
Flyleaf - All Around Me,0.356166
Tokyo Police Club - Be Good,0.354635
Covenant - Dead Stars (Version),0.354092
Dead Confederate - Tortured Artist Saint,0.353062
Ivory Joe Hunter - Shooty Booty,0.351599
Blackmore's Night (Holiday) - We Three Kings,0.351163
Soda Stereo - Paseando Por Roma,0.3505
Gaither Vocal Band - Swing Down Chariot,0.35041
Sarah McLachlan - Homeless,0.349993
Thou - I Was Ignored. And Judged. And Cast Down,0.349991
Say Hi To Your Mom - Your Brains Vs. My Tractorbeam,0.349564
Darrell Evans - Trading My Sorrows,0.347202
Lisa Loeb (Holiday) - Jingle Bells,0.346511
Passion - Here I Am To Worship,0.346241
Foo Fighters - No Way Back,0.345818
RJD2 - Ghostwriter (Remix),0.34512
Marky Ramone - Rockaway Beach,0.344909
John Butler Trio - Funky Tonight,0.34469
Junior Brown - Where Has All the Money Gone?,0.343955
Your Vegas - Troubled Times,0.342134
The Aggrolites - Mr. Misery,0.340662
Loquat - Serial Mess,0.340116
Tiamat - For Her Pleasure,0.339959
Luis Miguel - La Incondicional,0.339108
Rihanna - Hate That I Love You,0.338748
Raveonettes (Holiday) - The Christmas Song,0.338641
The Mars Volta - Roulette Dares (The Haunt Of),0.338259
Nice & Smooth - Sometimes I Rhyme Slow,0.337722
Gyptian - My Fadah Seh,0.337418
Lucy Kaplansky - Written On The Back Of His Hand,0.336473
RJD2 - All For You,0.335605
Sharon Jones & The Dap-Kings - How Long Do I Have To Wait For You?,0.334787
Band Of Horses - Our Swords,0.333371
Wumpscut - Wir Warten,0.333342
Nine Inch Nails - Closer,0.333048
The Dirty Projectors - Since I Opened,0.33245
Wire - Reuters,0.332143
Adele - Hometown Glory,0.332136
Fergie - Big Girls Don't Cry,0.331591
Roni Size & Reprazent - Hi-Potent,0.33112
Avril Lavigne - Keep Holding On,0.33015
Rissi Palmer - Anybody Out There,0.329237
Tokyo Police Club - Nature Of The Experiment,0.328977
!!! (Chk Chk Chk) - Me And Giuliani Down By The School Yard (A True Story),0.328361
Nine Inch Nails - Zero Sum (Stephen Morris & Gillian Gilbert Remix),0.328115
Marvin Gaye - Mercy Mercy Me,0.328022
AC?DC - Who Made Who,0.32714
Reuben Morgan - Hear Our Praises,0.327113
Phil Collins - You'll Be In My Heart,0.325894
Red - Wasting Time,0.325791
Joseph Arthur - Favorite Girl,0.324611
AC?DC - For Those About To Rock,0.324475
Irish Rovers (Holiday) - We Wish You A Merry Christmas,0.323866
Wumpscut - Opening The Gates Of Hell,0.322849
The Blakes - Commit,0.32147
The Bird And The Bee - F*cking Boyfriend (Peaches Remix),0.321294
Iron Maiden Tribute Band - Run To The Hills,0.320796
Justin Hinds & The Dominoes - Over The River,0.320676
The National - Start A War,0.320168
Foo Fighters - Low,0.319888
Rihanna - Shut Up And Drive,0.319876
Groove Coverage - Runaway,0.318101
Kate Havnevik - Sleepless,0.317907
Livin' Joy - Don't Stop Movin',0.316458
The Beatles - Let It Be,0.315023
Jarabe De Palo - Grita,0.314269
Lazy Lester - I'm Gonna Miss You (Like The Devil),0.313918
Social Distortion - Bad Luck,0.313006
Rose Cousins - One Love,0.312714
Lucy Kaplansky - Land Of The Living,0.312667
The Crests - Sixteen Candles,0.311432
Ruben Studdard - Goin' Up Yonder,0.309193
Donnie McClurkin - We Fall Down (Live),0.308202
Sarah McLachlan - Train Wreck,0.307835
The Jam - Man In The Corner Shop,0.306899
Beres Hammond - Rock Away,0.306525
Sharon Jones & The Dap-Kings - Cut That Line,0.306124
Adele - Right As Rain,0.305936
Heritage Hall Jazz Band (Holiday) - Silver Bells,0.305737
AC?DC - Have A Drink On Me,0.305386
The Troggs - Wild Thing,0.305084
Marvin Sapp - Perfect Peace,0.304902
Corrina Repp - No One's Telling,0.304466
Worm Is Green - Army Of Them,0.304285
Passion - Glorious,0.303846
Nas - Get Down,0.303595
Burning Witch - Sea Hag,0.302048
Alter Bridge - Buried Alive,0.301071
Robert Cray - Nothin' But A Woman,0.30074
Ian Van Dahl - Castles In The Sky,0.300608
Ziggy Marley - Friend,0.299799
Whitney Houston (Holiday) - Joy To The World,0.29894
Janis Figure - Mechanical Bull,0.2982
Tranquility Base - Surrender,0.298176
Christopher Lawrence - October's Child,0.297256
Reik - Me Duele Amarte,0.297124
George Michael - Faith,0.294862
Loquat - Slow Fast Wait & See,0.293794
The Handshake Murders - New Enemy,0.29375
Celia Cruz & Tito Puente - La Plena Bomba Me Llama,0.291961
Avril Lavigne - Sk8er Boi,0.290326
Assemblage 23 - Cocoon,0.289781
Chayanne - Atado A Tu Amor,0.288965
Roni Size & Reprazent - Snapshot,0.288824
Boz Scaggs - It All Went Down The Drain (Live),0.288622
Marky Ramone - Blitzkrieg Bop,0.288151
Justifide - Pointing Fingers,0.287973
Turn Me On Dead Man - 67 Dreams,0.287028
The Bird And The Bee - How Deep Is Your Love,0.286594
Loquat - Need Air,0.28645
Passion - Awesome Is The Lord Most High,0.285943
Guns N' Roses - Don't Cry,0.285668
Tommy Emmanuel - The Hunt,0.28537
Rosalia De Souza - Nem Que Seja A Nado,0.285033
Alter Bridge - One By One,0.284525
Gouryella - Walhalla,0.284082
Joey Ramone - What A Wonderful World,0.282969
Krum Bums - Fall,0.281935
Seal - Love's Divine (Live),0.281301
Parts & Labor - The Gold We're Digging,0.28063
John Tesh - God Of Wonders,0.279176
Lyle Lovett - That's Right (You're Not From Texas),0.279124
Lazy Lester - Gonna Stick To You Baby,0.279047
Irish Rovers (Holiday) - God Rest Ye Merry Gentlemen,0.27838
Broken Social Scene - Fire Eye'd Boy,0.278224
Magik Markers - Body Rot,0.277024
Powder (Holiday) - Christmas Don't be Late (Chipmunk Song),0.276439
Beres Hammond? Flourgon - Feel Like,0.276225
Groove Coverage - The End,0.274935
Hilltop Hoods - The Soul Of The Beat,0.274911
Earthless - Cherry Red,0.274902
Los Rieleros Del Norte - Caballo De Espadas,0.274712
Nitty Gritty Dirt Band - Get Back,0.274263
Kill Memory Crash - Riyout,0.274257
Nitty Gritty Dirt Band - Mr. Bojangles,0.274175
Rhianna (Holiday) - It Just Don't Feel Like Xmas (Without You),0.273495
Filter - Welcome To The Fold,0.272877
Ruben Studdard - Shout To The Lord,0.272229
Kumbia Altarz - Chiquilla,0.270879
Justifide - Escape,0.270692
Junior Brown - Lookin' For Love,0.270478
Sara Bareilles - Gravity (2003),0.269148
DJ Khaled - We Takin' Over,0.268467
Euge Groove - Get Em Goin',0.268015
Broken Social Scene - 7?4 (Shoreline),0.267258
Dan The Automator - Lyrics To Go (Remix) (Instrumental),0.267029
The Beatles - Get Back (Love Version),0.266862
Rihanna - Don't Stop The Music,0.266537
Jo Dee Messina - Heads Carolina. Tails California,0.266341
Big Al Carson (Holiday) - Santa Claus Is Comin' To Town,0.263236
AC?DC - What Do You Do For Money Honey,0.26305
Your Vegas - In My Head,0.2625
Les Brown And His Band Of Renown - Moonlight In Vermont,0.261798
Donnie McClurkin - He's Calling You,0.260971
Michael Burns - The Ambience,0.260368
Flyleaf - Sorrow,0.259995
Lee Ann Womack - I'll Think Of A Reason Later,0.258022
Pamela Williams - Elixir,0.257313
Kaskade - Move For Me,0.25726
Fred Hammond - Celebrate (He Lives),0.256895
Gnarls Barkley - Smiley Faces [Live On Later With Jools Holland],0.256627
Filter - The Only Way (Is The Wrong Way),0.256083
LFO (Pop) - Summer Girls,0.256009
Brett Dennen - One Who Loves You The Most,0.255973
A Teens - S.O.S,0.255472
Sevendust - Shine,0.25526
John Scofield - Drop And Roll,0.254533
An Albatross - Death Rides A Brown Horse,0.253992
Robin Thicke - Complicated,0.253521
Filter - Spent,0.253212
Alter Bridge - Open Your Eyes,0.253189
Passion - No One Like You ? David Crowder Band,0.252609
Bonerama - Ocean,0.252191
The Rolling Stones - Gimme Shelter,0.251791
Jr. Walker & The All Stars - Cleo's Mood,0.251572
Byron Cage - Breathe,0.251356
Band Of Horses - The First Song,0.250692
Rev Theory - Hell Yeah,0.249991
Simple Plan (Holiday) - My Christmas List,0.249988
Staind - For You,0.249711
Chayanne - Y Tu Te Vas,0.247769
Covenant - Figurehead,0.247715
Sam Bush - Same Ol' River (live),0.247602
!!! (Chk Chk Chk) - All My Heroes Are Wierdos,0.246891
Sex Pistols - EMI,0.246845
Los Rieleros Del Norte - Abrazado De Un Poste,0.246719
Your Vegas - It Makes My Heart Break,0.246602
The Blakes - Streets,0.246054
Enanitos Verdes - Lamento Boliviano,0.245786
Soda Stereo - Sueles Dejarme Solo,0.245458
Dan Deacon - Trippy Green Skull,0.245301
The Animals - Don't Bring Me Down,0.245222
Robbie Seay Band - Love Wins,0.2448
Assemblage 23 - Longevity,0.242914
Mumbles - Prema's Dilema,0.242848
Preston Reed - Ladies Night,0.242698
Rilo Kiley - Breakin' Up,0.242462
Ian Van Dahl - Inspiration,0.242363
Death Vessel - Dancers All,0.24095
Reno & Smiley - I Saw Your Face In The Moon,0.240648
Dan Crary (Holiday) - What Child Is This (USA),0.240563
Charanga La Tapa - Vamono's Pa'l Monte,0.240554
Fugazi - Target,0.240392
Assemblage 23 - Opened,0.239562
Wumpscut - Golgotha,0.238133
Willa Ford - I Wanna Be Bad,0.237601
Jay Reatard - We Who Wait,0.23659
John Danley - Hickory,0.236519
Anne Murray - Danny's Song,0.236497
Adele - Best For Last,0.236429
Toots & The Maytals - Pressure Drop,0.235853
Victor Manuelle - Sin Querer Queriendo,0.23573
Iron & Wine - Each Coming Night,0.235522
Styx - Renegade,0.235373
Paul Baloche - Your Name,0.23487
Gerry & The Pacemakers - See You In September,0.234314
Kate Nash - Habanera,0.233927
David Wilcox - Language Of The Heart,0.233627
Willie Colon & Ruben Blades - Pedro Navaja,0.232934
Chayanne - Dejaria Todo,0.2327
Empirical Labs - Turtle Beach (Original Mix),0.232358
Rihanna - Umbrella,0.232097
Our Brother The Native - We Are The Living,0.231702
2Pac (Tupac) - Death Around The Corner,0.231654
Young Jeezy - And Then What,0.231525
Converge - For You (Live),0.230661
Ray Charles & The Count Basie Orchestra - I Can't Stop Loving You,0.229561
Tokyo Police Club - Citizens Of Tomorrow,0.228808
The Animals - See See Rider,0.228582
Chuck Loeb - Fundamentally Sound,0.228147
Sex Pistols - Pretty Vacant,0.226264
DJ Drama & Lil' Wayne - Get 'Em,0.225731
Lee Ann Womack (Holiday) - Baby It's Cold Outside (feat. Harry Connick. Jr.),0.225469
Say Hi To Your Mom - Blah Blah Blah,0.224274
Robert Earl Keen - Feelin' Good Again (Live),0.224004
Passion - You Never Let Go,0.223988
Jarabe De Palo - Agua,0.223274
Skid Row - 18 And Life,0.223196
Fugazi - Suggestion,0.222941
Irish Rovers (Holiday) - The Holly Bears The Crown,0.222858
AC?DC - Dirty Deeds Done Dirt Cheap,0.222581
Smokie Norful - Celebrate,0.222559
Fireball Ministry - In The Mourning,0.222486
The Beatles - Things We Said Today,0.222467
The Beatles - I'll Follow The Sun,0.222037
Rachel Harrington - Shoeless Joe,0.220883
Sound Providers - Autumn's Evening Breeze,0.220001
The Rolling Stones - Start Me Up,0.218633
Toots & The Maytals - 54-46 That's My Number,0.216762
The Roots - Love Of My Life (Live),0.21661
Everton Blender - It's My Time,0.216512
The Jam - Don't Tell Them You're Sane,0.2162
Kidz In The Hall - The In Crowd,0.214355
Ziggy Marley - Drive,0.214277
Krum Bums - Misery,0.214098
Sarah McLachlan - Hold On (Live),0.213886
The Business - Drinking And Driving,0.213183
la sonora dinamita ? la sonora tropicana - Mi Cucu,0.212347
Paul Oakenfold - Faster Kill Pussycat,0.212274
Serena Ryder - Coconut Grove,0.211781
AC?DC - Problem Child,0.211648
Leftover Salmon - Steam Powered Aeroplane (Live),0.211072
Sonicflood - I Want To Know You (In The Secret),0.209966
Will Smith - Gettin' Jiggy Wit It,0.209419
Lucy Kaplansky - Every Single Day,0.209119
Royal Crown Revue (Holiday) - Baby It's Cold Outside (feat. Vicky Tafoya),0.208779
Don Carlos - Booming Ball,0.208462
Chubby Checker - Let' Stwist Again,0.208102
Lucy Kaplansky - When I Get To The Border,0.207891
Iron & Wine - Faded From The Winter,0.207644
Bonerama - Crosstown Traffic,0.207566
Richard Hell & The Voidoids - Love Comes In Spurts,0.207328
Brother Ali - Forest Whitiker,0.207204
2Pac (Tupac) - Against All Odds,0.206999
Whitney Houston (Holiday) - Do You Hear What I Hear?,0.206955
Ralph Stanley & The Clinch Mountain Boys - Beautiful Star Of Bethlehem,0.206865
Balearic Bill - Destination Sunshine,0.206214
Talib Kweli - I Try,0.206165
Sam Bush - Song For Roy,0.206102
Lindsay Lohan - Rumors,0.20607
Lo Fidelity Allstars - Battle Flag,0.205805
Cal Bennett - Whole Soul Stroll (Live),0.20576
James Cotton - Take Me Back,0.2054
Josh White - Bonbons. Chocolate. And Chewing Gum,0.205348
AC?DC - Dirty Deeds Done Dirt Cheap (Live),0.205262
Pepe Aguilar - Me Falta Valor,0.204896
Social Distortion - Cold Feelings,0.204845
Rihanna - Pon De Replay,0.204787
Sonorous - Pronotonic,0.204413
Port O'Brien - I Won't Look Back,0.20412
Black Lips - O Katrina!,0.203553
Angelo - Save The Music,0.203264
Ronnie Earl - Ronnie Johnnie,0.201982
Lifehouse - First Time,0.20134
The Animals - Baby Let Me Take You Home,0.201241
Phil Wickham - Jesus Lord Of Heaven,0.200975
Seu Jorge - O Samba Tai,0.200332
The Sword - Freya,0.199751
Waylon Jennings - T For Texas (Blue Yodel No. 1) (live),0.19889
The Beatles - Here Comes The Sun ? The Inner Light (Transition) (Love Version),0.198569
The Jackson Southernaires - I Need You To Hold My Hand,0.198116
Rockapella (Holiday) - Home For The Holidays,0.197936
The Beatles - Rock And Roll Music,0.19757
George Acosta - Save Me (Push Remix),0.197373
Plastic Little - Hola Plastique,0.196354
Reuben Morgan - My Redeemer Lives,0.19621
Sex Pistols - New York,0.19602
Beres Hammond - Who Say (feat. Buju Banton),0.195783
Junior Brown - Semi-Crazy,0.195137
Junior Brown - Highway Patrol,0.195096
J-Dilla - Won't Do (Instrumental),0.19507
Liquid Mind - Thought Museum,0.194916
Visionaries - Love (Hip-Hop),0.194734
The Beatles - A Day In The Life (Love Version),0.194714
Dom & Roland - Dance All Night (Calyx remix),0.19455
Entombed - Full Of Hell,0.19455
The Bronx - Cobra Lucha,0.194544
Sever Your Ties - Hand In Hand,0.192917
Mr. Scruff - Chipmunk,0.192045
The Roots - Guns Are Drawn,0.19194
Brian Culbertson - Say What? (feat. Steve Cole),0.191399
Otis Spann - Mr. Highway Man,0.190837
Huracanes Del Norte - El Perro De Tu Marido,0.189646
Dan Deacon - Wooody Woodpecker,0.188302
Ella Fitzgerald - I Concentrate On You,0.187999
The Supremes - Where Did Our Love Go,0.187218
R. Kelly - Half On A Baby,0.187114
Preston Reed - Tractor Pull,0.186933
Spyro Gyra - Summer Fling,0.186547
Botch - Liquored Up And Laid,0.185265
The Jam - In The City,0.18521
Guns N' Roses - November Rain,0.184779
The Roots - Don't Feel Right (Instrumental),0.184406
The Dirty Projectors - On The Beach,0.184213
Ralph Stanley & The Clinch Mountain Boys - I Am Weary,0.183917
AC?DC - You Shook Me All Night Long,0.183319
Lee Ann Womack (Holiday) - Let It Snow & Winter Wonderland,0.182896
The Five Blind Boys Of Mississippi - Where He Leads Me,0.18182
Nas - The Message,0.181737
Kidz In The Hall - Ritalin,0.181605
Trentemoller - Prana,0.181565
The Del McCoury Band - Fire And The Flame,0.181262
Nas - Got Ur Self A...,0.181177
Jars Of Clay (Holiday) - I Heard The Bells On Christmas Day,0.180514
Sarah McLachlan - I Love You,0.18032
Tommy Emmanuel - One Mint Julep,0.180099
Kate Rusby - The Lark,0.179821
Juno Reactor - Conga Fury (Animatrix Mix),0.179552
Tito - Caile,0.17938
Nas - Nas Is Like,0.179362
Los Checkmates - I Think We're Alone Now,0.179249
Toots & The Maytals - Monkey Man,0.179153
David Massengill - My First Kiss,0.178512
The Young Tradition - Lyke Wake Dirge,0.178165
Herman's Hermits - Listen People,0.178004
Kidz In The Hall - Mr. Alladatsh*T,0.177464
Provision - Visualize,0.177061
Conjure One - Extraordinary Way (Antillas Mix),0.1768
Mar-Keys - Pop-Eye Rider,0.176792
Toots & The Maytals - Schooldays,0.176666
Pepe Aguilar - A Pesar De Todo,0.176564
Jimmy Ruffin - What Becomes Of The Brokenhearted,0.176348
Van Morrison - Days Like This,0.176043
Rogue Wave - Endgame,0.175945
Sean Hayes - Rattlesnake Charm (Dream Machine),0.175738
Dan The Automator - Bang The Ball (Instrumental),0.175623
Gospel Four - It's Just A Matter Of Time,0.17554
!!! (Chk Chk Chk) - Hello? Is This Thing On,0.175431
Van Morrison - Tupelo Honey,0.174708
Grandmaster Flash & The Furious Five - Freedom,0.174394
Kasey Chambers - Falling Into You,0.174287
Van Morrison - Domino,0.173937
Lowell Fulson - Reconsider Baby,0.173933
J-Dilla - Crushin' [Instrumental],0.173924
Justin Hinds & The Dominoes - Carry Go Bring Come (Rocksteady),0.173828
Children Of Bodom - Living Dead Beat,0.172977
ABORTED - Ingenuity In Genocide,0.172926
Cornel Campbell - Concrete Jungle,0.172762
Natasha Bedingfield - Pocketful Of Sunshine,0.172657
Seba & Lo-Tec - So Long,0.172553
Sonicflood - I Could Sing Of Your Love Forever,0.172493
Hooverphonic - 2Wicky,0.17182
Rosalia De Souza - Ao Amigo Tom,0.170265
New York Dolls - Mystery Girls (Planet Studios Demo),0.170234
Justin Timberlake - Like I Love You (feat. Clipse),0.169864
The Beatles - Paperback Writer,0.16985
Vengaboys - We Like To Party!,0.169681
Victor Manuelle - Como Una Estrella,0.169549
Nitty Gritty Dirt Band - Fish Song,0.169541
Nine Inch Nails - Big Man With A Gun,0.168932
The Monkees - Daydream Believer,0.168827
The Sword - Celestial Crown,0.168754
Joe Camilleri & Nicky Bomba - Better Must Come,0.168385
Moby Grape - Lazy Me,0.168152
Jon Bon Jovi (Holiday) - Please Come Home For Christmas,0.166912
Fugazi - Polish,0.166867
Klute - I'll Do Anything (You Want Me To),0.166501
The Del McCoury Band - Asheville Turnaround,0.165063
Broken Social Scene - Our Faces Split The Coast In Half,0.164849
AC?DC - Highway To Hell,0.16428
Dave Biller & Jeremy Wakefield - Martian Guts,0.164231
Beres Hammond - Come Back Home,0.163679
Dan Crary - Hot Pursuit,0.163507
Scorpions - Still Loving You,0.163385
Dire Straits - Sultans Of Swing,0.163289
The Christmas Jug Band (Holiday) - Boogie Woogie Santa Claus,0.162968
Rissi Palmer - Hold On To Me,0.162565
Smokie Norful - I Understand,0.162473
Lee Morgan - Sneaky Pete,0.162458
Silberbart - Head Tear Of The Drunken Sun,0.162264
AC?DC - Who Made Who (Live),0.16205
Daddy Yankee - Machucando,0.161877
J-Dilla - Make Em Nv,0.161639
J-Dilla - Make'em Nv [Instrumental],0.161639
Jo Dee Messina - Lesson In Leavin',0.161553
Ella Fitzgerald & Louis Armstrong - Love Is Here To Stay,0.16144
AC?DC - Shot Down In Flames,0.161406
Flyleaf - I'm So Sick,0.161185
Los Rieleros Del Norte - Fue Mentira,0.161061
Dean Martin - Ain't That A Kick In The Head,0.161007
Betty Everett - It's In His Kiss (The Shoop Shoop Song),0.160669
The Monkees - The Monkees,0.160658
Jerry Jeff Walker - Gettin' By (Live),0.160587
Dave Barker - Don't Let The Sun Catch You Crying,0.16057
Don Ross - Berkley Springs,0.159973
Toquinho & Paulinho Da Viola - Tarde Em Itapoa (live),0.159927
The Beatles - Love Me Do,0.159718
Junior Brown - I Hung It Up,0.159382
Guns N' Roses - Knockin' On Heaven's Door,0.159073
Broken Social Scene - Cause = Time,0.158902
Sade - By Your Side,0.158722
Melissa Ferrick - Fear And Time,0.158669
Iron & Wine - Communion Cups And Someone's Coat,0.158246
AC?DC - It's A Long Way To The Top (If You Wanna Rock 'n' Roll),0.158208
The Clovers - Devil Or Angel,0.157969
Dj Baby Anne & Jen Lasher - Fear2,0.157881
Toots & The Maytals - Funky Kingston,0.157866
Dan The Automator - Champions (Instrumental),0.157736
Del Tha Funkee Homosapien - Jaw Gymnastics (feat. Casual),0.157396
Novakill - Why Won't You Die!?!,0.157177
Angelo Debarre Et Ludovic Beier - Passion (En Duo),0.156334
Lazy Lester - A Woman,0.156106
Young Jeezy - Soul Survivor,0.155006
Los Lobos - Shakin' Shakin' Shakes,0.154971
The Beatles - I Feel Fine,0.154487
Peter Mulvey - Bloomington,0.154405
Paul Oakenfold - Sex 'n' Money,0.153596
Antonio Aguilar - Triste Recuerdo,0.152933
Anointed - Mighty Long Way,0.152893
Soda Stereo - Ella Uso Mi Cabeza Como Un Revolver,0.152459
The Pharcyde - On The DL (Instrumental),0.152344
Johannes Linstead - Cielo Azul,0.152197
The Mission UK - Love Me To Death,0.152136
Zion - Zun Da Da,0.152092
Huracanes Del Norte - Falsas Ilusiones,0.151688
Blackmore's Night (Holiday) - Emmanuel,0.151572
Otis Spann - Rock Me Mama,0.150649
Zion - Fantasma,0.150214
The Beatles - You Won't See Me,0.15
Del Tha Funkee Homosapien - Phoney Phranchise,0.149934
Sharon Jones & The Dap-Kings - Be Easy,0.149602
2Pac (Tupac) - How Do U Want It,0.149531
DJ Drama & Lil' Wayne - Gettin' Some Head,0.149509
The Dirty Projectors - Time Birthed Spilled Blood,0.14941
Hank Williams III - Honky Tonk Girls,0.14889
The Roots - Stay Cool,0.148605
Alc (A Lo Cubano) - Vanilla Y Chocolate,0.148467
Keith Sweat (Holiday) - It's Christmas Again,0.148317
Kaskade - Honesty,0.148079
Little Milton - My Back Scratcher,0.148018
Rissi Palmer - Leavin' On Your Mind,0.147951
Sam Bush - Girl Of The North Country (live),0.147515
George Acosta - The Storm,0.147453
The Roots - No Alibi,0.146471
Alison Krauss - Endless Highway,0.146212
Junior Brown - Gotta Get Up Everymorning,0.146194
Tony Bennett - What A Wonderful World,0.14611
Christopher Lawrence - Hot Rod,0.145848
Jr. Walker & The All Stars - What Does It Take (To Win Your Love),0.145814
Duran Duran - Ordinary World,0.145756
Blackmore's Night (Holiday) - Ma-O-Tzur,0.145584
The Bronx - False Alarm,0.145057
Jackson 5 - I Want You Back,0.145035
Sex Pistols - Problems,0.144759
RJD2 - Get It,0.144712
Daddy Yankee - Gasolina,0.144682
Daddy Yankee - Rompe,0.144654
Larry Carlton - Roll With It,0.144594
The Beatles - No Reply,0.144444
The Monkees - I'm A Believer (Mono),0.144411
The Commodores - Brick House,0.14438
James Cotton - Soul Survivor,0.144262
Marvin Gaye - What's Going On,0.144017
Lazy Lester - My Home Is A Prison,0.143609
XTC - Chalkhills And Children,0.142705
Peter White - What Does It Take To Win Your Love,0.142606
Louis Armstrong (Holiday) - Winter Wonderland,0.142473
Johannes Linstead - La Rumbita,0.142459
Brother Ali - Blah Blah Blah (feat. Slug),0.142235
The Del McCoury Band - A Far Cry,0.14196
Take 6 - Come On,0.141698
G. Love & Special Sauce - Love,0.141392
Fugazi - Merchandise,0.140562
The Five Blind Boys Of Mississippi - Thank The Lord I'm Singing Again,0.140485
Spyro Gyra - Believe,0.140375
David Wilcox - Rusty Old American Dream,0.139648
Wreckless Eric - Whole Wide World,0.138887
Juno Reactor - Silver,0.138844
Peter & Gordon (60s) - A World Without Love,0.138743
The Dirty Projectors - Rise Above,0.138673
Trebol Clan. Hector & Joan - Gata Fiera,0.138668
Leroy Carr - Sloppy Drunk Blues,0.13836
Klute - Crosby,0.138313
Outkast - Ms. Jackson,0.138288
Los Rieleros Del Norte - El Amor No Se Vende,0.138015
John Danley - Atlas Bone,0.137791
Lutan Fyah - No More Suffering,0.137261
Sugarloaf - Green-Eyed Lady,0.137084
Nitty Gritty Dirt Band - One Sure Honest Line,0.136568
Tetsu Inoue - Mini Moon,0.136529
Tim Bluhm - California Way,0.136367
Asleep At The Wheel - Stay All Night,0.13597
Bonerama - Funky Miracle,0.135845
The Beatles - When I Get Home,0.135684
John Scofield - Beep Beep,0.135136
Michael Jackson (Holiday) - Little Christmas Tree,0.13418
The Beatles - She Came In Through The Bathroom Window,0.13372
Parts & Labor - Long Way Down,0.133323
DJ Muggs Vs GZA - Unstoppable Threats (Instrumental),0.133002
Waylon Jennings - San Francisco Mabel Joy,0.132491
Joey Ramone - Like A Drug I Never Did Before,0.132384
Donnie McClurkin - Again,0.132104
Outkast - The Way You Move,0.132029
Guns N' Roses - Live And Let Die,0.13192
Dimmu Borgir - Allegiance,0.131754
Huracanes Del Norte - Nomas Por Tu Culpa,0.131732
Yuri Buenaventura - Salsa,0.131539
Del Tha Funkee Homosapien - Burnt (feat. The Hyrogliphics),0.131188
Jay Reatard - Turning Blue,0.130786
Dan The Automator - Sleep,0.130696
D - Nox & Beckers - Jet Lag Slave,0.129816
Black Lips - Boone,0.129627
Kalmah - Withering Away,0.128548
Ambrosia - How Much I Feel,0.128314
The Jam - Absolute Beginners,0.128309
Loudon Wainwright III - The Swimming Song,0.128056
The Pharcyde - Passing Me By,0.127609
Nine Inch Nails - Heresy,0.127541
The Supremes - Love Is Here And Now You're Gone,0.127164
Reno & Smiley - Charlotte Breakdown,0.127105
Michael Martin Murphey - Tumbling Tumbleweeds,0.126761
Jake Schepps - Bluff's Collar,0.126458
Tony Bennett - Steppin' Out With My Baby,0.126455
Don Ross - First Ride,0.126024
Charles Wright & The Watts 103rd Street Rhythm Band - Express Yourself,0.125852
Catherine Maclellan - River Valley Plains,0.125774
Seal - Wild,0.125313
Waylon Jennings - Are You Sure Hank Done It This Way,0.124345
The Rolling Stones - Street Fighting Man,0.124319
Sharon Jones & The Dap-Kings - Let Them Knock,0.124175
The Rivieras - Count Every Star,0.124108
Outkast - The Whole World,0.124011
Gyptian - Take Me Higher,0.123865
George Acosta - Silence (DJ Tiesto's In Search Of Sunrise Remix),0.123816
David Massengill - Shamas Rides,0.123624
Mixmaster Mike - Bazooka Kanyon,0.123446
Willie Colon & Ruben Blades - Ojos,0.123212
Donnie McClurkin - Yes You Can,0.123194
Tipica 73 - Cachita,0.123147
Van Morrison - Gloria (Performed By Them),0.122609
Sam Bush - Spooky Lane,0.122294
Lauryn Hill - Ex-Factor,0.122056
Phil Collins - Do You Remember?,0.121967
Ian Van Dahl - Castle In The Sky,0.121933
Sam Bush - Mr. Freddie,0.12148
Nitty Gritty Dirt Band - Way Downtown,0.121217
Rihanna - Break It Off,0.121059
Michael Burns - Into Nothing (Hamel's Last Time For 9 Mix),0.120995
War - Why Can't We Be Friends,0.12094
2Pac (Tupac) - Keep Ya Head Up,0.120939
Soulfly - Babylon,0.120805
The Adverts - Safety In Numbers (Live),0.120544
Little Feat - Oh Atlanta,0.120004
Ralph Stanley & The Clinch Mountain Boys - Stone Walls And Steel Bars,0.119974
Lauryn Hill - Can't Take My Eyes Off Of You,0.119813
Margot Meets The Melody Maker - Torch (Extrawelt Remix),0.119504
Cat Stevens - Wild World,0.119495
K-Ci & JoJo - Crazy,0.119334
Sevendust - Enemy,0.119237
Liquid Mind - Balance,0.119001
Delroy Wilson - I Can't Help Myself,0.118846
Port O'Brien - Tree Bones,0.118714
The Royal Guardsmen - Snoopy Vs. The Red Baron,0.118504
Duran Duran - Come Undone,0.117783
Ralph Stanley & The Clinch Mountain Boys - Calling My Children Home,0.117163
Foghat - Dreamer,0.117127
Roni Size & Reprazent - Mexican,0.11702
James Brown - Soul Power,0.116987
AC?DC - For Those About To Rock (We Salute You),0.116968
RJD2 - Solomon Jones,0.116872
The Crests - Angels Listened In,0.116841
Kenny Loggins - Danger Zone,0.116655
AC?DC - Moneytalks,0.116559
Stevie Wonder - Superstition,0.116502
AC?DC - Thunderstruck,0.115882
Del Tha Funkee Homosapien - If You Must,0.115799
Cardenales De Nuevo Leon - Por Las Damas,0.115168
Boys From Indiana - Atlanta Is Burning,0.115113
Nas - Street Dreams,0.114967
In Flames - Take This Life,0.114946
Frank Cornelius - Brick House,0.114932
David Bowie - Ashes To Ashes,0.114758
Los Lobos - Let's Say Goodnight,0.114621
Pepe Aguilar - Perdoname,0.11455
John Danley - Lorianne,0.114306
Down To The Bone - Cellar Funk,0.114293
Albert King - Can't You See What You're Doing To Me,0.114145
The Beatles - Two Of Us,0.114088
Loscil - Kursk,0.113994
Lee Ritenour & Larry Carlton - Crosstown Kids,0.113971
Al Di Meola - Black Pearls,0.113647
Kidz In The Hall - The Pledge,0.113601
Rah - Wave,0.113524
Ned Luberecki - Emergency Pulloff,0.113484
Deep Purple - Smoke On The Water (Live 1973),0.113265
Delroy Wilson - It's The Same Old Song,0.113254
Dan Crary - Reuben,0.112985
John Michael Montgomery - Angel In My Eyes,0.112862
The Monkees - Tomorrow's Gonna Be Another Day,0.112731
Jose Zamora & Damian DP - Transatlantic (feat. Paleday),0.112233
Los Rieleros Del Norte - Me Quieres Matar De Celos,0.112156
Lynyrd Skynyrd - Sweet Home Alabama,0.112007
Bonerama - Louie's Perch,0.111857
Waylon Jennings - Theme From The Dukes Of Hazzard,0.111245
Larry Carlton - Layla,0.111137
Alison Krauss - When You Say Nothing At All,0.111093
Funkadelic - One Nation Under A Groove,0.110837
Liquid Mind - Moment Of Grace,0.110598
Cat Stevens - Don't Be Shy,0.110476
Goodie Mob - The Day After,0.110344
Katalyst - Time Bomb,0.110313
Tony Bennett - I Wanna Be Around,0.110124
Lady Saw - I've Got Your Man,0.109983
Tex Beneke - I Know,0.109928
Foghat - Ride. Ride. Ride,0.109556
Tristeza - Abrazo Distante,0.109508
The Jackson Southernaires - Lead Me,0.109161
Toots & The Maytals - Sweet And Dandy,0.109108
Shadows Of Knight - I'll Make You Sorry,0.10906
Critters Buggin - 5?4 F.T.D.,0.108514
Nitty Gritty Dirt Band - Snowballs,0.108494
The Rolling Stones - Ruby Tuesday,0.108069
Marvin Gaye - I Want You,0.107799
Jesse Harris - Morning In A Strange City (Cafe),0.106797
Kate Rusby - A Rose In April,0.106601
Port O'Brien - Anchor,0.106475
The Rolling Stones - 19th Nervous Breakdown,0.106242
Jackson 5 - Abc,0.105673
Ziggy Marley - Be Free,0.10525
? And The Mysterians - Can't Get Enough Of You Baby,0.105215
Bassnectar - Creation Lullabye,0.105093
Roomful Of Blues (Holiday) - Have Yourself A Merry Little Christmas,0.104975
Omens - Searching,0.104947
Chick Corea Elektric Band - Lifescape,0.104842
The Beatles - Something,0.104823
Cornel Campbell - Screwface,0.104613
The Commodores - Lady (You Bring Me Up),0.104433
Take 6 - Sing A Song,0.103939
The Paul Butterfield Blues Band - Love Her With A Feeling,0.103323
Jens Lekman - The Wrong Hands,0.103085
Clancy Eccles - Sweet Jamaica,0.10305
Public Enemy - Rebel Without A Pause,0.103044
At The Gates - Blinded By Fear,0.102975
Bryan Sutton - Stoney Creek,0.10294
Jack Jones - Luck Be A Lady,0.102835
Traffic - Pearly Queen,0.10257
Lester Young - Foggy Day (Live At Birdland),0.102539
Guns N' Roses - Sweet Child O' Mine,0.102512
Everton Blender - I Love Jah Jah,0.102415
John McEuen - Ryan William's Arrival In America,0.101948
James Cotton - Blues For Jacklyn,0.101937
Flatfoot 56 - Brotherhood,0.101805
BR549 - Georgia On A Fast Train,0.10173
Liquid Mind - Breathe In Me,0.101472
John Prine - It's A Cheating Situation,0.101376
Coles Whalen - The Hand That Gives The Rose,0.100868
James Brown - Cold Sweat (Part 1),0.100826
Nitty Gritty Dirt Band - I Saw The Light,0.100629
Guns N' Roses - Paradise City,0.100527
Dan Gibson - Cool Forest Rain,0.100269
Moonspell - Sons Of Earth,0.099507
Augustus Pablo - Black Gunn,0.099437
Traffic - Smiling Phases,0.099361
Daryl Coley - I Will Bless Your Name,0.098718
Herman's Hermits - There's A Kind Of Hush,0.098559
Toots & The Maytals - Never You Change (Reggae Version),0.098504
Bill Haley & His Comets - Shake. Rattle And Roll,0.098431
Gotan Project - El Capitalismo Foraneo,0.098101
Christina Aguilera (Holiday) - This Christmas,0.097544
John Prine - Pretty Good,0.097471
Ella Fitzgerald - Darn That Dream,0.096987
The Del McCoury Band - I'm Afraid I Forgot The Feeling,0.09698
The Ray Conniff Singers (Holiday) - Silver Bells,0.096378
The Orb - Once More (Bedrock Dub Mix),0.095849
Holly Cole - Christmas Blues,0.095837
Klute - Oshima,0.095615
Robin Thicke - Lost Without U,0.095602
Nitty Gritty Dirt Band - Wildwood Flower,0.095557
Old Crow Medicine Show - Take 'Em Away,0.09554
Eggs Over Easy - 111 Avenue C,0.095322
Peggy Seeger - O The Wind And Rain,0.095138
Katalyst - Break Up,0.095133
Shudder To Think - Goat,0.095078
Converge - Distance And Meaning,0.094872
The Pharcyde - On The DL,0.094721
Question Mark and the Mysterians - 96 Tears,0.094551
Les Brown And His Band Of Renown - The Sweetheart Of Sigma Chi,0.094535
Behemoth - Slaves Shall Serve,0.094506
Lazy Lester - Nothing But The Devil,0.094391
Antonio Carlos Jobim - Agua De Beber (Live),0.094322
In Flames - The Hive,0.093998
The Dead Milkmen - Punk Rock Girl,0.093861
Ohio Players - Fire,0.093829
Hezekiah Jones - Postpone,0.093767
Lester Young - Jump. Lester. Jump,0.093323
P.M. Dawn - I'd Die Without You,0.093315
The Commodores - Easy,0.093277
Dan Crary - Senso Unico,0.093265
Bruce Molsky - Buckdancer's Choice,0.093159
Guitar Shorty - Loosen Up,0.093008
Videos - Trickle Trickle,0.09297
Cher - Gypsys. Tramps & Thieves,0.092893
The Verve - Blue (USA Mix),0.092748
Dan Crary - Cape Foulweather,0.092728
Canned Heat (Holiday) - Christmas Blues,0.092607
Jerry Jeff Walker - L.A. Freeway,0.092591
Alison Krauss - Everytime You Say Goodbye,0.092514
Earl Scruggs - Stash It,0.092455
Janet Beazley - White (Long Time Travelin'),0.092334
Wreckless Eric - Excuse Me,0.092306
Boyz II Men (Holiday) - Let It Snow,0.092238
Decal - Some Kind Of Random,0.092165
Black Sheep - The Choice Is Yours (Album Version),0.091714
John Scofield - Boozer,0.091703
Skid Row - Youth Gone Wild,0.091667
Slim Harpo - Tip On In. Part 1,0.091631
Tommy Emmanuel - Endless Road,0.09109
The Cars - My Best Friends Girl,0.090907
James Brown - Get Up Offa That Thing  (Ali Dee Remix),0.090822
Kidz In The Hall - Don't Stop,0.090767
Billy Preston - Outa-Space,0.090645
The League - Hey Conductor,0.090496
Doyle Dykes - Caleb's Report,0.09045
Underworld - Born Slippy,0.090312
Jim Jackson - Bye. Bye. Policeman,0.090291
Sharon Jones & The Dap-Kings - Nobody's Baby,0.090064
Raekwon - Ice Cream,0.089951
Young Jeezy - My Hood,0.089565
Kit McClure Band - One O'clock Jump,0.089557
See You Next Tuesday - Forever On Deaf Ears,0.089518
Azzido Da Bass - Dooms Night,0.089441
Tim Track - Panic Voice,0.089135
C+C Music Factory - Things That Make You Go Hmmmm?..,0.088856
Fugazi - Reprovisional,0.088582
Anthony Wonsey Trio - Just You. Just Me,0.088523
No Age - I Wanna Sleep,0.088344
Jimmy Dorsey - Begin The Beguine,0.088219
The Rolling Stones - Get Off Of My Cloud,0.08819
The Pharcyde - Pharcyde (Instrumental),0.088131
Foghat - Slow Ride,0.087886
Guardian - Power Of Love,0.08741
Foghat - Drivin' Wheel,0.087187
Sharon Jones & The Dap-Kings - 100 Days. 100 Nights,0.087072
The Beatles - Can't Buy Me Love,0.087043
The Monkees - She,0.087038
Augustus Pablo - East Africa,0.086952
Bryan Sutton - Grover Glen,0.086608
Slim Harpo - You Can't Make It,0.086585
Stevie Wonder - For Once In My Life,0.08655
Doc Watson - Walk On Boy,0.086387
Black Lips - Can't Dance,0.086374
The Pharcyde - Runnin',0.086263
Lowell Fulson - I'm A Night Owl (Part 2),0.08587
J-Dilla - Take Notice,0.085774
Junior Brown - Broke Down South Of Dallas,0.085737
Pepe Bradock - Un Pepe Dans La Dentelle,0.085374
Dean Martin - Everybody Loves Somebody,0.085286
Albert King - I'll Play The Blues For You (Live),0.0852
Lauryn Hill - Doo Wop (That Thing),0.084885
Liquid Mind - My Orchid Spirit,0.084677
Skid Row - I Remember You,0.084627
Yellowman - Hold On To Your Woman,0.084582
Bing Crosby - I Don't Know Why (live),0.084438
Paul Siebel - My Town,0.084399
Jeff Lorber - Chopsticks,0.084223
The Essex - Easier Said Than Done,0.084113
Lords Of The Underground - Funky Child,0.083981
)EIB( - Forgotten,0.083233
Digital Underground - The Humpty Dance,0.083116
The Manhattans - Kiss And Say Goodbye,0.083062
As One - Contours,0.08279
Liquid Mind - Continuity,0.082691
Danny Gatton & Tom Principato - I'm On Fire (Live),0.082639
George Acosta - Precious,0.082554
Seu Jorge - Rebel Rebel,0.082406
Leftfield - Swords,0.082133
The Beatles - Got To Get You Into My Life,0.082096
Outkast - So Fresh. So Clean,0.08201
Marvin Gaye - You're A Wonderful One,0.082
The Del McCoury Band - Dry My Tears And Move On,0.081672
Bonerama - Freddie,0.081588
Stevie Wonder - Ribbon In The Sky,0.081513
Dean Martin - You're Nobody Till Somebody Loves You,0.081445
Lefty Frizzell - Saginaw. Michigan,0.081408
Laurie Z. - The Mysterious Painter,0.081404
Mary Chapin Carpenter - Right Now,0.08137
Eric Harringer & John Paul Lacey - Morning Sun,0.081303
The Grinder - Man Into Space,0.080905
Jurgen Paape - Take That,0.080716
4 Haven Knights - In My Lonely Room,0.08064
Dan Crary - The Fermoy Lass. The Man Of The House,0.080511
Jazzy Jeff & The Fresh Prince - Parents Just Don't Understand,0.080401
Chubby Checker - Pony Time,0.08001
Junior Brown - You Didn't Have To Go All The Way,0.079992
Gladys Knight & The Pips - I Heard It Through The Grapevine,0.079937
Various Artists? Songs Of December - Hailee's Moment,0.079884
Todd Collins (Holiday) - Hailee's Moment,0.079884
Gotan Project - Vuelvo Al Sur,0.079779
Diego El Cigala - Ana. Dolores Y Aurora,0.079727
Goodie Mob - Soul Food,0.079693
Bryan Lee - Just Like A Fish,0.079197
Ani DiFranco - Little Plastic Castle (Live 1.25.04),0.079174
Hazel Dickens & Alice Gerrard - I Just Got Wise,0.07912
Georges Street - The Tartar Frigate,0.079014
Van Morrison - Midnight Special,0.078995
Prince - Kiss (Extended Version),0.078969
Robert Earl Keen - Corpus Christi Bay,0.078934
Sky Saxon - Love Dog,0.078663
Architecture In Helsinki - Spring 2008,0.078641
Jazzy Jeff & The Fresh Prince - Summertime '98 (SoulPower Remix),0.078329
Ella Fitzgerald - I Don't Want To Take A Chance,0.078319
Stevie Wonder - I Wish (Live),0.078185
Classified Project - Resurrection (Original),0.078053
Dean Martin - On The Street Where You Live,0.077906
Will Smith - Men In Black,0.077896
Jean-Luc Ponty - Still In Love,0.077675
Black Lips - Burried Alive,0.077673
England Dan & John Ford Coley - Gone Too Far,0.077535
Public Enemy - Can't Truss It,0.077328
The Pharcyde - Ya Mama (Instrumental),0.077132
Scorpions - Don't Stop At The Top,0.077083
Jake Schepps - In The American West? Rocky Ford,0.076823
Eddie Fisher (Holiday) - My Favorite Things,0.076608
The Paul Butterfield Blues Band - Help Me,0.07654
Orchestral Manoeuvres In The Dark - Dreaming,0.076307
Justin Timberlake - Rock Your Body,0.076179
The Del McCoury Band - On The Lonesome Wind,0.076105
Patrick Lundy - That's Who He Is (Live),0.076034
Fred McDowell - Write Me A Few Of Your Lines,0.075731
Dave & Ansel Collins - Nuclear Weapon,0.075396
The Duskfall - Trust Is Overrated,0.075277
Bing Crosby - When You Wore A Tulip (live),0.07527
Harold Melvin & The Blue Notes - Don't Leave Me This Way,0.075259
Al Di Meola - Milonga Del Angel,0.075118
Converge - Homewrecker,0.074987
Shalamar - Make That Move,0.074565
Prince - Let's Work (Dance Mix),0.074435
Sam Bush - Harbor Docks,0.074378
Dean Martin - Mr. Wonderful (Live),0.074291
Earl Scruggs - Flint Hill Special,0.074182
Herman's Hermits - I'm Henry The VIII I Am,0.074181
Johnny Adams - Not Trustworthy (A Lyin' Woman),0.074043
William Clarke - Five Card Hand,0.073969
Cab Calloway - Limehouse Blues,0.07372
The Smokin' Joe Kubek Band - Comin' Home Today,0.073436
The Beatles - Maxwell's Silver Hammer,0.073137
Guardian - Let It Roll,0.073079
Nick Drake - Here Come The Blues,0.072913
Phil Collins - Another Day In Paradise (Live),0.072889
Waylon Jennings - Clyde,0.072801
Melvin Taylor - Texas Flood,0.072717
Jackie Wilson - Lonely Teardrops,0.072687
George Michael - Fastlove (Forthright Edit),0.072496
Dan Crary - Reedie's Blues,0.072306
Leftover Salmon - Midnight Blues (feat. Del & Ronnie McCoury),0.072084
Kenny Rogers (Holiday) - White Christmas,0.071883
Laurence Juber (Holiday) - God Rest Ye Merry Gentlemen,0.071699
Gilberto Gil - Mancada,0.070953
Scorpions - Big City Nights,0.070844
BBC Big Band Orchestra - On The Sunny Side Of The Street,0.070813
Dan Crary - On The Fritz,0.070588
2Pac (Tupac) - All Eyez On Me,0.070542
Doc & Merle Watson - Big Spike Hammer,0.070501
Uncle Earl - Booth Shot Lincoln,0.070484
Sonny Rollins - A Nightingale Sang In Berkeley Square (Live),0.070469
The Rolling Stones - Shake Your Hips,0.070399
Suffocation - Reincremation,0.070285
Chubby Checker - Limbo Rock,0.07024
John Danley - Whispering Blue,0.070015
Aterciopelados - Bolero Falaz,0.069563
Furry Lewis - Why Don't You Come Home Blues,0.069403
El Lebrijano - Presidiarios Con Sus Caenas,0.069241
Starkillers - Discoteka (Austin Leeds & Terranova Remix),0.069131
Nitty Gritty Dirt Band - You Are My Flower,0.069117
Glen Brown - Wicked Tumbling Version,0.068982
Kidz In The Hall - Wassup Jo',0.068933
The Rolling Stones - I'm Free,0.068892
Bill Haley & His Comets - (We're Gonna) Rock Around The Clock,0.068844
Scorpions - Rock You Like A Hurricane,0.06873
Lil Scrappy & Trillville - No Problem,0.06871
Betty Everett - The Shoop Shoop Song (It's In His Kiss),0.068655
Marcus Johnson - Just Doing What I Do,0.068644
RJD2 - Inhale (Remix),0.068493
Jerry Douglas?Russ Barenberg?Edgar Meyer - Big Bug Shuffle,0.068028
The Beatles - A Day In The Life,0.067995
Glen Gray & The Casa Loma Orchestra - Who's Sorry Now?,0.067978
Converge - You Fail Me,0.067905
Victor Manuelle - Tengo,0.067832
Light This City - Exile,0.067739
Neil Young - Ohio,0.067615
Caia - Afterwards @ The Bar,0.067263
L.T.D. - Jam,0.067076
The Beatles - Day Tripper,0.066959
Chick Corea Elektric Band - Beneath The Mask,0.066761
Fosforito - Nunca Te He Mendtido (Bulerias De Cadiz),0.066665
The Paul Butterfield Blues Band - Piney Brown Blues,0.066626
George Acosta - Tranzy State Of Mind (Club Mix),0.066316
Ani DiFranco - As Is (Live 11.16.03),0.065908
Vince Gill - When I Call Your Name,0.065896
Neil Young - Cripple Creek Ferry,0.065896
Public Enemy - Public Enemy No. 1,0.065749
Stevie Wonder - Do I Do,0.065579
Don Ross - Klimbim,0.065551
Nine Inch Nails - The Only Time,0.065213
Marvin Gaye - Sexual healing,0.065003
Albert King - Jam In A-Flat,0.064982
Louis Armstrong (Holiday) - Christmas Night In Harlem,0.064898
Yellowman - Build A Roof Over Your Head,0.064714
Lowell Fulson - Everyday I Have The Blues,0.064306
Al Stewart - Year Of The Cat,0.064232
Al Stewart - Time Passages,0.063811
Skid Row - Big Guns,0.063757
Ella Fitzgerald - Love Walked In,0.063675
Dire Straits - Once Upon A Time In The West,0.063409
Brenda Lee (Holiday) - White Christmas,0.063188
Cold Grits - It's Your Thing,0.063111
Herman's Hermits - I'm Into Something Good,0.062886
Paul Oakenfold - Amsterdam,0.062804
Jimmy Somerville - To Love Somebody,0.062781
Delroy Wilson - Pretty Girl,0.062638
Klute - Now Always Forever,0.061792
Jackson 5 - Dancing Machine,0.061677
Chino Espinoza -Los Duenos Del Son - Hector Lavoe Medley,0.061605
Gladys Knight & The Pips - Best Thing That Ever Happened To Me,0.061506
Corona - Rythym Of The Night,0.061453
Antonio Carlos Jobim - Children's Games,0.061056
Cat Stevens - The Wind,0.060943
Labelle - Lady Marmalade,0.060887
Prince - Little Red Corvette,0.06079
Marvin Gaye - I'll Be Doggone,0.060103
Lynyrd Skynyrd - Free Bird (Live),0.059926
Brodsky Quartet - I've Seen It All,0.059818
Josh White - One For My Baby,0.059413
The Beatles - With A Little Help From My Friends,0.059234
The Ray Conniff Singers (Holiday) - Santa Claus Is Coming To town,0.059181
Gleisberg - Indian Garden,0.059152
Bunny Berigan - Plantation Moods,0.059074
Sonny Rollins - St. Thomas,0.058755
Maxine Nightingale - Right Back Where We Started From,0.058397
As One - In The Arms Of You,0.05837
Don Carlos & Golo - Tear Drops,0.05824
Z-Ro - Keep On (Chopped & Screwed),0.057825
Lowell Fulson - No More. Pt. 1,0.057564
Whodini - One Love,0.05756
DJ Khaled - Out Here Grindin',0.057465
Craig Pilo - Early Cynical Mystery,0.057398
N.W.A. - Real Niggaz Don't Die,0.057005
Ella Fitzgerald & Louis Armstrong - Cheek To Cheek,0.05683
Digital Underground - Doowutchyalike,0.056818
Johnny Horton - Out In New Mexico,0.05679
Khachaturian. Aram - Masquerada. Suite From The Incidental Music For Orchestra (or Piano),0.056671
The Five Blind Boys Of Alabama - Let Me Hear My Mother Pray Again,0.056471
The Century's - Hard Times,0.05646
Alison Krauss - Wish I Still Had You,0.0564
Jackson 5 - Oh How Happy,0.056027
Junior Brown - My Wife Thinks Your Dead,0.055981
The Seldom Scene - Maybe You Will Change Your Mind,0.055956
George Acosta - Another Way (Club Mix),0.055841
BBC Big Band Orchestra - I'm Getting Sentimental Over You,0.055767
Bob Baldwin - I Wanna Be Where You Are,0.05561
Otis Spann - Home To Mississippi,0.055602
Nine Inch Nails - Kinda I Want To,0.055566
Eric Harringer & John Paul Lacey - Romance,0.055551
The Nomads - Situations,0.055351
Roberto Roena - El Pueblo Pide Que Toque,0.055017
The Roots - You Got Me,0.054799
Michael Martin Murphey (Holiday) - Corn. Water And Wood,0.054798
The Beatles - All You Need Is Love,0.054798
Antonio Aguilar - Mi Ranchito,0.054569
Nate Dogg (Holiday) - Be Thankful,0.054563
Harry James & Benny Goodman - Life Goes To A Party,0.054523
Beres Hammond? Flourgon - Bounce,0.054517
The Beatles - Help!,0.054467
Lowell Fulson - Guitar Shuffle,0.054422
Nas - Represent,0.054272
Roni Size & Reprazent - Brown Paper Bag (Roni Size Full Rap Remix),0.054139
Kidz In The Hall - Dumb*ss Tales,0.054037
Earl Scruggs - Get In Line Brother,0.053895
Tommy Johnson - Cool Drink Of Water Blues,0.053649
O-Shen - Tropically Fine,0.053644
Stevie Wonder - Higher Ground,0.053613
Daddy Yankee - Cuentame,0.053593
David Wilcox - Common As The Rain,0.053567
Liquid Mind - My Silent Knowing,0.053525
David Bowie - Rebel Rebel,0.05336
Little Milton - Penitentiary Blues,0.053235
John Scofield - A Go Go,0.053141
Dennis Alcapone & Prince Jazzbo - Lorna Banana,0.052923
The Cars - Since You're Gone,0.052843
HH - Planetary,0.052574
James Brown - Hot Pants. PT.1,0.051972
Sonny Rollins - Ev'ry Time We Say Goodbye,0.051882
Michael Martin Murphey (Holiday) - Sleigh Ride ? Jingle Bells,0.051856
Wes Montgomery - Road Song,0.051838
John Renbourn - Trotto ? Saltarello,0.051819
DJ Khaled - I'm So Hood,0.051776
Steve Winwood - While You See A Chance,0.051489
Don Ross - Blue Bear,0.051445
La Sonora Dinamita - A Mover La Colita,0.051261
Newcleus - Jam On It,0.051195
Men Of Steel - O'Carolan's Quarrel With The Landlady (Live),0.050851
Converge - The Broken Vow,0.050798
Ella Fitzgerald - My Man,0.05051
Dean Martin - Return To Me,0.050437
James Brown - Super Bad. PTS.1&2,0.050384
Guns N' Roses - Patience,0.05031
Sterling (Electronica) - Desperation,0.050114
Del Tha Funkee Homosapien - Mistadobalina,0.050044
Liquid Mind - Lullaby For Grownups,0.04996
Finbar & Eddie Furey - Curragh Of Kildare,0.049573
Ella Fitzgerald - A Fine Romance,0.04956
Les Paul & Mary Ford - How High The Moon,0.049436
Eric Harringer & John Paul Lacey - Whispering Winds,0.049337
Ralph Stanley & The Clinch Mountain Boys - Gonna Paint The Town,0.048997
C.J. Chenier & The Rod Hot Louisiana Band - Bad Luck,0.048981
Arrested Development - Tennessee,0.048927
Ella Fitzgerald - For You. For Me. For Evermore,0.048904
Jim Henry+Brooks Williams - Gender Bender,0.048819
Mike Dowling - Ragged And Dirty,0.048787
Louis Armstrong (Holiday) - Winter Wonderland (Mono Recording),0.048704
Al Di Meola - Tangata De Alba,0.048577
The Beatles - Baby You're A Rich Man,0.048417
Keith Oxman - Serenity,0.048385
Ratt - You Should Know By Now,0.04783
The New Colony Six - I Lie Awake,0.047715
Marty Robbins (Holiday) - The Joy Of Christmas,0.047639
Johnny Horton - I'm Ready If You're Willing,0.047636
The Pogues - The Band Played Waltzing Matilda,0.047475
Augustus Pablo - Give Praise (Norris Reid),0.047464
James P. Johnson - You've Got To Be Modernistic,0.04741
Kim Wilson - High & Lonesome (live),0.047378
Ella Fitzgerald - Bidin' My Time,0.047246
John Prine - Everything Is Cool,0.046977
2Pac (Tupac) - Never Had A Friend Like Me,0.046973
Hank Williams Jr. - All My Rowdy Friends Are Coming Over Tonight,0.046547
Bryan Mann - Who Put The Bomp (In The Bomp Bomp Bomp),0.046449
Sam Bush - Ozzie & Max,0.046411
Kenny Clarke's Sextet - Oblique,0.046381
John Zorn - Zhakor,0.046201
Little Walter - Blue Baby Hard Times,0.045925
Harry Connick. Jr. - It Had To Be You,0.045391
Al Stewart - Broadway Hotel,0.045318
Tommy Emmanuel - Windy & Warm,0.0447
Antonio Carlos Jobim - O Grande Amor,0.044414
Johnny Maestro & The Crests - Angels Listened In,0.044273
Marvin Sapp - Give Thanks,0.044158
The Brand New Heavies - BNH,0.044072
Jimmy Buffett - Come Monday,0.044016
Christina Aguilera (Holiday) - The Christmas Song,0.043989
Crosby. Stills. Nash & Young - Woodstock,0.043831
Deepak Chopra & Adam Plack - Valentine To Tagore,0.043819
The Pharcyde - Groupie Therapy (Instrumental),0.043781
Harry Connick. Jr. - I Could Write A Book,0.043647
Junior Brown - Freeborn Man,0.043639
Mickey Hart & Zakir Hussain - Tars,0.043456
Albert King - Born Under A Bad Sign (Live),0.043402
J.B. Lenoir - Louise,0.043348
Lucky Thompson - Jeep's Blues,0.043201
Ella Fitzgerald & Louis Armstrong - Stars Fell On Alabama,0.043169
Lee Morgan Quintet - The Gigolo,0.043044
Endre - Kallocain (Robert Nickson Remix),0.042768
Augustus Pablo - Maka,0.04256
Lou Blackburn - I Cover The Waterfront,0.042448
Mike Dowling - Mean Old Frisco,0.042402
Andrae Crouch - Soon And Very Soon,0.042333
Nas - Ether,0.042279
Indigo Girls - Blood And Fire,0.042001
Beau Jocque & The Zydeco Hi-Rollers - Chere Mignonne (Dear Cute One),0.041829
Kai Winding - Impulse,0.041654
Grey Daturas - Hanging Man Is No Peacock,0.041056
The Beatles - Ob-La-Di. Ob-La-Da,0.040837
Cedric Im Brooks - Emavungweni,0.040663
Preston Reed - Love In The Old Country,0.040171
Jake Schepps - Origami,0.040129
George Michael - Father Figure,0.039788
Sam Bush - Sailin' Shoes,0.039656
Chet Atkins & Les Paul - It Had To Be You,0.039596
Sodom - Procession To Golgotha,0.039533
Generation J - Jesus Loves Me Medley,0.039208
Doc & Merle Watson - Gambler's Yodel,0.039185
John Tesh - Key Of Love (live),0.03915
The Allman Brothers Band - Mountain Jam (Live),0.039144
Michael Martin Murphey - Talkin' To The Wrong Man,0.039046
Mars Lasar - Untouchable,0.03903
Marvin Gaye - Let's Get It On,0.039005
Ratt - Lay It Down,0.038726
The Kingsmen - Louie Louie,0.038503
Diego El Cigala - Amar Y Vivir,0.038203
Hilary Stagg - Land Of Oz,0.03805
Ella Fitzgerald - Aren't You Kind Of Glad We Did,0.03799
The Soul Survivors - Hey Gyp,0.037984
Christopher Lawrence - Ride The Light,0.037754
Tommy Flanagan Trio - Eclypso,0.037719
The David Grisman Quintet - Cedar Hill (live),0.037713
Pete Robbins - Screwgun,0.037545
Eddie Boyd - Best I Could,0.037399
Men Of Steel - In Flagrante (Live),0.037399
Sonny Rollins - Striver's Row (Live),0.036662
Jazzy Jeff & The Fresh Prince - Summertime,0.036594
David Grisman & Tony Rice - Morning Sun,0.03654
The Association - Never My Love,0.036505
David Grisman & Tony Rice - I Am A Pilgrim,0.036299
Tomasa La Macanita - Yo Soy De Jerez (Bulerias De Cai),0.036169
Kenny G - The Way You Look Tonight,0.036143
Peggy Lee & Art Lund (Holiday) - Winter Weather,0.035913
Lyle Lovett - Simple Song,0.035704
The Pharcyde - Bullsh*t (Instrumental),0.035533
Bing Crosby - You Must Have Been A Beautiful Baby,0.035456
Scratch - Square One (feat. Bilal),0.034994
Grandmaster Flash & The Furious Five - Scorpio,0.034936
The George Lewis Band - Pork Chop,0.034816
Thalia - Me Pones Sexy (I Want You) (feat. Fat Joe),0.034479
Otis Spann - Mule Kicking In My Stall,0.03438
The Smokin' Joe Kubek Band - Mean Old World,0.033918
Chuck Berry (Holiday) - Run Rudolph Run,0.033881
James Brown - Get Up Offa That Thing,0.033276
Antonio Carlos Jobim - Por Toda Minha Vida,0.032923
Antonio Carlos Jobim - Tide,0.032896
Doctor Ross - Tailor Made,0.032877
David Grisman & Tony Rice - Banks Of The Ohio,0.03261
Cal Tjader - Sambo Do Suenho,0.032164
Hilary Stagg - Island Sweets,0.032149
Frank Sinatra & Bing Crosby (Holiday) - The Christmas Song ? White Christmas,0.032111
Doc Watson - Little Sadie,0.032085
Lorie Line - I Surrender All,0.032004
Faure. Gabriel - Sonata For Cello & Piano No. 1 In D Minor. Op. 109,0.031916
Maria Bethania & Gal Gosta - Sonho Meu,0.031915
Orchestral Manoeuvres In The Dark - If You Leave,0.031851
Poppa Hop & His Orchestra (Holiday) - Merry Christmas Darling,0.031688
La Sonora Dinamita - La Cortina,0.031246
Hugo Montenegro & His Orchestra - Theme From A Fistful Of Dollars,0.031175
Wes Montgomery - Watch What Happens,0.031174
Tony Bennett - She's Funny That Way,0.031126
Lou Blackburn - Secret Love,0.03097
Doc Watson - Banks Of The Ohio (Live),0.030783
Lowell Fulson - Western Union Blues,0.030682
Scorpions - No One Like You,0.030413
L.T.D. - Back In Love Again,0.030306
Willie Banks - God's Goodness,0.030299
Yellowman - Weed Dem (feat. Beenie Man),0.03028
Marvin Gaye - Got To Give It Up,0.03028
Clifford Brown - Hymn Of The Orient,0.030249
Skafish (Holiday) - O Come. O Come Emmanuel,0.0298
Haden. Charlie. And Quartet West - Moonlight Serenade,0.029795
Eric Harringer & John Paul Lacey - Nature's Way,0.029723
Cat Stevens - Moonshadow (Live),0.029426
Peaches & Herb - Shake Your Groove Thing,0.029344
The Youth Choir Of Saint-Francois De Versailles (Holiday) - Guillo Take Your Tambourine,0.02921
Leftover Salmon - Bend In The River (Live),0.029152
Ronan Hardiman - Celtic Dream,0.028971
Eazy-E - Eazy-Er Said Than Dunn,0.028791
John Danley - Dust For Sparrows,0.028589
Antonio Pinana - Cuando Llora La Guitarra,0.028546
Christina Aguilera (Holiday) - Have Yourself A Merry Little Christmas,0.028488
Buddy Bregman - Derek's Blues,0.028462
Raekwon - Verbal Intercourse,0.028358
Sonny Rollins - 'Round Midnight,0.028352
Bill Monroe - Molly & Tenbrooks,0.027997
The Four Aces - Mister Sandman,0.027899
Pete Fountain - High Society,0.027887
Rachmaninov. Sergey - Piano Concerto No. 3 In D Minor. Op. 30,0.027886
Nitty Gritty Dirt Band - Togary Mountain,0.027875
Katalyst - Dangerous,0.027743
Hank Williams Jr. - Whiskey Bent And Hell Bound,0.02762
Bobo Thomas - Catfish Blues,0.027619
Pee Wee Hunt & His Orchestra - Twelfth Street Rag,0.027378
Prince - I Wanna Be Your Lover,0.027231
Pee Wee Hunt & His Orchestra - Charleston,0.026995
Guardian - Sister Wisdom,0.026786
Will Ackerman - If You Look,0.026692
Willie Nix - Prison Bound Blues,0.026598
R.L. Burnside - When My First Wife Left Me,0.026595
Milt Jackson - These Foolish Things,0.026567
The Allman Brothers Band - Long Time Gone,0.026295
James Cotton - Mighty Long Time,0.026273
Lefty Frizzell - I Love You A Thousand Ways,0.025904
Toots Thielemans & Elis Regina - Aquarela Do Brasil,0.025894
Kruger Brothers - Up18north,0.025873
RJD2 - Things Go Better,0.025722
David Darling - Lady Child's Dream,0.025701
Indigo Girls - Left Me A Fool,0.025572
Arrested Development - Mr. Wendal,0.025477
Ratt - You're In Trouble,0.025471
Black Sheep - The Choice Is Yours (Revisited),0.025359
Public Enemy - Don't Believe The Hype,0.025332
Eric Harringer & John Paul Lacey - Nature's Lullaby,0.024921
Clarence Fountain - I Want To Go,0.024888
Josh White - Uncle Sam Says,0.024759
Skafish (Holiday) - Jingle Bells,0.024695
Rachmaninov. Sergey - Piano Concerto No. 4 In G Minor. Op. 40,0.024691
Lester Young - Six Cats And A Prince (Master Take),0.024472
Tex Ritter - I've Found A New Baby (Instrumental),0.024299
Granite & Phunk - Knock You Over,0.024255
The Allman Brothers Band - Little Martha,0.024242
Lyle Lovett - North Dakota,0.024192
Stevie Wonder - Overjoyed,0.024102
Jack Jones - Autumn Leaves,0.024055
The Cotton Pickers - Hot Lips,0.024049
Sonny Rollins - Like Someone In Love,0.023864
Kai Winding - Trombone For Two,0.023841
The Wiseguys - Ooh La La,0.023786
Clifford Brown - Brownie Speaks,0.023683
Debbie Reynolds - Love Is A Simple Thing,0.02368
The Pointer Sisters - Jump,0.023617
Prince - Controversy,0.023616
Michael Spence - Is This Love,0.023418
Mickey Hart & Zakir Hussain - Funky Zena,0.02321
Vicious Circles - Vicious Circles (Ryan Blair Mix),0.023084
The Allman Brothers Band - Can't Take It With You,0.02304
Tricky - Aftermath,0.022968
Redman - Tonights Da Night,0.022895
Sonny Rollins - On Green Dolphin Street,0.02277
Deuter - Buddha Nature,0.022763
Ella Fitzgerald - Crying Mood,0.022758
Milt Jackson - The Song Is Ended,0.022596
Blind Blake - Depression's Gone From Me Blues,0.022544
Pete Fountain - Just A Closer Walk With Thee,0.022536
Compulsion - Rapejacket,0.022536
Verdi. Giuseppe - Nabucco. Opera (Nabucodonosor),0.022462
Asleep At The Wheel - Cotton-Eyed Joe,0.022336
Morricone. Ennio - Sergio Leone Suite,0.022293
Ella Fitzgerald & Louis Armstrong - A Foggy Day,0.022247
Maynard Ferguson - Everybody Moan,0.022221
Twilight 22 - Electric Kingdom,0.022198
Liquid Mind - Gently Down,0.022159
Mildred Bailey (Holiday) - I've Got My Love To Keep Me Warm (feat. Red Norvo),0.022108
Outkast - I'll Call Before I Come (feat. Eco & Gangsta Boo),0.022094
Midnight Star - Freak-A-Zoid,0.022091
Bunny Berigan - Sobbin' Blues,0.021863
Doc Watson - Little Orphan Girl (Live),0.021845
Al Stewart - On The Border,0.021661
John Scofield - Rule Of Thumb,0.021595
Soda Stereo - Cuando Pase El Temblor,0.021275
Patra - Romantic Call,0.021259
Lester Young - Prisoner Of Love,0.021251
Alison Krauss - Don't Follow Me,0.021199
Ella Fitzgerald - Guilty,0.021017
Sonny Rollins - Moritat (Mack The Knife),0.02097
The Dubs - Chapel Of Dreams,0.020837
Freddie Jackson - You Are My Lady,0.020653
Sonny Rollins - Paradox,0.020652
Sonny Rollins - On A Slow Boat To China,0.02039
Rachmaninov. Sergey - Moments Musicaux (6) For Piano. Op. 16,0.020382
Cal Tjader - Mambo In Miami,0.020351
Ella Fitzgerald - These Foolish Things,0.020001
Marvin Gaye - Got To Give It Up. Part 1 ( Live),0.01985
Roger - I Want To Be Your Man,0.019813
Houston Person - Two Rb's,0.019778
Jim Henry+Brooks Williams - Malted Milk,0.019652
System F - Out Of The Blue,0.019642
ABORTED - Clinical Colostomy,0.019641
Arrested Development - People Everyday (Reprise),0.019507
Daevid Allen - Untitled,0.019425
Jim Henry+Brooks Williams - Angie,0.01939
Midnight Star - No Parking,0.019386
Marvin Gaye - How Sweet It Is (To Be Loved By You),0.019037
The Beatles - Run For Your Life,0.019
James P. Johnson - What Is This Thing Called Love,0.018992
Liz Story (Holiday) - O Thou Joyful Day - O Little Town of Bethlehem,0.018755
Christmas Cookies (Holiday) - The Christmas Song,0.018611
Ratt - Slip Of The Lip,0.01847
Allure - Rejected,0.018431
Lee Morgan - Hocus Pocus,0.018417
Doc Watson - Jimmy's Texas Blues (Live),0.018338
Dan Crary - Lime Rock,0.01824
John Hammond - Little Rain Falling,0.01821
Various Artists? 50 Most Loved Christmas Carols (Holiday) - In The Bleak Midwinter,0.018202
Ella Fitzgerald - Mood Indigo,0.017971
Lefty Frizzell - Always Late With Your Kisses,0.017956
Various Artists? 50 Most Loved Christmas Carols (Holiday) - Lo. How A Rose E'er Blooming,0.017854
Will Bradley & His Orchestra - When You And I Were Young. Maggie,0.01785
Eric Harringer & John Paul Lacey - Morning Dew,0.017701
Jack Jones - Somewhere My Love,0.017639
Rachmaninov. Sergey - The Isle of the Dead. symphonic poem. Op. 29,0.017551
Raina Rose - Evergreen House. 2nd Floor,0.017514
Tim Sparks - Trap Hill Breakdown,0.017488
Toots & The Maytals - 54-56 Was My Number,0.017475
Jimmy Cliff - Look At The Mountains,0.017375
Alexander O'Neal (Holiday) - The Christmas Song (Chestnuts Roasting On An Open Fire),0.017291
The Gene Harris Quartet - The Song Is Ended,0.017148
Furry Lewis - Falling Down Blues,0.017146
Benny Carter - Laura,0.016988
Public Enemy - Fight The Power,0.016826
Kai Winding - Doodlin',0.016744
The Rolling Stones - Complicated,0.016704
Bunny Berigan - The Buzzard,0.016696
The Dukes Of Dixieland - Sunrise. Sunset,0.01669
Leroy Carr - My Woman's Gone Wrong,0.016636
The Association - Windy,0.016598
Chris Bocast - Quantum Entanglement,0.016571
James Brown - Funky President,0.016559
David Grisman & Tony Rice - Grandfather's Clock,0.016537
Boyce. William - Trio Sonata No. 9 In C Major,0.016314
Tommy Flanagan - Rough Ridin',0.016267
David Grisman & Tony Rice - Swing '42,0.016203
Binary Finary - 1999,0.016192
Corciolli - Work (Water),0.016149
Laurence Juber (Holiday) - Away In A Manger,0.016147
Dan Crary - Lady's Fantasy,0.016051
Teddy Wilson - In The Mood,0.016029
Joe Jackson - Baby Stick Around,0.015958
Chick Corea Elektric Band - Passage,0.015889
Clint Mansell & Kronos Quartet - Lux Aeterna,0.015887
Verdi. Giuseppe - Il Trovatore. Opera,0.015811
Strauss. Richard - Der Rosenkavalier. Opera. Op. 59 (TrV 227),0.015723
Justin Hinds & The Dominoes - Carry Go Bring Come (Ska Version),0.015702
Laurence Juber (Holiday) - Good King Wenceslaus,0.015564
Robert Henke - Signal To Noise II,0.015557
Digital Underground - Same Song,0.015547
Kenny G - G-Bop,0.015461
Don Ross - Give Me Seven Reasons,0.015234
Toshiko Akiyoshi - 52nd St. Theme,0.015152
Robert Johnson - Walkin' Blues,0.015101
Will Ackerman (Holiday) - Emmanuel,0.014833
Liquid Mind - Zero Degrees Zero,0.014784
Rachmaninov. Sergey - Piano Concerto No. 1 In F Sharp Minor. Op. 1,0.014743
Jerry Bergonzi - Outhouse,0.014738
Kitty Kallen - Little Things Mean A Lot,0.014555
Lefty Frizzell - My Rough And Rowdy Ways,0.014484
Funck. David - Suite In D,0.014376
Junior Mance Trio - Smokey Blues (Live),0.014365
Dan Crary - Tom & Jerry,0.014343
Ella Fitzgerald - Desafinado (Slightly Out Of Tune),0.014272
Tex Atchison - Tennessee Hound Dog,0.014146
Frank Foster - John R. And Garfield,0.014002
Doc Watson - Billy In The Low Ground (Live),0.013961
The Beatles - If I Needed Someone,0.013883
Creative Music Services Musicians (Holiday) - O Christmas Tree,0.013837
Robert Johnson - Traveling Riverside Blues,0.013807
Doc Watson - Spike Driver Blues,0.013713
Booker Ervin - Lynn's Tune,0.013709
Ralph Stanley & The Clinch Mountain Boys - Pretty Polly,0.0137
Garfield Akers - Cottonfield Blues Part 1,0.013676
Otis Spann - I'm Ready,0.013665
Dan Crary - Amsterdance,0.013514
Pete Fountain - While We Danced At The Mardi Gras,0.013483
Deuter - Nada Himalaya 2,0.013397
Milt Jackson - Enigma,0.013394
Ella Fitzgerald - It's Only A Paper Moon,0.013387
Teddy Wilson - King Porter Stomp,0.01337
Antonio Carlos Jobim - The Girl From Ipanema,0.013361
Vendredi 13 - Frequency 7,0.013353
Sonny Rollins - Pent Up House,0.013296
Sade - Paradise,0.013206
Mickey Hart & Zakir Hussain - Dances With Wood,0.013189
Rachmaninov. Sergey - Piano Concerto No. 2 In C Minor. Op. 18,0.01311
Tommy Johnson - Maggie Campbell,0.013088
Deuter - Earthlight,0.012903
Charlie Lincoln - Depot Blues,0.012658
Gordon Bok - Sailor's Carol,0.012624
Mice Parade - Circle None,0.012605
"Lucky Thompson - Take The ""A"" Train",0.012339
David Grisman & Tony Rice - The Prisoner's Waltz,0.012295
Jean-Luc Ponty - Eulogy To Oscar Romero,0.012197
Strauss. Richard - Macbeth. Tone Poem For Orchestra. Op. 23 (TrV 163),0.012142
Mojo Nixon and the Toadliquors (Holiday) - Boogie Woogie Santa Claus,0.012036
Paul Bley - Time On My Hands,0.012022
Furry Lewis - Baby You Don't Want Me,0.011965
Jim Henry+Brooks Williams - On The Rollin' Sea,0.011675
Flip Phillips - Dream A Little Dream Of Me,0.011664
Furry Lewis - Long Tall Gal Blues,0.011467
Pete Fountain - The Darktown Strutters' Ball,0.01126
Mahler. Gustav - Symphony No. 5 in C sharp minor,0.011103
Furry Lewis - Goin' To Kansas City,0.011092
Boccherini. Luigi - Symphony In D Major. G. 509 (Op. 35?1),0.010987
SubtractiveLAD - My Quadrant,0.01083
Brian Eno - Neroli,0.010773
Sonny Rollins - There Are Such Things,0.010739
Cedar Walton Trio - I Mean You,0.010721
Laurence Juber (Holiday) - Prelude & Silent Night,0.010719
Bob Brookmeyer - Skylark,0.01059
Eric Clapton & Duane Allman - Mean Old World,0.010556
The Beatles - Michelle,0.010388
Prince - Kiss,0.010374
Pete Fountain - Someday Sweetheart,0.010319
Cal Tjader - Stardust,0.010316
Josh White - New Milk Cow Blues,0.010311
Toots & The Maytals - Time Tough,0.0102
Skafish (Holiday) - Joy To The World,0.010191
Antonio Carlos Jobim - Amor Em Paz (Once I Loved),0.010081
Ralph Stanley & The Clinch Mountain Boys - Man Of Constant Sorrow,0.009895
Bill Connors - It Be FM,0.009859
Clifford Brown - Donna Lee (live),0.009852
Lone Ranger - Collie Rock,0.009839
Lee Sykes - Lock Jaw,0.009817
Fats Waller (Holiday) - Winter Weather,0.009491
"Dittersdorf. Karl Ditters von - Symphony After Ovid's ""Metamorphoses"" No. 4 In F Major (""Die Rettung Der Andromeda Durch Perseus"")",0.009427
Clifford Brown - Love Is A Many Splendored Thing,0.009352
Z-Ro - Mo City Don (Freestyle),0.009336
"Boccherini. Luigi - Quintet For Guitar & Strings In D Major (""Fandango""). G. 448 (Arrangement Of String Quintets. G. 270 & 341)",0.009314
Little Walter - Bad Acting Woman,0.009268
Boccherini. Luigi - Symphony In E Flat Major. G. 510 (Op. 35?2),0.009232
Prince - Let's Work,0.009229
Various Artists? 50 Most Loved Christmas Carols (Holiday) - While Sherherds Watched Their Flocks,0.009189
Lorie Line - Faith Of Our Fathers,0.00898
John R. Burr - For The Asking,0.008975
Rachmaninov. Sergey - Symphony No. 2 in E minor. Op. 27,0.008938
"Eddie ""Lockjaw"" Davis - Trane Whistle",0.008897
Benny Carter - Long Ago And Far Away,0.008861
Maynard Ferguson - The Wailing Boat (Live),0.008806
Cannonball Adderley - Autumn Leaves,0.008768
Jon Schmidt - Passages,0.008638
Alison Krauss - Foolish Heart,0.008614
Furry Lewis - Furry's Rag (Take Your Time. Baby),0.008538
David Grisman & Tony Rice - Song For Two Pamelas,0.008478
Antonio Carlos Jobim - Insensatez (How Insensitive),0.008421
Rogue Wave - Perfect,0.008411
Dean Martin - Memories Are Made Of This,0.008365
Stars Of The Lid - A Meaningful Moment Through A Meaning(Less) Process,0.008339
Teddy Wilson - Flyin' Home,0.008313
Josh White - Trouble,0.008264
Beck. Ignaz. Franz - Overture (Sinfonia) In G Minor. Op. 1?1 (Callen 1),0.008221
Anita Ward - Ring My Bell,0.008194
Cannonball Adderley - You' re A Weaver Of Dreams,0.008165
Gordon Bok - Herring Croon,0.008146
Schumann. Robert - Piano Concerto in A minor. Op. 54,0.008107
The Beatles - Within You Without You,0.007962
David Grisman & Tony Rice - O Solo Mio,0.007937
Chopin. Fryderyk - Nocturnes (2) for piano. Op. 48. CT. 120-121,0.007861
Doc Watson - Liitle Orphan Girl (Live),0.007852
Mose Andrews - Ten Pound Hammer,0.007836
Explosions In The Sky - A Slow Dance,0.007794
George Michael - Praying For Time,0.007738
Josh White - Jesus Gonna Make Up My Dying Bed,0.007716
Furry Lewis - Mistreatin' Mama,0.007616
Morricone. Ennio - Giuseppe Tornatore Suite,0.007615
Gordon Bok - Jericho,0.007588
Steve Lacy - Alone Together,0.007478
Teddy Wilson - Body And Soul,0.007436
Robin Bullock - Rigler's March-Rex's Rambles,0.0074
Todd Collins (Holiday) - Angels We Have Heard On High,0.007387
Furry Lewis - This Time Tomorrow,0.00735
Deuter - Waves Of Light,0.00728
Furry Lewis - Big Chief Blues,0.00728
Robert Johnson - Last Fair Deal Gone Down,0.007267
Benny Page - Neck Breaker,0.007197
Fairfield Four - How I Got Over,0.007124
Butch Thompson (Holiday) - We Three Kings,0.007084
Hilary Stagg - Spirit Dancers,0.007079
The Cambridge Singers & Orchestra (Holiday) - Good Christian Men. Rejoice,0.007068
Markus Reuter - Read Aloud In Cold Blood,0.00698
Boccherini. Luigi - Symphony In D Minor. G. 522 (Op. 45),0.006895
Antonio Carlos Jobim - Vivo Sonhando,0.006894
"Mahler. Gustav - Symphony No. 6 in A minor (""Tragic"")",0.006826
Doc Watson - Eastbound Train (Live),0.006771
"Dittersdorf. Karl Ditters von - Symphony After Ovid's ""Metamorphoses"" No. 1 In C Major (""Die Vier Weltalter"")",0.006736
Paul Horn - Now Hear This,0.006722
Robert Johnson - I Believe I'll Dust My Broom,0.006598
Deuter - Sea And Silence,0.006362
Chris Bocast - Hearts' Rest,0.006358
Dan Gibson - The Fallen Leaves,0.006328
Wes Montgomery - Full House (Live),0.006158
Tommy Johnson - Big Fat Mama Blues,0.006034
Jimmy Forrest - By The River Sainte Marie,0.006007
Tommy Johnson - Lonesome Home Blues (Take 2),0.005975
Butch Thompson (Holiday) - God Rest Ye Merry Gentlemen,0.005917
Branford Marsalis - Swingin' At The Haven,0.005825
Stars Of The Lid - Even If You're Never Awake,0.00582
Tommy Flanagan - While You Are Gone,0.005808
Dittersdorf. Karl Ditters von - Concerto For Harp. 2 Oboes. 2 Horns & Stringorchestra In A Major,0.005757
Liquid Mind - In The Stillness,0.005618
Rachmaninov. Sergey - Symphony No. 1 in D minor. Op. 13 (lost; reconstructed from piano duets and orch. fragments),0.00557
Teddy Wilson - I've Got A Crush On You,0.005488
Cherubini. Luigi - Requiem No.2. For Male Chorus & Orchestra In D Minor,0.005455
Ben Webster - Tenderly,0.005349
Markus Reuter - The Increase Of Faith,0.005331
Donald Byrd & Doug Watkins - If I Love Again,0.005258
Loreena McKennitt (Holiday) - The Stockford Carol,0.005256
Howard Roberts - Watermelon Man,0.005155
Deepak Chopra & Adam Plack - Serenity,0.00513
Rachmaninov. Sergey - Symphonic Dances. for orchestra (or 2 pianos). Op. 45,0.005104
Boccherini. Luigi - Sonata for cello & continuo in C major. G. 17,0.00506
Mahalia Jackson - Trouble Of The World,0.00499
Boccherini. Luigi - Symphony In D Major. G. 503 (Op. 12?1),0.004979
Ben Webster - Someone To Watch Over Me,0.004913
Jon Schmidt - Night Song,0.004909
Couperin. Francois - L'Espagnole (La Visionnaire). For 2 Violins & Continuo (Les Nations),0.004857
Kokomo Arnold - Milk Cow Blues,0.004848
Boccherini. Luigi - Symphony In C Major. G. 495 (Op. 21?3),0.004806
Gene Ammons - My Romance,0.004799
Robert Shaw Chorale (Holiday) - Carol Of The Bells ? Deck The Halls,0.004513
Faure. Gabriel - Sonata For Cello & Piano No. 2 In G Minor. Op. 117,0.004432
Tim O'Brien - Johnny Don't Get Drunk ? Rye Straw,0.00443
The Gene Harris Quartet - Sweet And Lovely,0.004272
Dan Gibson - Adventureous Spirit,0.004193
Beck. Ignaz. Franz - Overture (Sinfonia) In G Major. Op. 1?5 (Callen 5),0.004131
Deuter - Yellow Mandala,0.004089
"Berwald. Franz - Symphony No. 2 In D. ""Sinfonie Capricieuse""",0.004051
Lorie Line - Think Of Me,0.004044
Boccherini. Luigi - Cello Concerto In C Major. G. 573,0.004042
Chopin. Fryderyk - Nocturnes (3) For Piano. Op. 9. Ct. 108-110,0.003932
Yolanda Kondonassis (Holiday) - Bring A Torch. Jeannette. Isabella,0.003931
Wes Montgomery - If I Should Lose You (Take 2-Alternate),0.003914
Boccherini. Luigi - Symphony In A Major. G. 498 (Op. 21?6),0.003912
Rachmaninov. Sergey - Rhapsody On A Theme Of Paganini (Introduction And 24 Variations). In A Minor For Piano & Orchestra. Op. 43,0.003896
Brian Eno - An Ending (Ascent),0.003856
Milt Jackson - Sweet And Lovely,0.003824
Deuter - Empty Shore,0.003751
Tom Rush - Mole's Moan,0.003744
Schumann. Robert - Cello Concerto in A minor. Op. 129,0.003705
Baguer. Carlos - Symphony No. 18 In B Flat Major,0.003687
Verdi. Giuseppe - La Traviata. Opera,0.003665
The Time - Jungle Love,0.003659
Boyce. William - Trio Sonata No. 6 In B Flat Major,0.003616
Bill Evans & Jim Hall - I Hear A Rhapsody,0.003577
Scott Solter - Desert Trains,0.003498
Boccherini. Luigi - Symphony In E Flat Major. G. 513 (Op. 35?5),0.003485
Boccherini. Luigi - Quintet For Guitar & Strings In E Minor. G. 451 (arrangement Piano Quintet. G. 407),0.003389
Jennifer Haines (Holiday) - Cantique De Noel (O Holy Night),0.003384
Boccherini. Luigi - Cello Concerto In A Major. G. 475,0.00338
Jim Taylor - Little Rose Is Gone. Billy In The Lowground,0.003174
The Sons Of The West - Panhandle Shuffle,0.003156
Doc Watson - Down In The Valley To Pray,0.00308
Boccherini. Luigi - Symphony In C Major. G. 505 (Op. 12?3),0.003064
Rosetti. Antonio - Symphony In G Major. A 40?K 1 No 22,0.00303
Baguer. Carlos - Symphony No. 13 In E Flat Major,0.00301
Boccherini. Luigi - String Quartet In E Minor. G. 202 (Op. 32?2),0.002998
Westbam - Elektronische Tanzmusik,0.002934
Boccherini. Luigi - Symphony In D Major. G. 496 (Op. 21?4),0.002883
Christmas Cookies (Holiday) - White Christmas,0.002779
Milt Jackson - Namesake,0.002753
James P. Johnson - Keepin' Out Of Mischief Now,0.002728
Robert Johnson - I'm A Steady Rollin' Man,0.00266
Bing Crosby - It's Been A Long. Long Time,0.002536
Strauss. Richard - Salome. opera. Op. 54 (TrV 215),0.00253
Sam Bush - Big Mon,0.002427
Cherubini. Luigi - Overtures,0.002368
Boccherini. Luigi - String Quartet In D Major. G. 165 (Op. 8?1),0.002329
Steve Roach & Robert Rich - Silk Ridge,0.002312
Bessie Smith (Holiday) - At The Christmas Ball,0.002277
Antonio Carlos Jobim - Agua De Beber,0.002256
Verdi. Giuseppe - Falstaff. Opera,0.002234
"Boccherini. Luigi - Quintet For Guitar & Strings In C Major (""La Ritirada Di Madrid""). G. 453 (arrangement Of Piano Quintet. G. 409)",0.002226
Roni Size & Reprazent - Down,0.002215
The Cambridge Singers & Orchestra (Holiday) - 'Twas In The Moon Of Winter Time,0.002173
Butch Thompson (Holiday) - Silent Night,0.002146
James P. Johnson - I've Got A Feeling I'm Falling,0.002136
Faure. Gabriel - Impromptu for piano No. 3 in A flat major. Op. 34,0.002135
Verdi. Giuseppe - Macbeth. Opera,0.002133
Milt Jackson - Little Girl Blue (Live),0.00211
Steve Roach & Robert Rich - Going Inland,0.002092
Dave Swarbrick - Two Magicians,0.002056
Boyce. William - Trio Sonata No. 4 In G Minor,0.001995
Verdi. Giuseppe - La Forza Del Destino. Opera,0.001992
Schumann. Robert - Kreisleriana. 8 fantasies for piano. Op. 16,0.001942
Deuter - Coral Gardens,0.00194
Cherubini. Luigi - Symphony In D Major,0.001934
Rachmaninov. Sergey - Preludes (13) For Piano. Op. 32,0.001843
Mendelssohn. Fanny - String Quartet In E Flat Major,0.001843
Chopin. Fryderyk - Piano Sonata No. 3 in B minor. Op. 58. CT. 203,0.001836
Sonny Rollins - Manhattan,0.001827
Dave Holland - Blue,0.001819
Brian Eno - Stars,0.001769
Boccherini. Luigi - String Quartet In G Minor. G. 205 (Op. 32?5),0.001684
Boccherini. Luigi - Sonata for cello & continuo in G major. G. 5 (Six Sonatas No. 3),0.001663
Boccherini. Luigi - String Quartet In E Flat Major. G. 201 (Op. 32?1),0.001659
Boccherini. Luigi - Symphony In A Major. G. 508 (Op. 12?6),0.001647
Deuter - Black Velvet Flirt,0.001639
Milt Jackson - Bags Of Blue (Live),0.001602
Rosetti. Antonio - Symphony In C Major. A 9?K 1 No 21,0.001565
Corciolli - Children (Lake),0.001542
Stars Of The Lid - Broken Harbors? Part 1,0.001529
Brian Eno - Zawinul ? Lava,0.001499
Boccherini. Luigi - String Quartet In D Major. G. 203 (Op. 32?3),0.001459
Rosetti. Antonio - Symphony In F Major. A 33?K 1 No 24,0.001458
Boccherini. Luigi - Cello Concerto In D Major. G. 483 (Op. 34),0.00144
Boccherini. Luigi - Cello Concerto In D Major. G. 476,0.001426
"Mealli. Giovanni - Sonata For Violin & Continuo. Op. 3?6 (""La Sabbatina"")",0.00139
Boccherini. Luigi - Quintet For Guitar & Strings In G Major. G. 450 (Arrangement Of Quintet For Flute And Strings. G. 531 & String Quartet. G. 240),0.001335
Rachmaninov. Sergey - Etudes-tableaux. For Piano. Op. 33,0.001334
Boccherini. Luigi - Minuet in A major. arrangements (after String Quintet in E major. Op.11?5 [aka Op. 13?5]. G. 275),0.001312
Boieldieu. Francois-Adrien - Concerto For Harp & Orchestra In C. Op.77,0.001287
Chopin. Fryderyk - Waltzes (3) for piano. Op. 70. CT. 217-219,0.001277
Corciolli - Mikhael (Angel Of Divine Protection),0.001214
Boccherini. Luigi - Cello Concerto In E Flat Major. G. 474,0.001213
Deuter - Earth Shadow,0.001197
Boccherini. Luigi - Symphony In C Minor. G. 519 (Op. 41),0.001188
Stars Of The Lid - Gasfarming,0.001132
Butch Thompson (Holiday) - Ave Maria,0.001123
Boccherini. Luigi - Quintet For Guitar & Strings In D Minor. G. 445 (arrangement Of Piano Quintet. G. 416),0.001076
"Dittersdorf. Karl Ditters von - Sinfonia In A Major. (""Sinfonia Nazionale Nel Gusto Di Cinque Nazioni""). Grave A10",0.000954
The Cambridge Singers & Orchestra (Holiday) - Angels We Have Heard On High,0.000938
Baguer. Carlos - Symphony No. 16 In G Major,0.000937
Dittersdorf. Karl Ditters von - Divertimento Fur Violine. Viola Und Violoncello D Major,0.000937
Couperin. Francois - In Lectulo Meo,0.000891
Boccherini. Luigi - Symphony In B Flat Major. G. 497 (Op. 21?5),0.000888
Eric Harringer & John Paul Lacey - Ageless,0.000882
Boccherini. Luigi - Symphony In D Major. G. 520 (Op. 42),0.000876
Strauss. Richard - Eine Alpensinfonie (An Alpine Symphony) For Orchestra. Op. 64 (TrV 233),0.000866
Lorie Line - Norwegian Wood,0.000855
Chopin. Fryderyk - Etudes (12) for piano. Op. 25. CT. 26-37,0.000849
Boccherini. Luigi - String Quintet For 2 Violins. Viola & 2 Cellos In G Minor. G. 351 (Op. 42?4),0.000837
The Cambridge Singers & Orchestra (Holiday) - O Little One Sweet,0.000836
Teddy Wilson - Easy To Love,0.000829
Cherubini. Luigi - String Quartet No. 6 In A Minor,0.000823
Verdi. Giuseppe - Luisa Miller. Opera,0.000813
Antonio Vivaldi (Holiday) - Gloria In D Major. Et In Terra Pax,0.000755
Chopin. Fryderyk - Nocturnes (3) for piano. Op. 15. CT. 111-113,0.000702
Jon Schmidt - Solace,0.000698
Faure. Gabriel - Piano Trio In D Minor. Op. 120,0.00069
Verdi. Giuseppe - Requiem Mass. For Soloists. Chorus & Orchestra (Manzoni Requiem),0.000689
Boyce. William - Ode For St. Cecilia's Day,0.00068
Pichl. Vaclav - Symphony In C Major. Z21,0.000668
Mahler. Gustav - Symphony No. 10 In F Sharp Minor (realization By Deryck Cooke),0.000652
Teddy Wilson - Mean To Me,0.000626
Boccherini. Luigi - Cello Concerto In B Flat Major. G. 482,0.000608
Boccherini. Luigi - Cello Concerto In C Major. G. 477,0.000569
Boccherini. Luigi - Symphony In B Flat Major. G. 493 (Op. 21?1),0.000557
Tommy Jarrell - The Drunken Hiccups,0.000554
Rachmaninov. Sergey - Preludes (10) For Piano. Op. 23,0.00055
Fiorillo. Federigo - Concerto For Violin & Orchestra No 1 In F,0.000549
Deuter - Marfa Lights 2,0.000514
Palmgren. Selim - May Night. For Piano,0.000504
Schumann. Robert - String Quartet No. 2 in F major. Op. 41?2,0.000488
"Dittersdorf. Karl Ditters von - Sinfonia In D Major. (""Il Combatiimento Delle Passioni Umani""). Grave D16",0.000486
Rosetti. Antonio - Symphony In D Major. A 12?K 1 No 12,0.000457
Couperin. Francois - Ignitum Eloquium Tuum. Motet Verset For 2 Sopranos. 2 Violins & Continuo (4 Versets D'un Motet),0.000444
John Jacob Niles (Holiday) - Jesus. Jesus. Rest Your Head,0.000439
Deuter - Marfa Lights 1,0.00042
Robin Guthrie & Harold Budd - Childhood Lost,0.000312
Corciolli - Friends (Sky),0.000247
Chopin. Fryderyk - Impromptu for piano in G flat major. Op. 51. CT. 45,0.000246
"Boccherini. Luigi - Symphony In D Minor (""La Casa Del Diavolo""). G. 506 (Op. 12?4)",0.000221
Corciolli - Rain,0.000215
Schumann. Robert - Romances (3) for piano. Op. 28,0.000188
Verdi. Giuseppe - Sacred Pieces (4). For Chorus & Orchestra (Quattro Pezzi Sacri),0.000182
Boccherini. Luigi - String Quartet in A major. G. 213 (Op. 39),0.000171
Stars Of The Lid - A Lovesong (For Cubs)+? Part 3,0.000157
Dittersdorf. Karl Ditters von - Concerto For Viola & Orchestra In F,0.000103
Markus Reuter - A Clue To Reality,0.000017
Corciolli - Forest Spirit,0.000011