id,song,hip hop
497,Margot Meets The Melody Maker - Torch (Extrawelt Remix),0.94173
846,The Pharcyde - Bullsh*t (Instrumental),0.900025
1274,The Roots - No Alibi,0.886515
589,Mickey Hart & Zakir Hussain - Dances With Wood,0.886018
1448,DJ Drama & Lil' Wayne - Gettin' Some Head,0.85755
1396,LFO (Pop) - Summer Girls,0.800822
1447,DJ Drama & Lil' Wayne - Get 'Em,0.779363
1671,Mr. Scruff - Chipmunk,0.769328
733,Pepe Bradock - Un Pepe Dans La Dentelle,0.752064
698,Brother Ali - Blah Blah Blah (feat. Slug),0.726421
268,Raekwon - Verbal Intercourse,0.714082
95,Jurgen Paape - Take That,0.706036
1271,The Roots - Stay Cool,0.692185
680,God-Des - Debate,0.681097
890,Dan The Automator - Champions (Instrumental),0.675622
1844,2Pac (Tupac) - All Eyez On Me,0.673087
1701,Tim Track - Panic Voice,0.670789
1842,2Pac (Tupac) - Keep Ya Head Up,0.636294
1273,The Roots - Don't Feel Right (Instrumental),0.619689
47,Robin Thicke - Lost Without U,0.617789
845,The Pharcyde - Runnin',0.611452
889,Dan The Automator - Bang The Ball (Instrumental),0.60148
67,Outkast - I'll Call Before I Come (feat. Eco & Gangsta Boo),0.597071
1840,2Pac (Tupac) - Against All Odds,0.595443
1537,Klute - Oshima,0.588967
1843,2Pac (Tupac) - Death Around The Corner,0.584521
775,Azzido Da Bass - Dooms Night,0.579556
1263,Plastic Little - Hola Plastique,0.578371
1713,Z-Ro - Mo City Don (Freestyle),0.576919
1641,Lil Scrappy & Trillville - No Problem,0.567914
1629,Michael Burns - The Ambience,0.567337
1482,Young Jeezy - And Then What,0.53556
696,Brother Ali - Forest Whitiker,0.533557
1859,Nas - Street Dreams,0.522451
891,Dan The Automator - Lyrics To Go (Remix) (Instrumental),0.521811
209,J-Dilla - Won't Do (Instrumental),0.516856
1116,Jazzy Jeff & The Fresh Prince - Parents Just Don't Understand,0.514325
229,Trentemoller - Prana,0.511813
648,Justin Timberlake - SexyBack,0.491281
474,Yellowman - Hold On To Your Woman,0.489884
1277,Lords Of The Underground - Funky Child,0.487183
82,Tricky - Aftermath,0.486745
55,Eazy-E - Eazy-Er Said Than Dunn,0.474368
208,J-Dilla - Take Notice,0.473876
1858,Nas - Nas Is Like,0.470954
1585,Beres Hammond - Who Say (feat. Buju Banton),0.467772
93,Black Sheep - The Choice Is Yours (Album Version),0.458943
1583,Dennis Alcapone & Prince Jazzbo - Lorna Banana,0.448585
849,The Pharcyde - Pharcyde (Instrumental),0.445884
1597,Vicious Circles - Vicious Circles (Ryan Blair Mix),0.444996
94,Black Sheep - The Choice Is Yours (Revisited),0.437779
24,RJD2 - Things Go Better,0.43662
1305,Digital Underground - The Humpty Dance,0.423524
850,The Pharcyde - Ya Mama (Instrumental),0.42268
868,Dave Barker - Don't Let The Sun Catch You Crying,0.422515
1460,Del Tha Funkee Homosapien - Phoney Phranchise,0.42182
1825,As One - Contours,0.418948
74,Nice & Smooth - Sometimes I Rhyme Slow,0.415678
975,Roni Size & Reprazent - Snapshot,0.406784
288,Cedric Im Brooks - Emavungweni,0.40262
923,Augustus Pablo - Black Gunn,0.40238
414,Glen Brown - Wicked Tumbling Version,0.396331
1861,Nas - Got Ur Self A...,0.395361
353,The Bird And The Bee - F*cking Boyfriend (Peaches Remix),0.393815
246,Kaskade - Honesty,0.390721
678,D - Nox & Beckers - Jet Lag Slave,0.384809
972,Roni Size & Reprazent - Down,0.380231
925,Augustus Pablo - Give Praise (Norris Reid),0.376352
1211,Mixmaster Mike - Bazooka Kanyon,0.373283
1845,2Pac (Tupac) - Never Had A Friend Like Me,0.362296
1856,Nas - Ether,0.35854
1536,Klute - Now Always Forever,0.358283
1626,Kill Memory Crash - Riyout,0.352123
1381,Granite & Phunk - Knock You Over,0.351317
1117,Jazzy Jeff & The Fresh Prince - Summertime '98 (SoulPower Remix),0.3474
1242,Thalia - Me Pones Sexy (I Want You) (feat. Fat Joe),0.344937
72,The Orb - Once More (Bedrock Dub Mix),0.343066
1860,Nas - The Message,0.339599
145,Starkillers - Discoteka (Austin Leeds & Terranova Remix),0.336655
848,The Pharcyde - On The DL (Instrumental),0.335012
1458,Del Tha Funkee Homosapien - Burnt (feat. The Hyrogliphics),0.333275
1272,The Roots - You Got Me,0.332545
329,George Michael - Faith,0.330373
1307,Hilltop Hoods - The Soul Of The Beat,0.329293
1303,Cold Grits - It's Your Thing,0.326695
1617,Public Enemy - Can't Truss It,0.321518
994,Visionaries - Love (Hip-Hop),0.319777
52,Beres Hammond? Flourgon - Bounce,0.319078
790,Gotan Project - El Capitalismo Foraneo,0.316906
792,Delroy Wilson - It's The Same Old Song,0.316571
1243,Midnight Star - Freak-A-Zoid,0.303747
1639,Lauryn Hill - Doo Wop (That Thing),0.302866
1232,Down To The Bone - Cellar Funk,0.302206
311,Westbam - Elektronische Tanzmusik,0.298432
23,RJD2 - Solomon Jones,0.291716
1461,Del Tha Funkee Homosapien - Jaw Gymnastics (feat. Casual),0.290163
1483,Young Jeezy - My Hood,0.288776
1287,The Coup - Wear Clean Draws,0.288242
1862,Nas - Represent,0.28537
899,Kidz In The Hall - Dumb*ss Tales,0.280097
892,Dan The Automator - Sleep,0.279976
1618,Public Enemy - Fight The Power,0.278231
1459,Del Tha Funkee Homosapien - If You Must,0.275394
465,Frank Cornelius - Brick House,0.268709
20,RJD2 - Get It,0.265967
789,Gotan Project - Vuelvo Al Sur,0.264194
697,Brother Ali - Uncle Sam Goddamn,0.26311
576,Paul Oakenfold - Sex 'n' Money,0.263065
1712,Z-Ro - Keep On (Chopped & Screwed),0.257757
1800,Bassnectar - Creation Lullabye,0.254153
1364,Caia - Afterwards @ The Bar,0.245808
1260,Mumbles - Prema's Dilema,0.242915
843,The Pharcyde - On The DL,0.242763
851,Talib Kweli - I Try,0.241269
446,Lady Saw - I've Got Your Man,0.237673
1269,The Roots - Guns Are Drawn,0.237065
1603,Milt Jackson - The Song Is Ended,0.234391
1781,Goodie Mob - Soul Food,0.231991
1102,Ziggy Marley - Be Free,0.230651
651,Justin Timberlake - What Goes Around...?...Comes Around (Interlude),0.230438
242,Sound Providers - Autumn's Evening Breeze,0.227945
591,Mickey Hart & Zakir Hussain - Tars,0.226055
1635,Rihanna - Pon De Replay,0.224065
664,DJ Khaled - I'm So Hood,0.22
763,N.W.A. - Real Niggaz Don't Die,0.218965
1268,Rockapella (Holiday) - Home For The Holidays,0.21442
1270,The Roots - Love Of My Life (Live),0.210266
1631,Rihanna - Shut Up And Drive,0.204321
1604,Milt Jackson - These Foolish Things,0.203265
1857,Nas - Get Down,0.20278
847,The Pharcyde - Groupie Therapy (Instrumental),0.201243
844,The Pharcyde - Passing Me By,0.2012
1360,Gyptian - My Fadah Seh,0.200815
475,Yellowman - Weed Dem (feat. Beenie Man),0.200207
971,Roni Size & Reprazent - Brown Paper Bag (Roni Size Full Rap Remix),0.197054
1129,Christopher Lawrence - Ride The Light,0.195682
813,Louis Armstrong (Holiday) - Winter Wonderland,0.193905
1320,Fergie - Glamorous,0.190426
1462,Sonorous - Pronotonic,0.19006
1638,Lauryn Hill - Can't Take My Eyes Off Of You,0.188817
897,Kidz In The Hall - Wassup Jo',0.188265
62,Livin' Joy - Don't Stop Movin',0.187552
1506,Juno Reactor - Silver,0.187414
1301,Everton Blender - I Love Jah Jah,0.186875
1584,Beres Hammond - Come Back Home,0.186737
852,Talib Kweli - Supreme Supreme,0.185333
413,Wumpscut - Wir Warten,0.183885
744,Don Carlos - Booming Ball,0.172845
1743,Nine Inch Nails - Slipping Away,0.172829
314,Dom & Roland - Dance All Night (Calyx remix),0.168746
1648,Tokyo Police Club - Be Good,0.16734
590,Mickey Hart & Zakir Hussain - Funky Zena,0.166476
1666,Grandmaster Flash & The Furious Five - Scorpio,0.1634
1610,Redman - Tonights Da Night,0.162836
1602,Milt Jackson - Sweet And Lovely,0.162513
781,Katalyst - Break Up,0.161829
1746,Nine Inch Nails - Closer,0.158046
730,Seba & Lo-Tec - So Long,0.157641
1352,James Brown - Cold Sweat (Part 1),0.157045
682,Will Smith - Gettin' Jiggy Wit It,0.154342
666,DJ Khaled - We Takin' Over,0.153635
1457,Del Tha Funkee Homosapien - Mistadobalina,0.151968
731,Lo Fidelity Allstars - Battle Flag,0.1505
1251,Johnny Horton - Out In New Mexico,0.149813
812,Louis Armstrong (Holiday) - Winter Wonderland (Mono Recording),0.149583
1195,Lismore - Tremolo,0.148805
791,Delroy Wilson - I Can't Help Myself,0.148633
1361,Gyptian - Take Me Higher,0.145887
226,Keith Sweat (Holiday) - It's Christmas Again,0.143946
126,Dj Baby Anne & Jen Lasher - Fear2,0.143064
1535,Klute - I'll Do Anything (You Want Me To),0.143043
1190,Covenant - Figurehead,0.140452
1864,An Albatross - Death Rides A Brown Horse,0.138055
683,Will Smith - Men In Black,0.137553
1304,Digital Underground - Doowutchyalike,0.136544
1138,Ella Fitzgerald & Louis Armstrong - A Foggy Day,0.135524
1525,Marvin Gaye - How Sweet It Is (To Be Loved By You),0.133062
58,Classified Project - Resurrection (Original),0.132439
1795,Seu Jorge - O Samba Tai,0.130176
1801,The Grinder - Man Into Space,0.128573
1616,Public Enemy - Rebel Without A Pause,0.128368
1253,Prince - Kiss (Extended Version),0.127844
1256,Prince - Kiss,0.127668
1096,Patra - Romantic Call,0.127465
1058,Brian Eno - Neroli,0.125097
293,Josh White - One For My Baby,0.124843
53,Beres Hammond? Flourgon - Feel Like,0.12177
1574,Joe Camilleri & Nicky Bomba - Better Must Come,0.121123
1306,Digital Underground - Same Song,0.120778
99,Deepak Chopra & Adam Plack - Valentine To Tagore,0.119368
450,Arrested Development - Tennessee,0.118934
1100,Novakill - Why Won't You Die!?!,0.116893
687,Michael Spence - Is This Love,0.115076
821,!!! (Chk Chk Chk) - Me And Giuliani Down By The School Yard (A True Story),0.114336
779,Daddy Yankee - Machucando,0.111706
746,Ian Van Dahl - Castle In The Sky,0.111521
1002,Cornel Campbell - Concrete Jungle,0.110733
1650,Twilight 22 - Electric Kingdom,0.110333
1353,James Brown - Funky President,0.110127
650,Justin Timberlake - Rock Your Body,0.108555
451,Arrested Development - Mr. Wendal,0.108391
269,Raekwon - Ice Cream,0.107258
328,George Michael - Fastlove (Forthright Edit),0.106984
239,Empirical Labs - Turtle Beach (Original Mix),0.105681
982,"Trebol Clan, Hector & Joan - Gata Fiera",0.104704
1252,Johnny Horton - I'm Ready If You're Willing,0.104668
578,Jose Zamora & Damian DP - Transatlantic (feat. Paleday),0.104044
999,"Ruben Studdard - Fix it, Jesus (feat. Harvey Watkins Jr.)",0.103003
807,C+C Music Factory - Things That Make You Go Hmmmm?..,0.101821
449,Arrested Development - People Everyday (Reprise),0.101656
1797,Don Carlos & Golo - Tear Drops,0.101259
554,Lyle Lovett - That's Right (You're Not From Texas),0.099232
1292,Donnie McClurkin - Yes You Can,0.098554
262,Antonio Carlos Jobim - Agua De Beber,0.096014
447,Vengaboys - We Like To Party!,0.095805
1637,Donald Byrd & Doug Watkins - If I Love Again,0.095208
520,Sonny Rollins - St. Thomas,0.094639
1828,Allure - Rejected,0.094564
1534,Klute - Crosby,0.094272
71,Melvin Taylor - Texas Flood,0.093748
69,"Outkast - So Fresh, So Clean",0.093153
976,The Wiseguys - Ooh La La,0.093109
346,Lisa Loeb (Holiday) - Jingle Bells,0.091801
476,Cannonball Adderley - Autumn Leaves,0.091458
1841,2Pac (Tupac) - How Do U Want It,0.090799
1614,Public Enemy - Don't Believe The Hype,0.090722
901,Kidz In The Hall - Ritalin,0.089744
41,Ella Fitzgerald - Desafinado (Slightly Out Of Tune),0.089269
1191,Funkadelic - One Nation Under A Groove,0.089007
319,Jimmy Cliff - Look At The Mountains,0.088993
359,Assemblage 23 - Cocoon,0.088965
1139,Ella Fitzgerald & Louis Armstrong - Stars Fell On Alabama,0.088289
716,HH - Planetary,0.087767
639,Dean Martin - Memories Are Made Of This,0.087067
1317,Tito - Caile,0.08651
649,Justin Timberlake - Like I Love You (feat. Clipse),0.085514
1664,Gnarls Barkley - Smiley Faces [Live On Later With Jools Holland],0.084792
619,Foo Fighters - Low,0.084765
1278,Whodini - One Love,0.084473
302,Tranquility Base - Surrender,0.084198
940,Guns N' Roses - Chinese Democracy,0.083827
1796,Seu Jorge - Rebel Rebel,0.082555
345,KMFDM - Don't Blow Your Top,0.080625
1003,Cornel Campbell - Screwface,0.08042
1244,Midnight Star - No Parking,0.080149
206,J-Dilla - Make Em Nv,0.079222
207,J-Dilla - Make'em Nv [Instrumental],0.079222
1640,Lauryn Hill - Ex-Factor,0.076846
1782,Goodie Mob - The Day After,0.076561
1599,Milt Jackson - Enigma,0.076405
409,Wumpscut - Fear In Your Eyes,0.075768
398,Dj Alibi - Eglinton West Blues,0.07521
231,Fred Hammond - Celebrate (He Lives),0.072612
318,Benny Page - Neck Breaker,0.071572
19,RJD2 - All For You,0.071543
500,Anointed - Mighty Long Way,0.071041
1507,Los Checkmates - I Think We're Alone Now,0.070516
1665,Grandmaster Flash & The Furious Five - Freedom,0.070351
1218,The Handshake Murders - New Enemy,0.070318
1484,Young Jeezy - Soul Survivor,0.070016
64,Leroy Carr - Sloppy Drunk Blues,0.069361
267,The Bamboos - Tighten Up,0.068346
388,Willa Ford - I Wanna Be Bad,0.068167
155,Justin Hinds & The Dominoes - Carry Go Bring Come (Rocksteady),0.067946
571,Lowell Fulson - I'm A Night Owl (Part 2),0.067469
463,Anita Ward - Ring My Bell,0.067174
1204,Pete Fountain - Someday Sweetheart,0.067018
1552,Toots & The Maytals - Never You Change (Reggae Version),0.066813
66,Outkast - The Whole World,0.066396
25,Bob Baldwin - I Wanna Be Where You Are,0.066341
1575,Scratch - Square One (feat. Bilal),0.066197
745,Ian Van Dahl - Inspiration,0.066194
1236,Clifford Brown - Love Is A Many Splendored Thing,0.065937
1740,Nine Inch Nails - Heresy,0.064858
1519,Clancy Eccles - Sweet Jamaica,0.064562
550,Jeff Lorber - Chopsticks,0.064118
1696,Charles Wright & The Watts 103rd Street Rhythm Band - Express Yourself,0.064087
860,Glen Gray & The Casa Loma Orchestra - Who's Sorry Now?,0.063812
549,Lone Ranger - Collie Rock,0.063457
1633,Rihanna - Don't Stop The Music,0.063267
516,Sonny Rollins - Moritat (Mack The Knife),0.062932
841,G. Love & Special Sauce - Love,0.062516
725,Fugazi - Merchandise,0.062331
412,Wumpscut - Rusty Nails From Hell,0.062005
189,Underworld - Born Slippy,0.061483
1555,Toots & The Maytals - Schooldays,0.060812
1632,Rihanna - Break It Off,0.060383
1189,Covenant - Dead Stars (Version),0.06012
1170,Cal Tjader - Mambo In Miami,0.05983
141,Newcleus - Jam On It,0.059078
22,RJD2 - Inhale (Remix),0.057374
1647,Tokyo Police Club - Nature Of The Experiment,0.057367
895,Kidz In The Hall - The In Crowd,0.057253
1742,"Nine Inch Nails - No, You Don't",0.056678
873,The Bronx - False Alarm,0.056648
1662,George Acosta - Tranzy State Of Mind (Club Mix),0.056642
1661,George Acosta - The Storm,0.056607
762,Christa DeErynn - Sweet Lies,0.056572
1741,Nine Inch Nails - Kinda I Want To,0.05647
339,Bonerama - Ocean,0.055571
1838,Avril Lavigne - Sk8er Boi,0.055329
185,Chubby Checker - Limbo Rock,0.055184
1123,Tony Bennett - The Best Man,0.05459
793,Delroy Wilson - Pretty Girl,0.054462
811,Louis Armstrong (Holiday) - Christmas Night In Harlem,0.053442
274,Lucy Kaplansky - Land Of The Living,0.053015
1663,Gnarls Barkley - Crazy,0.052756
973,Roni Size & Reprazent - Hi-Potent,0.052706
1258,Prince - Let's Work,0.052656
924,Augustus Pablo - East Africa,0.052627
1763,Tommy Flanagan Trio - Eclypso,0.052362
1600,Milt Jackson - Little Girl Blue (Live),0.052158
1074,Jimmy Somerville - To Love Somebody,0.051568
1473,The Four Aces - Mister Sandman,0.051507
313,The Brand New Heavies - BNH,0.051429
1658,George Acosta - Another Way (Club Mix),0.051304
1747,Lutan Fyah - No More Suffering,0.051188
1690,Filter - Welcome To The Fold,0.051018
332,Take 6 - Come On,0.050862
330,George Michael - Father Figure,0.050034
729,Balearic Bill - Destination Sunshine,0.049034
1358,"James Brown - Super Bad, PTS.1&2",0.048752
513,Sonny Rollins - Ev'ry Time We Say Goodbye,0.048335
38,Ella Fitzgerald - Mood Indigo,0.047163
1558,Sarah McLachlan - Homeless,0.047098
348,Peter White - What Does It Take To Win Your Love,0.047001
324,John Scofield - Beep Beep,0.046819
896,Kidz In The Hall - The Pledge,0.046334
1454,Say Hi To Your Mom - Blah Blah Blah,0.046242
1707,"Lee Ann Womack (Holiday) - Baby It's Cold Outside (feat. Harry Connick, Jr.)",0.046199
1121,Tony Bennett - What A Wonderful World,0.046127
408,Mojo Nixon and the Toadliquors (Holiday) - Boogie Woogie Santa Claus,0.045716
68,Outkast - Ms. Jackson,0.045423
1188,Lee Sykes - Lock Jaw,0.045231
31,Ella Fitzgerald - I Don't Want To Take A Chance,0.045136
1155,Lindsay Lohan - Rumors,0.045102
112,Robert Johnson - Traveling Riverside Blues,0.044939
1674,Pamela Williams - Elixir,0.044867
232,Dave Swarbrick - Two Magicians,0.044754
1370,Finger Eleven - First Time,0.043617
473,Yellowman - Build A Roof Over Your Head,0.043616
1628,Michael Burns - Into Nothing (Hamel's Last Time For 9 Mix),0.043544
617,The Crests - Sixteen Candles,0.043369
663,The Whigs - Written Invitation,0.043339
1649,Tokyo Police Club - Juno,0.043294
1586,Beres Hammond - Rock Away,0.043121
416,Toots Thielemans & Elis Regina - Aquarela Do Brasil,0.043012
338,Bonerama - Louie's Perch,0.042498
478,Bill Haley & His Comets - (We're Gonna) Rock Around The Clock,0.042299
15,Freddie Jackson - You Are My Lady,0.042202
12,Deuter - Marfa Lights 2,0.042117
40,Ella Fitzgerald - These Foolish Things,0.042028
672,Dave Holland - Blue,0.04117
884,FC Kahuna - Machine Says Yes,0.041091
1254,Prince - Controversy,0.041017
778,Daddy Yankee - Gasolina,0.040865
1609,Ben Webster - Tenderly,0.040839
1449,Ivory Joe Hunter - Shooty Booty,0.040829
410,Wumpscut - Golgotha,0.040773
48,Robin Thicke - Complicated,0.040514
461,Worm Is Green - Army Of Them,0.040161
820,!!! (Chk Chk Chk) - All My Heroes Are Wierdos,0.040021
212,Leftover Salmon - Steam Powered Aeroplane (Live),0.039877
574,Paul Oakenfold - Faster Kill Pussycat,0.039671
1831,Zion - Fantasma,0.039593
782,Katalyst - Dangerous,0.039428
1522,Marvin Gaye - Sexual healing,0.039372
1127,Christopher Lawrence - Hot Rod,0.039336
35,Ella Fitzgerald - Guilty,0.03928
660,Ryan Montbleau Band - Honeymoon Eyes,0.039278
466,Soda Stereo - Cuando Pase El Temblor,0.039066
676,The Commodores - Brick House,0.038734
1153,Patrick Lundy - That's Who He Is (Live),0.038715
642,Dean Martin - Mr. Wonderful (Live),0.038648
577,Paul Oakenfold - Time Of Your Life (feat. Perry Farrell),0.038596
1715,Junior Brown - Freedome Machine,0.038315
289,Josh White - Uncle Sam Says,0.038089
184,Chubby Checker - Let' Stwist Again,0.037879
1799,Nate Dogg (Holiday) - Be Thankful,0.037769
832,Gaither Vocal Band - Swing Down Chariot,0.037705
1065,Nitty Gritty Dirt Band - You Are My Flower,0.037627
1846,Rilo Kiley - Breakin' Up,0.037548
1708,Lee Ann Womack (Holiday) - Let It Snow & Winter Wonderland,0.037363
1354,James Brown - Get Up Offa That Thing  (Ali Dee Remix),0.037312
1395,Gilberto Gil - Mancada,0.037099
63,Leroy Carr - My Woman's Gone Wrong,0.037054
947,At The Gates - Blinded By Fear,0.036856
1356,"James Brown - Hot Pants, PT.1",0.036447
17,Little Milton - My Back Scratcher,0.036284
984,Paul Bley - Time On My Hands,0.036219
103,Bing Crosby - When You Wore A Tulip (live),0.036137
1549,Toots & The Maytals - Pressure Drop,0.035865
334,Bonerama - Cabbage Alley,0.035523
1833,Endre - Kallocain (Robert Nickson Remix),0.03536
109,Robert Johnson - I Believe I'll Dust My Broom,0.035108
1302,Everton Blender - It's My Time,0.034829
1257,Prince - Let's Work (Dance Mix),0.034645
1104,Ziggy Marley - Friend,0.034558
900,Kidz In The Hall - Mr. Alladatsh*T,0.034094
1372,Finger Eleven - Stay And Drown,0.033906
1122,Tony Bennett - Steppin' Out With My Baby,0.0338
788,Dave & Ansel Collins - Nuclear Weapon,0.033763
54,The League - Hey Conductor,0.033547
218,Blind Blake - Depression's Gone From Me Blues,0.033492
462,Flip Phillips - Dream A Little Dream Of Me,0.033463
254,Flyleaf - I'm So Sick,0.033367
21,RJD2 - Ghostwriter (Remix),0.033115
1288,Donnie McClurkin - Again,0.032821
747,Ian Van Dahl - Castles In The Sky,0.032803
1255,Prince - I Wanna Be Your Lover,0.032627
695,L.T.D. - Jam,0.032602
1355,James Brown - Get Up Offa That Thing,0.032523
1208,Big Al Carson (Holiday) - Santa Claus Is Comin' To Town,0.032396
1383,Sade - By Your Side,0.032171
1310,Billy Preston - Outa-Space,0.032101
777,Daddy Yankee - Cuentame,0.032057
335,Bonerama - Crosstown Traffic,0.03197
882,Duran Duran - Come Undone,0.031784
1765,Kenny Clarke's Sextet - Oblique,0.031568
1528,Marvin Gaye - Got To Give It Up,0.03126
28,Coles Whalen - The Hand That Gives The Rose,0.031185
614,Rah - Wave,0.031181
1474,Stevie Wonder - Higher Ground,0.031076
1692,Pee Wee Hunt & His Orchestra - Twelfth Street Rag,0.031056
1527,"Marvin Gaye - Got To Give It Up, Part 1 ( Live)",0.031019
838,Teddy Wilson - Flyin' Home,0.030498
615,Grand Ole Party - Look Out Young Son,0.030234
1125,Groove Coverage - Runaway,0.030208
654,Heritage Hall Jazz Band (Holiday) - Silver Bells,0.030125
1140,Ella Fitzgerald & Louis Armstrong - Cheek To Cheek,0.030101
1357,James Brown - Soul Power,0.030011
1346,The Beatles - Love Me Do,0.029718
674,Videos - Trickle Trickle,0.029705
675,The Commodores - Lady (You Bring Me Up),0.029601
1636,Rihanna - Umbrella,0.029525
305,XTC - Roads Girdle The Globe,0.029494
249,The Animals - Don't Bring Me Down,0.028899
857,Corciolli - Friends (Sky),0.028809
1668,Brett Dennen - Ain't No Reason,0.028499
1739,Nine Inch Nails - Big Man With A Gun,0.028498
136,Lester Young - Foggy Day (Live At Birdland),0.028285
905,Loquat - Need Air,0.028161
97,John Zorn - Zhakor,0.027883
479,"Bill Haley & His Comets - Shake, Rattle And Roll",0.027847
1063,Nitty Gritty Dirt Band - Fish Song,0.027846
471,Benny Carter - Laura,0.027708
1378,Gordon Bok - Jericho,0.027494
1137,Ella Fitzgerald & Louis Armstrong - Love Is Here To Stay,0.027262
822,!!! (Chk Chk Chk) - Hello? Is This Thing On,0.027167
622,Hank Williams Jr. - All My Rowdy Friends Are Coming Over Tonight,0.027126
694,L.T.D. - Back In Love Again,0.026774
75,Laura Pausini - Viveme,0.026523
1163,Corrina Repp - No One's Telling,0.026445
352,The Bird And The Bee - The Races,0.026288
59,Franco De Vita - Como Decirte No,0.026091
1280,The David Grisman Quintet - Cedar Hill (live),0.026065
163,Leftfield - Swords,0.02558
898,Kidz In The Hall - Don't Stop,0.025341
215,O-Shen - Tropically Fine,0.025327
1669,Brett Dennen - One Who Loves You The Most,0.025252
1375,Bunny Berigan - Sobbin' Blues,0.025144
110,Robert Johnson - Last Fair Deal Gone Down,0.025073
926,Augustus Pablo - Maka,0.024971
1776,Kate Nash - Habanera,0.024753
191,Jackson 5 - Dancing Machine,0.024711
521,Sonny Rollins - Striver's Row (Live),0.024675
1744,Nine Inch Nails - The Only Time,0.024628
157,Justin Hinds & The Dominoes - Over The River,0.024569
315,Daevid Allen - Untitled,0.024465
362,Assemblage 23 - Opened,0.024456
290,"Josh White - Bonbons, Chocolate, And Chewing Gum",0.024344
1591,Bryan Lee - Just Like A Fish,0.024297
1608,Ben Webster - Someone To Watch Over Me,0.02421
205,J-Dilla - Crushin' [Instrumental],0.024103
1247,Gouryella - Walhalla,0.023649
1075,Johnny Adams - Not Trustworthy (A Lyin' Woman),0.023563
1128,Christopher Lawrence - October's Child,0.023526
688,Brodsky Quartet - I've Seen It All,0.023495
492,In Flames - Take This Life,0.023287
265,Antonio Carlos Jobim - The Girl From Ipanema,0.023153
187,Gladys Knight & The Pips - I Heard It Through The Grapevine,0.022924
1141,Lou Blackburn - I Cover The Waterfront,0.022908
1751,la sonora dinamita ? la sonora tropicana - Mi Cucu,0.022802
1337,The Beatles - Get Back (Love Version),0.022727
1688,Filter - Spent,0.022515
907,Loquat - Slow Fast Wait & See,0.022453
210,Leftover Salmon - Bend In The River (Live),0.022291
429,Marcus Johnson - Just Doing What I Do,0.022253
902,Dredg - Sang Real (Live),0.022174
974,Roni Size & Reprazent - Mexican,0.022153
347,Joe Jackson - Baby Stick Around,0.022044
833,Debbie Reynolds - Love Is A Simple Thing,0.022039
1425,Fastball - Which Way To The Top,0.022026
1234,Clifford Brown - Donna Lee (live),0.021888
629,Toquinho & Paulinho Da Viola - Tarde Em Itapoa (live),0.021814
932,Peaches & Herb - Shake Your Groove Thing,0.021701
142,"Slim Harpo - Tip On In, Part 1",0.021692
336,Bonerama - Freddie,0.021657
296,Herman's Hermits - I'm Henry The VIII I Am,0.021542
780,Daddy Yankee - Rompe,0.021537
1745,Nine Inch Nails - Zero Sum (Stephen Morris & Gillian Gilbert Remix),0.021483
519,Sonny Rollins - Pent Up House,0.021357
18,Little Milton - Penitentiary Blues,0.02133
470,Cab Calloway - Limehouse Blues,0.021324
241,The Kingsmen - Louie Louie,0.021194
399,R. Kelly - Half On A Baby,0.021167
1657,George Acosta - Silence (DJ Tiesto's In Search Of Sunrise Remix),0.02115
1509,Darrell Evans - Trading My Sorrows,0.021139
819,Corona - Rythym Of The Night,0.021028
665,DJ Khaled - Out Here Grindin',0.020982
194,Jackson 5 - Abc,0.020774
325,John Scofield - Boozer,0.020729
953,The Black Angels - You On The Run,0.020675
1221,David Bowie - Ashes To Ashes,0.020627
1130,Beau Jocque & The Zydeco Hi-Rollers - Chere Mignonne (Dear Cute One),0.020604
1752,Meg Hutchinson - Vanishing Points,0.020569
1438,Eric Clapton & Duane Allman - Mean Old World,0.020542
1136,Roberto Roena - El Pueblo Pide Que Toque,0.020486
214,Chuck Loeb - Fundamentally Sound,0.020225
524,? And The Mysterians - Can't Get Enough Of You Baby,0.020023
1103,Ziggy Marley - Drive,0.019958
1774,Howard Roberts - Watermelon Man,0.019847
3,Deuter - Coral Gardens,0.019823
885,Toshiko Akiyoshi - 52nd St. Theme,0.019682
198,The Sword - Freya,0.019557
1000,Thou - I Was Ignored. And Judged. And Cast Down,0.019408
299,Herman's Hermits - There's A Kind Of Hush,0.019343
796,Fats Waller (Holiday) - Winter Weather,0.01934
544,Black Lips - Burried Alive,0.019262
818,Brenda Lee (Holiday) - White Christmas,0.019192
1282,Ratt - Slip Of The Lip,0.019151
1731,Cardenales De Nuevo Leon - Por Las Damas,0.019029
1659,George Acosta - Precious,0.018934
552,Lyle Lovett - North Dakota,0.018916
120,Sharon Jones & The Dap-Kings - How Long Do I Have To Wait For You?,0.018799
1322,The Beatles - Maxwell's Silver Hammer,0.018774
137,"Lester Young - Jump, Lester, Jump",0.0185
270,Lucy Kaplansky - Every Single Day,0.018426
1118,Jazzy Jeff & The Fresh Prince - Summertime,0.01823
1551,Toots & The Maytals - 54-46 That's My Number,0.018207
1644,Tokyo Police Club - Citizens Of Tomorrow,0.018206
1589,Ani DiFranco - As Is (Live 11.16.03),0.018184
301,Maynard Ferguson - The Wailing Boat (Live),0.018093
587,Kenny G - G-Bop,0.018067
798,The Fiery Furnaces - Here Comes The Summer,0.017957
767,Indigo Girls - She's Saving Me,0.017896
375,Creed - Higher,0.01782
1047,Dave Biller & Jeremy Wakefield - Martian Guts,0.017788
1761,Lefty Frizzell - My Rough And Rowdy Ways,0.017662
484,Alc (A Lo Cubano) - Vanilla Y Chocolate,0.017606
1625,Generation J - Jesus Loves Me Medley,0.017585
1419,The Rolling Stones - 19th Nervous Breakdown,0.017458
661,Ryan Montbleau Band - It's All Been Done Before,0.017406
1702,Ronnie Earl & Duke Robillard - Lookin For Trouble,0.017381
351,The Bird And The Bee - How Deep Is Your Love,0.017372
1732,Ascend - The Obelisk Of Kolob,0.017347
652,Dan Deacon - Trippy Green Skull,0.017244
91,Robbie Seay Band - Love Wins,0.017217
810,Powder (Holiday) - Christmas Don't be Late (Chipmunk Song),0.017142
323,John Scofield - A Go Go,0.017042
435,Lazy Lester - Nothing But The Devil,0.016831
389,Euge Groove - Get Em Goin',0.016711
1049,Dire Straits - Sultans Of Swing,0.016665
1428,Jr. Walker & The All Stars - What Does It Take (To Win Your Love),0.016623
266,Antonio Carlos Jobim - Vivo Sonhando,0.016612
1477,Stevie Wonder - Superstition,0.016598
135,Butch Engle & The Styx - Hey I'm Lost,0.016573
1777,Kate Nash - Pumpkin Soup,0.016525
1757,Huracanes Del Norte - Falsas Ilusiones,0.016516
934,Jackie Wilson - Lonely Teardrops,0.016514
643,Dean Martin - Return To Me,0.016505
1398,The Supremes - Where Did Our Love Go,0.016388
1566,Boz Scaggs - It All Went Down The Drain (Live),0.016146
498,Conjure One - Extraordinary Way (Antillas Mix),0.016143
904,Loquat - It's Yours To Keep,0.016122
1634,Rihanna - Hate That I Love You,0.016097
855,Corciolli - Mikhael (Angel Of Divine Protection),0.016092
264,Antonio Carlos Jobim - O Grande Amor,0.016077
1201,"Kathleen Edwards - I Make The Dough, You Get The Glory",0.015989
1824,Soulfly - Babylon,0.015734
1080,AC?DC - Dirty Deeds Done Dirt Cheap,0.015715
308,The Paul Butterfield Blues Band - Piney Brown Blues,0.015567
1615,Public Enemy - Public Enemy No. 1,0.015557
1643,The Troggs - Wild Thing,0.015503
535,John Hammond - Little Rain Falling,0.0155
1472,Sourvein - Septic Werewolves,0.015461
1620,Justifide - Escape,0.014996
795,Carlton Pearson - We've Come This Far By Faith,0.014984
1338,The Beatles - Help!,0.014875
1762,Lefty Frizzell - I Love You A Thousand Ways,0.01486
1505,Juno Reactor - Conga Fury (Animatrix Mix),0.014855
245,Catherine Maclellan - River Valley Plains,0.014853
1173,Kim Wilson - High & Lonesome (live),0.014849
874,Aterciopelados - Bolero Falaz,0.014837
673,Steve Lacy - Alone Together,0.014795
1572,Leona Lewis - Bleeding Love,0.014787
361,Assemblage 23 - Longevity,0.014777
1171,Cal Tjader - Stardust,0.014754
1733,Cedar Walton Trio - I Mean You,0.014674
247,Kaskade - Move For Me,0.014651
1578,Death Vessel - Dancers All,0.014594
1720,Junior Brown - I Hung It Up,0.014528
1756,Huracanes Del Norte - El Perro De Tu Marido,0.014507
421,Hank Williams III - Honky Tonk Girls,0.014503
875,Craig Pilo - Early Cynical Mystery,0.014429
341,Chick Corea Elektric Band - Beneath The Mask,0.014332
390,Rosalia De Souza - Ao Amigo Tom,0.014197
1245,Houston Person - Two Rb's,0.014179
227,Johannes Linstead - Cielo Azul,0.014174
1149,Converge - For You (Live),0.014153
326,John Scofield - Drop And Roll,0.01394
327,John Scofield - Rule Of Thumb,0.013896
1379,Gordon Bok - Sailor's Carol,0.013867
1493,ABORTED - Ingenuity In Genocide,0.013853
1582,Winters - Mark My Word,0.013832
542,Black Lips - Veni Vidi Vici,0.013782
411,Wumpscut - Opening The Gates Of Hell,0.013758
679,Tex Atchison - Tennessee Hound Dog,0.013726
959,Broken Social Scene - Cause = Time,0.013628
123,Hooverphonic - 2Wicky,0.01357
1832,Zion - Zun Da Da,0.013491
508,Gospel Four - It's Just A Matter Of Time,0.013482
121,Sharon Jones & The Dap-Kings - Nobody's Baby,0.013385
178,The Aggrolites - Mr. Misery,0.013321
200,The Cars - My Best Friends Girl,0.013268
653,Dan Deacon - Wooody Woodpecker,0.013236
1426,Jr. Walker & The All Stars - Cleo's Mood,0.013206
281,Otis Spann - Rock Me Mama,0.013192
786,Adele - Best For Last,0.013176
933,"Breather Resist - Long Nights, Short Fuses",0.013093
1300,The Time - Jungle Love,0.01298
260,Antonio Carlos Jobim - Insensatez (How Insensitive),0.012971
1760,Lefty Frizzell - Always Late With Your Kisses,0.012928
403,Red - Wasting Time,0.01286
1808,Sugarloaf - Green-Eyed Lady,0.012854
1465,Passion - No One Like You ? David Crowder Band,0.012807
27,Secret Machines - Lightning Blue Eyes,0.012769
1849,Charanga La Tapa - Vamono's Pa'l Monte,0.012758
1847,Rilo Kiley - A Man ? Me ? Then Jim,0.012696
1593,Elefante - El Abandonao,0.012629
104,Bing Crosby - I Don't Know Why (live),0.012621
1780,Christina Aguilera (Holiday) - This Christmas,0.012603
592,The Mission UK - Love Me To Death,0.01252
1592,System F - Out Of The Blue,0.012516
292,Josh White - New Milk Cow Blues,0.012475
199,Sheryl Crow (Holiday) - Run Rudolph Run,0.012437
391,Rosalia De Souza - Nem Que Seja A Nado,0.012405
140,Say Anything - Surgically Removing The Tracking Device,0.012339
1749,Explosions In The Sky - A Slow Dance,0.012282
250,The Animals - I Put A Spell On You,0.012261
950,Cat Stevens - Moonshadow (Live),0.012201
491,In Flames - The Hive,0.012177
523,Labelle - Lady Marmalade,0.01212
1520,The Pointer Sisters - Jump,0.012075
1789,Ohio Players - Fire,0.012051
89,William Clarke - Five Card Hand,0.011972
1004,Sodom - Procession To Golgotha,0.011955
1542,Mary Lou Lord - Cold Kilburn Rain,0.011954
1220,David Massengill - Shamas Rides,0.011935
876,The Monkees - I'm A Believer (Mono),0.011911
1087,AC?DC - Who Made Who,0.01189
1775,Mar-Keys - Pop-Eye Rider,0.011888
1110,"Verdi, Giuseppe - La Traviata, Opera",0.01187
425,Scorpions - New Generation,0.01184
248,The Animals - Baby Let Me Take You Home,0.011775
580,Architecture In Helsinki - Spring 2008,0.011759
340,"Brand New - Okay I Believe You, But My Tommy Gun Don't",0.011717
1142,Lou Blackburn - Secret Love,0.011647
1863,"The Dukes Of Dixieland - Sunrise, Sunset",0.011631
457,Skid Row - Big Guns,0.01157
1676,Doc Watson - Little Orphan Girl (Live),0.011497
785,Adele - Right As Rain,0.011486
824,Sons And Daughters - Johnny Cash,0.011476
380,Rhianna (Holiday) - It Just Don't Feel Like Xmas (Without You),0.011448
1203,Pete Fountain - Just A Closer Walk With Thee,0.011439
596,"Boyce, William - Ode For St. Cecilia's Day",0.011397
1433,Eric Harringer & John Paul Lacey - Romance,0.011296
452,Royal Crown Revue (Holiday) - Baby It's Cold Outside (feat. Vicky Tafoya),0.011295
1486,Betty Everett - It's In His Kiss (The Shoop Shoop Song),0.01121
983,B.B. King & John Popper (Holiday) - Back Door Santa,0.011119
443,David Wilcox - Common As The Rain,0.011053
727,Fugazi - Suggestion,0.011044
1670,Brett Dennen - There Is So Much More,0.011017
743,Lee Morgan Quintet - The Gigolo,0.010942
316,Sara Bareilles - Gravity (2003),0.010911
294,Josh White - Trouble,0.010882
657,Jimmy Ruffin - What Becomes Of The Brokenhearted,0.010881
211,Leftover Salmon - Midnight Blues (feat. Del & Ronnie McCoury),0.01086
1471,Raveonettes (Holiday) - The Christmas Song,0.010805
568,Lowell Fulson - Reconsider Baby,0.010792
1181,La Sonora Dinamita - A Mover La Colita,0.010741
948,Cat Stevens - Wild World,0.010713
1213,Les Brown And His Band Of Renown - Moonlight In Vermont,0.010651
1521,Brian Culbertson - Say What? (feat. Steve Cole),0.010634
1722,Junior Brown - Semi-Crazy,0.01063
1064,Nitty Gritty Dirt Band - Get Back,0.010604
1704,Robert Earl Keen - Feelin' Good Again (Live),0.010571
1768,David Grisman & Tony Rice - Swing '42,0.010473
572,"Lowell Fulson - No More, Pt. 1",0.010429
1336,The Beatles - Baby You're A Rich Man,0.010424
529,John Danley - Atlas Bone,0.010345
1645,Tokyo Police Club - Graves,0.0103
122,Sean Hayes - Rattlesnake Charm (Dream Machine),0.010289
570,Lowell Fulson - Guitar Shuffle,0.010273
105,The George Lewis Band - Pork Chop,0.010235
193,Jackson 5 - Oh How Happy,0.010216
783,Katalyst - Time Bomb,0.010211
1235,Clifford Brown - Hymn Of The Orient,0.010211
809,Poppa Hop & His Orchestra (Holiday) - Merry Christmas Darling,0.010147
1783,The Dubs - Chapel Of Dreams,0.010146
787,Adele - Melt My Heart To Stone,0.010145
1667,SubtractiveLAD - My Quadrant,0.01014
300,Maynard Ferguson - Everybody Moan,0.010129
138,Lester Young - Prisoner Of Love,0.010093
251,The Animals - See See Rider,0.010084
455,Skid Row - Youth Gone Wild,0.010061
220,Sevendust - Shine,0.010035
464,Chuck Berry (Holiday) - Run Rudolph Run,0.010009
404,The Five Blind Boys Of Mississippi - Thank The Lord I'm Singing Again,0.009996
1550,Toots & The Maytals - Sweet And Dandy,0.009992
1281,Ratt - Lay It Down,0.009987
252,Flyleaf - All Around Me,0.009961
538,Dan Gibson - Adventureous Spirit,0.009959
441,Bob Brookmeyer - Skylark,0.009924
692,The Smokin' Joe Kubek Band - Comin' Home Today,0.009886
1148,Converge - Distance And Meaning,0.009878
434,Lazy Lester - My Home Is A Prison,0.009862
1291,Donnie McClurkin - We Fall Down (Live),0.009798
713,The National - Fake Empire (Live),0.009707
213,DJ Muggs Vs GZA - Unstoppable Threats (Instrumental),0.009689
514,Sonny Rollins - Like Someone In Love,0.009686
1054,James Cotton - Mighty Long Time,0.00968
929,Los Rieleros Del Norte - El Amor No Se Vende,0.009675
1758,Huracanes Del Norte - Nomas Por Tu Culpa,0.009549
1607,Botch - Liquored Up And Laid,0.009526
1427,Jr. Walker & The All Stars - What Does It Take,0.009524
1279,Devil Sold His Soul - Between Two Words,0.009503
699,Entombed - Full Of Hell,0.009475
502,Fireball Ministry - In The Mourning,0.009455
858,Corciolli - Rain,0.00945
1311,Kenny Loggins - Danger Zone,0.009439
283,The Jam - Absolute Beginners,0.009428
1111,"Verdi, Giuseppe - Luisa Miller, Opera",0.009422
575,Paul Oakenfold - Amsterdam,0.009401
236,Victor Manuelle - Sin Querer Queriendo,0.009385
1289,Donnie McClurkin - Church Medley,0.009342
996,Bill Connors - It Be FM,0.009334
369,The Nomads - Situations,0.009292
1689,Filter - The Only Way (Is The Wrong Way),0.009272
1231,Critters Buggin - 5?4 F.T.D.,0.009263
183,Chubby Checker - Pony Time,0.009238
1553,Toots & The Maytals - Still Is Still Moving To Me (feat. Willie Nelson),0.009237
1342,The Beatles - She Came In Through The Bathroom Window,0.009175
769,"Anthony Wonsey Trio - Just You, Just Me",0.00917
1445,"Dittersdorf, Karl Ditters von - Sinfonia In D Major, (""Il Combatiimento Delle Passioni Umani""), Grave D16",0.009158
1264,Dead Confederate - Shadow The Walls,0.009155
853,Corciolli - Children (Lake),0.009146
1165,John Prine - Everything Is Cool,0.009104
728,J.B. Lenoir - Louise,0.009033
278,Otis Spann - Mule Kicking In My Stall,0.00903
815,Your Vegas - In My Head,0.009006
307,The Paul Butterfield Blues Band - Help Me,0.008956
1134,Matthew West - Get Away,0.008923
640,Dean Martin - You're Nobody Till Somebody Loves You,0.008875
150,Waylon Jennings - T For Texas (Blue Yodel No. 1) (live),0.008846
84,Asleep At The Wheel - Stay All Night,0.008839
306,Project 86 - Something We Can't Be,0.008831
217,Children Of Bodom - Living Dead Beat,0.008806
1810,Marky Ramone - Rockaway Beach,0.00878
726,Fugazi - Polish,0.008772
1559,Sarah McLachlan - I Love You,0.008742
181,Korn - Make Me Bad,0.008662
495,Eddie Boyd - Best I Could,0.008656
555,Provision - Visualize,0.008645
965,Skafish (Holiday) - Jingle Bells,0.008605
1348,The Beatles - Here Comes The Sun ? The Inner Light (Transition) (Love Version),0.008582
469,Soda Stereo - Sueles Dejarme Solo,0.008546
1606,Botch - Japan (live),0.008538
1479,Stevie Wonder - My Cherie Amour,0.008535
277,Otis Spann - I'm Ready,0.008485
1526,Marvin Gaye - What's Going On,0.008481
981,Pete Robbins - Screwgun,0.008458
355,James P. Johnson - Keepin' Out Of Mischief Now,0.008457
114,Bill Monroe - Molly & Tenbrooks,0.008448
794,Harry James & Benny Goodman - Life Goes To A Party,0.008444
233,Vendredi 13 - Frequency 7,0.008432
180,Korn - Blind,0.008431
228,Johannes Linstead - La Rumbita,0.008399
755,Turn Me On Dead Man - 67 Dreams,0.008389
894,Sonicflood - I Want To Know You (In The Secret),0.00835
1350,The Beatles - No Reply,0.008331
1083,AC?DC - Moneytalks,0.008294
1785,Phil Wickham - Spirit Fall,0.008288
1642,The Troggs - My Lady,0.00823
102,"Bing Crosby - It's Been A Long, Long Time",0.00819
402,The Rivieras - Count Every Star,0.008179
1028,"Boccherini, Luigi - String Quartet In G Minor, G. 205 (Op. 32?5)",0.008167
1546,Toots & The Maytals - Monkey Man,0.008134
1866,Earl Scruggs - Get In Line Brother,0.008098
768,P.M. Dawn - I'd Die Without You,0.008079
582,The High Violets - Sun Baby,0.008073
1588,Yuri Buenaventura - Salsa,0.008057
139,Lester Young - Six Cats And A Prince (Master Take),0.007995
453,Chet Atkins & Les Paul - It Had To Be You,0.007989
1594,The Duskfall - Trust Is Overrated,0.007939
273,Lucy Kaplansky - Written On The Back Of His Hand,0.007916
333,Take 6 - Sing A Song,0.007882
1397,The Supremes - Love Is Here And Now You're Gone,0.007869
381,Michael Martin Murphey - Talkin' To The Wrong Man,0.007838
1724,Junior Brown - You Didn't Have To Go All The Way,0.007824
1468,Passion - Awesome Is The Lord Most High,0.007797
1276,Kitty Kallen - Little Things Mean A Lot,0.00778
1470,Passion - You Never Let Go,0.007721
879,The Monkees - Tomorrow's Gonna Be Another Day,0.007712
1219,David Massengill - My First Kiss,0.007708
1530,Marvin Gaye - I'll Be Doggone,0.007687
1088,AC?DC - Dirty Deeds Done Dirt Cheap (Live),0.00765
988,Rogue Wave - Ghost,0.007648
957,Tex Beneke - I Know,0.007638
143,Slim Harpo - You Can't Make It,0.0076
1052,Shudder To Think - Goat,0.007577
147,Paul Horn - Now Hear This,0.007569
1590,Ani DiFranco - Little Plastic Castle (Live 1.25.04),0.007548
1476,Stevie Wonder - Do I Do,0.007526
966,Skafish (Holiday) - Joy To The World,0.007497
1384,Sade - Paradise,0.007495
1821,Sam Bush - Same Ol' River (live),0.007477
1660,George Acosta - Save Me (Push Remix),0.007473
903,Loquat - Change The Station,0.00746
533,Rise Against - The Good Left Undone,0.007425
1839,Kalmah - Withering Away,0.007407
1811,Jarabe De Palo - Agua,0.007316
1308,Compulsion - Rapejacket,0.007305
1455,Say Hi To Your Mom - Your Brains Vs. My Tractorbeam,0.007302
1814,Sam Bush - Harbor Docks,0.007283
493,Byron Cage - Breathe,0.007274
1412,K-Ci & JoJo - Crazy,0.007231
1794,Naama Hillman - Falling,0.00718
96,Tommy Jarrell - The Drunken Hiccups,0.007167
472,Benny Carter - Long Ago And Far Away,0.007166
467,Soda Stereo - Ella Uso Mi Cabeza Como Un Revolver,0.007153
928,Los Rieleros Del Norte - Caballo De Espadas,0.007126
1158,Fred McDowell - Write Me A Few Of Your Lines,0.007115
1613,The Christmas Jug Band (Holiday) - Boogie Woogie Santa Claus,0.007115
1719,Junior Brown - Highway Patrol,0.007064
201,The Cars - Since You're Gone,0.00705
659,The Cotton Pickers - Hot Lips,0.007024
517,Sonny Rollins - On A Slow Boat To China,0.007019
1079,AC?DC - You Shook Me All Night Long,0.007018
234,Sterling (Electronica) - Desperation,0.007017
298,Herman's Hermits - Listen People,0.007007
510,Sonny Rollins - On Green Dolphin Street,0.007005
1187,Magik Markers - Body Rot,0.006976
1540,Tommy Flanagan - While You Are Gone,0.006964
1495,Steve Roach & Robert Rich - Going Inland,0.00696
1646,Tokyo Police Club - In A Cave,0.006956
386,Chayanne - Un Siglo Sin Ti,0.006951
156,Justin Hinds & The Dominoes - Carry Go Bring Come (Ska Version),0.006948
1523,Marvin Gaye - Let's Get It On,0.006931
842,Pavement - Baptist Blacktick,0.006908
154,Waylon Jennings - Theme From The Dukes Of Hazzard,0.006889
1124,Styx - Renegade,0.006863
581,Mary Chapin Carpenter - Right Now,0.006858
1548,Toots & The Maytals - Funky Kingston,0.006856
1524,Marvin Gaye - Mercy Mercy Me,0.006855
1120,Tony Bennett - I Wanna Be Around,0.00676
1076,"Jim Jackson - Bye, Bye, Policeman",0.006746
65,Outkast - The Way You Move,0.006733
559,Alison Krauss - Can't Find My Way Home,0.006733
216,The Warlocks - Gypsy Nightmare,0.006712
1233,Clifford Brown - Brownie Speaks,0.006687
1710,Antonio Aguilar - Triste Recuerdo,0.006662
770,Janis Figure - Mechanical Bull,0.006652
1532,No Age - I Wanna Sleep,0.006649
1835,Avril Lavigne - I'm With You,0.006599
632,"Couperin, Francois - Ignitum Eloquium Tuum, Motet Verset For 2 Sopranos, 2 Violins & Continuo (4 Versets D'un Motet)",0.006585
1630,Joseph Arthur - Favorite Girl,0.006583
496,Mahalia Jackson - Trouble Of The World,0.006551
101,Bing Crosby - You Must Have Been A Beautiful Baby,0.006536
1823,Roger - I Want To Be Your Man,0.006527
1545,Marty Robbins (Holiday) - The Joy Of Christmas,0.006506
428,Scorpions - Rock You Like A Hurricane,0.006479
81,Angelo - Save The Music,0.006463
310,Binary Finary - 1999,0.006455
1092,AC?DC - Highway To Hell,0.006435
224,Melissa Ferrick - Fear And Time,0.00643
995,Kumbia Altarz - Chiquilla,0.006425
723,Fugazi - Reprovisional,0.006396
1376,Bunny Berigan - The Buzzard,0.006395
400,The Century's - Hard Times,0.006362
337,Bonerama - Funky Miracle,0.006361
422,Hank Williams III - Crazed Country Rebel,0.006361
238,Victor Manuelle - Como Una Estrella,0.006359
512,Sonny Rollins - A Nightingale Sang In Berkeley Square (Live),0.006337
758,Unwound - Laugh Track,0.006336
980,Steve Earle & Reckless Kelly - Reconsider Me,0.006331
518,Sonny Rollins - Paradox,0.006319
545,Ronnie Earl - Ronnie Johnnie,0.006309
997,Ruben Studdard - Goin' Up Yonder,0.006293
1193,Guardian - Power Of Love,0.006281
1446,"Dittersdorf, Karl Ditters von - Concerto For Viola & Orchestra In F",0.006275
1485,Betty Everett - The Shoop Shoop Song (It's In His Kiss),0.006274
1409,Liquid Mind - I Am Willing,0.006252
454,Skid Row - I Remember You,0.006237
60,Doctor Ross - Tailor Made,0.006236
271,Lucy Kaplansky - I Had Something,0.00623
1672,Chino Espinoza -Los Duenos Del Son - Hector Lavoe Medley,0.006229
117,Sharon Jones & The Dap-Kings - Be Easy,0.006228
350,Seal - Wild,0.006228
1084,AC?DC - Problem Child,0.006194
1048,Dire Straits - Once Upon A Time In The West,0.006188
259,Antonio Carlos Jobim - Amor Em Paz (Once I Loved),0.006187
356,James P. Johnson - What Is This Thing Called Love,0.006181
6,Deuter - Buddha Nature,0.00618
1706,Natasha Bedingfield - Pocketful Of Sunshine,0.00616
92,R.L. Burnside - When My First Wife Left Me,0.006156
279,Otis Spann - Home To Mississippi,0.006123
257,Antonio Carlos Jobim - Agua De Beber (Live),0.006121
1417,The Rolling Stones - Ruby Tuesday,0.006118
1182,La Sonora Dinamita - La Cortina,0.006108
1159,"Harry Connick, Jr. - It Had To Be You",0.006041
1119,Tony Bennett - She's Funny That Way,0.006009
1413,The Rolling Stones - Complicated,0.006006
742,Phil Collins - You'll Be In My Heart,0.005998
1834,Avril Lavigne - Contagious,0.005985
1025,"Boccherini, Luigi - String Quartet In D Major, G. 203 (Op. 32?3)",0.005953
826,4 Haven Knights - In My Lonely Room,0.005945
1259,Prince - Little Red Corvette,0.00593
33,Ella Fitzgerald - Aren't You Kind Of Glad We Did,0.005904
1531,Marvin Gaye - You're A Wonderful One,0.00589
383,Simple Plan (Holiday) - My Christmas List,0.005882
1576,Mike Dowling - Mean Old Frisco,0.005874
1341,The Beatles - Run For Your Life,0.005873
1680,Doc Watson - Walk On Boy,0.005861
1595,Lynyrd Skynyrd - Free Bird (Live),0.005835
1503,Kai Winding - Trombone For Two,0.005832
1089,AC?DC - Shot Down In Flames,0.005824
253,Flyleaf - Sorrow,0.005805
442,Little Feat - Oh Atlanta,0.005796
760,Les Paul & Mary Ford - How High The Moon,0.005793
1848,Gerry & The Pacemakers - See You In September,0.005774
989,Rogue Wave - Nourishment Nation,0.005771
656,Trey Anastasio - Sleep Again,0.005721
230,Shalamar - Make That Move,0.005718
579,War - Why Can't We Be Friends,0.005688
1091,AC?DC - Hells Bells,0.005687
1718,Junior Brown - Gotta Get Up Everymorning,0.005662
124,Lifehouse - First Time,0.00565
586,The Mark Inside - Carousel,0.005618
662,Ryan Montbleau Band - Stretch,0.005616
970,Enanitos Verdes - Tu Carcel,0.005597
258,Antonio Carlos Jobim - Por Toda Minha Vida,0.005591
1086,AC?DC - Who Made Who (Live),0.005581
1167,John Prine - Pretty Good,0.005576
118,Sharon Jones & The Dap-Kings - Cut That Line,0.005573
439,Reuben Morgan - Hear Our Praises,0.005563
1108,"Verdi, Giuseppe - Falstaff, Opera",0.005562
1698,Alter Bridge - Buried Alive,0.005554
1414,The Rolling Stones - Get Off Of My Cloud,0.005522
536,Dan Gibson - Cool Forest Rain,0.005502
1475,Stevie Wonder - I Wish (Live),0.005482
1106,"Verdi, Giuseppe - Sacred Pieces (4), For Chorus & Orchestra (Quattro Pezzi Sacri)",0.005471
625,Iron Maiden Tribute Band - Run To The Hills,0.005466
1261,A Teens - S.O.S,0.005465
46,The Business - Drinking And Driving,0.005449
1366,The Cambridge Singers & Orchestra (Holiday) - Angels We Have Heard On High,0.005442
363,Danny Gatton & Tom Principato - I'm On Fire (Live),0.005441
859,Maria Bethania & Gal Gosta - Sonho Meu,0.005439
1389,Foghat - Slow Ride,0.005412
1820,Sam Bush - Mr. Freddie,0.005388
527,John Danley - Hickory,0.005383
357,James P. Johnson - You've Got To Be Modernistic,0.005369
127,The Soul Survivors - Hey Gyp,0.005356
1623,Iron & Wine - Each Coming Night,0.005345
551,Peter & Gordon (60s) - A World Without Love,0.005342
1175,Los Lobos - Shakin' Shakin' Shakes,0.00534
1830,Wreckless Eric - Whole Wide World,0.00534
556,The Adverts - Safety In Numbers (Live),0.005334
808,Lee Ritenour & Larry Carlton - Crosstown Kids,0.005306
1055,James Cotton - Soul Survivor,0.005304
956,Tex Ritter - I've Found A New Baby (Instrumental),0.005283
1544,Holly Cole - Christmas Blues,0.005276
1090,AC?DC - What Do You Do For Money Honey,0.005272
935,Wes Montgomery - Full House (Live),0.005266
1853,The Del McCoury Band - On The Lonesome Wind,0.005224
754,Ray Charles & The Count Basie Orchestra - I Can't Stop Loving You,0.005221
1518,Furry Lewis - Falling Down Blues,0.005211
1721,Junior Brown - My Wife Thinks Your Dead,0.005208
906,Loquat - Serial Mess,0.005199
1778,Christina Aguilera (Holiday) - Have Yourself A Merry Little Christmas,0.005199
1695,Robert Cray - Nothin' But A Woman,0.005197
1094,AC?DC - For Those About To Rock,0.00518
1330,The Beatles - Michelle,0.005154
1199,Tommy Johnson - Lonesome Home Blues (Take 2),0.005102
1437,"John Jacob Niles (Holiday) - Jesus, Jesus, Rest Your Head",0.005095
1852,The Del McCoury Band - I'm Afraid I Forgot The Feeling,0.005093
691,Al Di Meola - Tangata De Alba,0.00509
1053,Shudder To Think - Own Me,0.005085
1399,The Fray - How To Save A Life,0.005069
862,Michelle Branch - All You Wanted,0.005065
1070,Nitty Gritty Dirt Band - Snowballs,0.005049
893,Sonicflood - I Could Sing Of Your Love Forever,0.005032
817,Your Vegas - Troubled Times,0.005025
115,Steve Earle & The Supersuckers - Before They Make Me Run,0.005012
693,The Smokin' Joe Kubek Band - Mean Old World,0.00501
1196,The Clovers - Devil Or Angel,0.00501
1374,Bunny Berigan - Plantation Moods,0.004999
1393,Marvin Sapp - Give Thanks,0.004995
221,Omens - Searching,0.004994
396,Smokie Norful - Celebrate,0.004971
1498,Van Morrison - Midnight Special,0.004959
1571,Staind - Take This,0.004947
1332,"The Beatles - Ob-La-Di, Ob-La-Da",0.004944
1057,James Cotton - Blues For Jacklyn,0.004922
295,Peggy Lee & Art Lund (Holiday) - Winter Weather,0.004906
944,Guns N' Roses - Knockin' On Heaven's Door,0.004873
401,Vince Gill - When I Call Your Name,0.004864
1319,Fergie - Big Girls Don't Cry,0.004847
1596,Lynyrd Skynyrd - Sweet Home Alabama,0.004847
1561,Sarah McLachlan - Perfect Girl,0.004824
14,Deuter - Marfa Lights 1,0.004823
490,Catie Curtis - Fall Away,0.004814
1726,Bond - Space,0.004788
1373,Descendents - Suburban Home,0.004778
358,BR549 - Georgia On A Fast Train,0.004777
1157,The Essex - Easier Said Than Done,0.004748
736,Band Of Horses - Our Swords,0.004745
86,"JoJo - Too Little, Too Late",0.004732
50,Canned Heat (Holiday) - Christmas Blues,0.004724
1488,Rissi Palmer - Anybody Out There,0.004714
880,The Monkees - Daydream Believer,0.004713
1621,Justifide - Pointing Fingers,0.004704
1478,Stevie Wonder - For Once In My Life,0.004679
1309,Tipica 73 - Cachita,0.004669
1290,Donnie McClurkin - He's Calling You,0.004649
1093,AC?DC - Thunderstruck,0.004648
960,Broken Social Scene - Fire Eye'd Boy,0.004641
1851,The Del McCoury Band - Dry My Tears And Move On,0.004633
543,Black Lips - Boone,0.004628
159,"Strauss, Richard - Der Rosenkavalier, Opera, Op. 59 (TrV 227)",0.004624
370,Luis Miguel - Ahora Te Puedes Marchar (I Only Want To Be With You),0.004608
888,Little Walter - Blue Baby Hard Times,0.004596
1143,Diego El Cigala - Amar Y Vivir,0.004566
1502,Kai Winding - Impulse,0.004559
1725,The Pogues - The Band Played Waltzing Matilda,0.004558
1554,Toots & The Maytals - Time Tough,0.004551
936,Wes Montgomery - If I Should Lose You (Take 2-Alternate),0.004546
922,Rev Theory - Hell Yeah,0.004544
1327,The Beatles - Day Tripper,0.004544
1368,The Cambridge Singers & Orchestra (Holiday) - O Little One Sweet,0.004516
621,Ben Jelen - Where Do We Go,0.004513
877,The Monkees - Look Out (Here Comes Tomorrow),0.004507
1293,Loreena McKennitt (Holiday) - The Stockford Carol,0.004501
1579,Stephen Kellogg & The Sixers - A Cabin In The Woods,0.004496
827,Jon Bon Jovi (Holiday) - Please Come Home For Christmas,0.004487
1112,"Verdi, Giuseppe - Macbeth, Opera",0.004487
133,Kasey Chambers - Falling Into You,0.004484
714,The National - Slow Show,0.004477
188,Dimmu Borgir - Allegiance,0.004476
1105,John Butler Trio - Funky Tonight,0.004462
829,Port O'Brien - I Won't Look Back,0.004412
1299,The Gene Harris Quartet - Sweet And Lovely,0.004402
1154,Lindsay Lohan - Black Hole,0.004398
179,Tim Bluhm - California Way,0.004397
151,Waylon Jennings - San Francisco Mabel Joy,0.004395
921,"Palmgren, Selim - May Night, For Piano",0.004383
1750,Frank Foster - John R. And Garfield,0.004365
1217,Guitar Shorty - Loosen Up,0.004358
125,Deep Purple - Smoke On The Water (Live 1973),0.004357
1081,AC?DC - For Those About To Rock (We Salute You),0.004355
1323,The Beatles - When I Get Home,0.004351
567,Lowell Fulson - Western Union Blues,0.004349
776,Boyz II Men (Holiday) - Let It Snow,0.004326
57,Whitney Houston (Holiday) - Joy To The World,0.004321
153,Waylon Jennings - Clyde,0.004304
634,Harold Melvin & The Blue Notes - Don't Leave Me This Way,0.004287
499,"Crosby, Stills, Nash & Young - Woodstock",0.004272
1316,Nachtmystium - Code Negative,0.004256
438,Reuben Morgan - My Redeemer Lives,0.004255
303,XTC - The Rhythm (Live),0.004244
1192,Guardian - Let It Roll,0.004233
1333,The Beatles - With A Little Help From My Friends,0.004208
1716,Junior Brown - Broke Down South Of Dallas,0.004198
1107,"Verdi, Giuseppe - Il Trovatore, Opera",0.00418
1073,Bill Evans & Jim Hall - I Hear A Rhapsody,0.004172
1164,Reik - Me Duele Amarte,0.004153
1068,Nitty Gritty Dirt Band - Mr. Bojangles,0.004152
42,Ella Fitzgerald - Bidin' My Time,0.004143
1359,John Michael Montgomery - Angel In My Eyes,0.004143
309,The Paul Butterfield Blues Band - Love Her With A Feeling,0.004141
541,Black Lips - O Katrina!,0.004116
1194,Guardian - Sister Wisdom,0.0041
1541,Tommy Flanagan - Rough Ridin',0.0041
637,Dean Martin - On The Street Where You Live,0.004099
263,Antonio Carlos Jobim - Children's Games,0.004097
1513,Furry Lewis - Mistreatin' Mama,0.00408
1793,The Dirty Projectors - Time Birthed Spilled Blood,0.004076
1082,AC?DC - Have A Drink On Me,0.004069
1729,Charlie Lincoln - Depot Blues,0.004067
1386,Foghat - Drivin' Wheel,0.004058
1562,Sarah McLachlan - Train Wreck,0.004051
444,David Wilcox - Language Of The Heart,0.004043
872,The Bronx - Cobra Lucha,0.004034
823,Imogen Heap - The Walk,0.004031
1340,The Beatles - Let It Be,0.004031
144,Silberbart - Head Tear Of The Drunken Sun,0.004026
427,Scorpions - No One Like You,0.004018
297,Herman's Hermits - I'm Into Something Good,0.003997
1314,Lee Morgan - Hocus Pocus,0.003959
1362,Clarence Fountain - I Want To Go,0.003947
1717,Junior Brown - Freeborn Man,0.003943
1816,Sam Bush - Sailin' Shoes,0.003932
113,Robert Johnson - I'm A Steady Rollin' Man,0.003927
565,Alison Krauss - Don't Follow Me,0.003918
291,Josh White - Jesus Gonna Make Up My Dying Bed,0.00391
1215,Downhere - Feels Like Winter,0.003899
908,Branford Marsalis - Swingin' At The Haven,0.003895
1496,Van Morrison - Days Like This,0.003878
107,Alexander O'Neal (Holiday) - The Christmas Song (Chestnuts Roasting On An Open Fire),0.003873
1214,Les Brown And His Band Of Renown - The Sweetheart Of Sigma Chi,0.003871
1705,Robert Earl Keen - Corpus Christi Bay,0.00386
834,Teddy Wilson - I've Got A Crush On You,0.003859
243,The New Colony Six - I Lie Awake,0.003848
360,Assemblage 23 - Damaged,0.003843
1050,Dire Straits - Walk Of Life,0.003818
282,C.J. Chenier & The Rod Hot Louisiana Band - Bad Luck,0.003817
681,Mudvayne - Fall Into Sleep,0.003809
1700,Alter Bridge - Open Your Eyes,0.003808
1809,Marky Ramone - Blitzkrieg Bop,0.003792
1344,The Beatles - Two Of Us,0.003778
1487,Sky Saxon - Love Dog,0.003778
1805,Jim Henry+Brooks Williams - On The Rollin' Sea,0.003768
1694,"Fiorillo, Federigo - Concerto For Violin & Orchestra No 1 In F",0.003757
1819,Sam Bush - Girl Of The North Country (live),0.00374
887,Little Walter - Bad Acting Woman,0.003729
504,Stars Of The Lid - Broken Harbors? Part 1,0.003724
485,Irish Rovers (Holiday) - God Rest Ye Merry Gentlemen,0.003722
1598,Milt Jackson - Bags Of Blue (Live),0.003722
1085,AC?DC - Rock And Roll Ain't Noise Pollution,0.003721
374,Robert Shaw Chorale (Holiday) - Carol Of The Bells ? Deck The Halls,0.003701
1829,Wreckless Eric - Excuse Me,0.003701
373,Luis Miguel - Hasta Que Me Olvides,0.003696
1162,Waco Brothers - Missing Link,0.003674
436,Lazy Lester - Gonna Stick To You Baby,0.003673
927,Los Rieleros Del Norte - Abrazado De Un Poste,0.003665
1032,"Boccherini, Luigi - Symphony In B Flat Major, G. 497 (Op. 21?5)",0.003655
1429,Antonio Pinana - Cuando Llora La Guitarra,0.003654
814,Bryan Mann - Who Put The Bomp (In The Bomp Bomp Bomp),0.003648
1601,Milt Jackson - Namesake,0.003634
437,Lazy Lester - I'm Gonna Miss You (Like The Devil),0.003623
37,Ella Fitzgerald - It's Only A Paper Moon,0.003592
376,Willie Nix - Prison Bound Blues,0.003592
36,Ella Fitzgerald - I Concentrate On You,0.003584
724,Fugazi - Target,0.003581
638,Dean Martin - Everybody Loves Somebody,0.003572
1432,Eric Harringer & John Paul Lacey - Nature's Way,0.003568
718,Spyro Gyra - Summer Fling,0.003565
1538,The Association - Windy,0.003558
1298,The Gene Harris Quartet - The Song Is Ended,0.003546
564,Alison Krauss - Whiskey Lullaby,0.003544
635,Wolfmother - Colossal,0.003539
816,Your Vegas - It Makes My Heart Break,0.003537
878,The Monkees - The Monkees,0.003536
1391,Serena Ryder - Sisters Of Mercy,0.00353
740,Phil Collins - Another Day In Paradise (Live),0.003519
423,Scorpions - Big City Nights,0.003507
566,Alison Krauss - When You Say Nothing At All,0.003505
456,Skid Row - 18 And Life,0.003492
1539,The Association - Never My Love,0.003484
969,Enanitos Verdes - Lamento Boliviano,0.003477
1172,Fairfield Four - How I Got Over,0.003474
1784,Phil Wickham - Jesus Lord Of Heaven,0.003467
963,Broken Social Scene - Our Faces Split The Coast In Half,0.003452
1581,Stephen Kellogg & The Sixers - Sweet Sophia,0.003452
489,Larry Carlton - Roll With It,0.003439
1418,The Rolling Stones - Start Me Up,0.003429
883,Duran Duran - Ordinary World,0.003426
1207,Pete Fountain - While We Danced At The Mardi Gras,0.003416
1262,Our Brother The Native - We Are The Living,0.0034
1611,John Tesh - God Of Wonders,0.003387
623,Hank Williams Jr. - Whiskey Bent And Hell Bound,0.003386
1435,Eric Harringer & John Paul Lacey - Whispering Winds,0.003377
1577,Mike Dowling - Ragged And Dirty,0.003351
1283,Ratt - You Should Know By Now,0.003346
1343,The Beatles - Something,0.003343
149,Montgomery Gentry - Speed,0.003336
284,The Jam - Don't Tell Them You're Sane,0.003336
1686,Reno & Smiley - I Saw Your Face In The Moon,0.003332
1371,Finger Eleven - Lost My Way,0.003305
128,Shinedown - Burning Bright,0.003302
1691,Pee Wee Hunt & His Orchestra - Charleston,0.003301
1114,"Verdi, Giuseppe - Requiem Mass, For Soloists, Chorus & Orchestra (Manzoni Requiem)",0.003296
312,Cal Bennett - Whole Soul Stroll (Live),0.003293
1145,Daryl Coley - I Will Bless Your Name,0.003288
1197,Tommy Johnson - Big Fat Mama Blues,0.003274
597,Sex Pistols - EMI,0.003262
739,Georges Street - The Tartar Frigate,0.003255
1365,The Cambridge Singers & Orchestra (Holiday) - 'Twas In The Moon Of Winter Time,0.003252
146,Seven Day Jesus - I Will Find You,0.003237
287,The Sons Of The West - Panhandle Shuffle,0.003228
321,Hilary Stagg - Island Sweets,0.003177
1043,Blackmore's Night (Holiday) - Emmanuel,0.00317
1677,Doc Watson - Billy In The Low Ground (Live),0.003153
1135,Matthew West - More,0.003141
1504,)EIB( - Forgotten,0.003139
10,Deuter - Waves Of Light,0.003132
1687,Filter - Hey Man Nice Shot,0.003119
1416,The Rolling Stones - Street Fighting Man,0.003117
1563,Sarah McLachlan - Building A Mystery,0.003117
1239,Drive-By Truckers - Sink Hole,0.003106
641,Dean Martin - Ain't That A Kick In The Head,0.003094
958,Broken Social Scene - 7?4 (Shoreline),0.003093
636,Behemoth - Slaves Shall Serve,0.003079
1753,Roomful Of Blues (Holiday) - Have Yourself A Merry Little Christmas,0.003076
1855,The Del McCoury Band - Fire And The Flame,0.00307
708,"Cher - Gypsys, Tramps & Thieves",0.003062
602,Doc & Merle Watson - Big Spike Hammer,0.003045
968,Enanitos Verdes - Luz De Dia,0.003038
108,Celia Cruz & Tito Puente - La Plena Bomba Me Llama,0.003027
1297,Joey Ramone - What A Wonderful World,0.003016
1580,Stephen Kellogg & The Sixers - Maria,0.003009
1685,Reno & Smiley - Charlotte Breakdown,0.003003
584,The Manhattans - Kiss And Say Goodbye,0.002996
941,Guns N' Roses - Paradise City,0.002979
1200,Tommy Johnson - Maggie Campbell,0.002976
1051,Dire Straits - So Far Away,0.002969
1709,Antonio Aguilar - Mi Ranchito,0.002963
1727,Rachel Harrington - Shoeless Joe,0.002962
1328,The Beatles - Got To Get You Into My Life,0.002956
1166,John Prine - It's A Cheating Situation,0.002947
618,Foo Fighters - No Way Back,0.002944
1284,Ratt - You're In Trouble,0.002923
119,"Sharon Jones & The Dap-Kings - 100 Days, 100 Nights",0.002905
741,Phil Collins - Do You Remember?,0.002883
1133,Men Of Steel - O'Carolan's Quarrel With The Landlady (Live),0.002883
331,George Michael - Praying For Time,0.002871
1421,The Rolling Stones - Gimme Shelter,0.002871
569,Lowell Fulson - Everyday I Have The Blues,0.00287
546,Loudon Wainwright III - Grey In L.A.,0.002869
1654,Jake Schepps - In The American West? Rocky Ford,0.002863
951,Cat Stevens - The Wind,0.002853
1570,Staind - Right Here,0.002839
1434,Eric Harringer & John Paul Lacey - Ageless,0.002837
237,Victor Manuelle - Tengo,0.002832
1056,James Cotton - Take Me Back,0.002816
459,Jars Of Clay (Holiday) - God Rest Ye Merry Gentlemen,0.002813
1160,"Harry Connick, Jr. - I Could Write A Book",0.002812
1497,Van Morrison - Gloria (Performed By Them),0.002805
1169,Cal Tjader - Sambo Do Suenho,0.002803
152,Waylon Jennings - Are You Sure Hank Done It This Way,0.002794
1226,"Cherubini, Luigi - String Quartet No. 6 In A Minor",0.002779
1728,Eddie Fisher (Holiday) - My Favorite Things,0.002774
394,Albert King - Jam In A-Flat,0.002769
158,Richard Hell & The Voidoids - Love Comes In Spurts,0.002761
1500,Van Morrison - Domino,0.00276
285,The Jam - Man In The Corner Shop,0.002757
286,The Jam - In The City,0.002753
752,Tommy Emmanuel - One Mint Julep,0.002742
946,Guns N' Roses - Sweet Child O' Mine,0.002706
1266,Paul Siebel - My Town,0.002702
806,Hazel Dickens & Alice Gerrard - I Just Got Wise,0.002696
1748,Tom Rush - Mole's Moan,0.002695
1515,Furry Lewis - Why Don't You Come Home Blues,0.00269
256,Fosforito - Nunca Te He Mendtido (Bulerias De Cadiz),0.002678
1463,Sever Your Ties - Hand In Hand,0.002677
395,Albert King - I'll Play The Blues For You (Live),0.002666
1681,Doc Watson - Spike Driver Blues,0.002648
111,Robert Johnson - Walkin' Blues,0.00263
677,The Commodores - Easy,0.00263
558,"Mealli, Giovanni - Sonata For Violin & Continuo, Op. 3?6 (""La Sabbatina"")",0.002628
961,Broken Social Scene - Stars And Sons,0.002623
1367,"The Cambridge Singers & Orchestra (Holiday) - Good Christian Men, Rejoice",0.002623
85,Question Mark and the Mysterians - 96 Tears,0.002614
633,"Couperin, Francois - In Lectulo Meo",0.002612
1565,Traffic - Smiling Phases,0.002608
1678,Doc Watson - Jimmy's Texas Blues (Live),0.002608
1736,Preston Reed - Ladies Night,0.002591
562,Alison Krauss - Everytime You Say Goodbye,0.002578
387,Chayanne - Y Tu Te Vas,0.002573
203,BBC Big Band Orchestra - I'm Getting Sentimental Over You,0.002557
1066,Nitty Gritty Dirt Band - Wildwood Flower,0.002552
803,Ralph Stanley & The Clinch Mountain Boys - Man Of Constant Sorrow,0.00255
1174,Los Lobos - Let's Say Goodnight,0.002548
1627,Tim Hughes - Here I am to Worship,0.002542
1769,David Grisman & Tony Rice - The Prisoner's Waltz,0.002542
1679,Doc Watson - Little Sadie,0.002538
534,Old Crow Medicine Show - Take 'Em Away,0.002537
1007,"Boccherini, Luigi - Cello Concerto In C Major, G. 573",0.002501
116,Sharon Jones & The Dap-Kings - Let Them Knock,0.002486
930,Los Rieleros Del Norte - Fue Mentira,0.002481
1673,Jimmy Forrest - By The River Sainte Marie,0.002478
515,Sonny Rollins - Manhattan,0.002473
39,Ella Fitzgerald - My Man,0.00247
1017,"Boccherini, Luigi - Quintet For Guitar & Strings In C Major (""La Ritirada Di Madrid""), G. 453 (arrangement Of Piano Quintet, G. 409)",0.002464
1329,The Beatles - I'll Follow The Sun,0.002452
1324,The Beatles - Within You Without You,0.002451
553,Lyle Lovett - Simple Song,0.00244
1480,Stevie Wonder - Overjoyed,0.002416
706,Al Stewart - Time Passages,0.002411
620,Ben Jelen - Not My Plan,0.002405
1444,"Dittersdorf, Karl Ditters von - Sinfonia In A Major, (""Sinfonia Nazionale Nel Gusto Di Cinque Nazioni""), Grave A10",0.002397
684,Jimmy Buffett - Come Monday,0.002391
385,Chayanne - Dejaria Todo,0.002386
343,Chick Corea Elektric Band - Passage,0.002382
707,Al Stewart - Year Of The Cat,0.002369
689,Al Di Meola - Black Pearls,0.002364
372,Luis Miguel - Por Debajo De La Mesa,0.002356
26,Secret Machines - All At Once (It's Not Important),0.002355
511,Sonny Rollins - 'Round Midnight,0.00235
863,The Allman Brothers Band - Can't Take It With You,0.002348
835,Teddy Wilson - In The Mood,0.002337
710,Krum Bums - Misery,0.002336
601,Bishop Allen - Things Are What You Make Of Them,0.002331
1388,"Foghat - Ride, Ride, Ride",0.002331
192,Jackson 5 - I Want You Back,0.002328
1854,The Del McCoury Band - Asheville Turnaround,0.002328
1730,See You Next Tuesday - Forever On Deaf Ears,0.002326
978,"Lucky Thompson - Take The ""A"" Train",0.002324
1490,Rissi Palmer - Leavin' On Your Mind,0.002303
468,Soda Stereo - Paseando Por Roma,0.0023
1738,Preston Reed - Tractor Pull,0.0023
626,Orchestral Manoeuvres In The Dark - If You Leave,0.002295
1467,Passion - All Creatures Of Our God And King,0.002295
1126,Groove Coverage - The End,0.002294
235,Ned Luberecki - Emergency Pulloff,0.002273
530,John Danley - Dust For Sparrows,0.002273
1206,Pete Fountain - The Darktown Strutters' Ball,0.002263
1077,AC?DC - Back In Black,0.002251
349,Seal - Love's Divine (Live),0.002248
865,The Allman Brothers Band - Mountain Jam (Live),0.002248
1202,Kathleen Edwards - Oh Canada,0.002243
424,Scorpions - Don't Stop At The Top,0.00224
1010,"Boccherini, Luigi - Cello Concerto In A Major, G. 475",0.002234
537,Dan Gibson - The Fallen Leaves,0.002229
1533,No Age - My Life's Alright Without You,0.002218
397,Smokie Norful - I Understand,0.002213
1022,"Boccherini, Luigi - Sonata for cello & continuo in C major, G. 17",0.002207
1216,The Five Blind Boys Of Alabama - Let Me Hear My Mother Pray Again,0.002206
354,James P. Johnson - I've Got A Feeling I'm Falling,0.002205
1390,Serena Ryder - Coconut Grove,0.002204
1850,The Del McCoury Band - A Far Cry,0.002202
392,Albert King - Born Under A Bad Sign (Live),0.002199
182,Steve Winwood - While You See A Chance,0.002183
195,The Jackson Southernaires - I Need You To Hold My Hand,0.002146
280,Otis Spann - Mr. Highway Man,0.002136
1209,Joe Diffie - White Lightning,0.002126
1387,Foghat - Night Shift,0.002124
1335,The Beatles - All You Need Is Love,0.002114
647,Serj Tankian - Sky Is Over,0.002101
939,Guns N' Roses - November Rain,0.002096
685,Bryan Sutton - Grover Glen,0.002094
1098,Social Distortion - Cold Feelings,0.00208
828,Port O'Brien - Anchor,0.002078
1547,Toots & The Maytals - 54-56 Was My Number,0.002077
225,The Mars Volta - Roulette Dares (The Haunt Of),0.002074
45,Ella Fitzgerald - Love Walked In,0.002072
709,Krum Bums - Fall,0.002072
1772,David Grisman & Tony Rice - O Solo Mio,0.002065
1184,Angelo Debarre Et Ludovic Beier - Passion (En Duo),0.002063
1097,Johnny Maestro & The Crests - Angels Listened In,0.002059
1734,Lee Ann Womack - I Hope You Dance,0.002059
1759,"Lefty Frizzell - Saginaw, Michigan",0.002059
486,Irish Rovers (Holiday) - The Holly Bears The Crown,0.002054
1345,The Beatles - You Won't See Me,0.002044
913,Dan Crary - Lady's Fantasy,0.00204
1456,Eggs Over Easy - 111 Avenue C,0.002026
1286,Parts & Labor - The Gold We're Digging,0.002017
51,Earthless - Cherry Red,0.002013
1422,Fastball - 'Til I Get It Right,0.002012
1494,Steve Roach & Robert Rich - Silk Ridge,0.002006
1619,Nick Drake - Here Come The Blues,0.002003
1511,Furry Lewis - Goin' To Kansas City,0.002001
1568,Staind - It's Been Awhile,0.002001
1771,David Grisman & Tony Rice - Morning Sun,0.001994
1146,The Offspring - Can't Repeat,0.001993
196,The Jackson Southernaires - Lead Me,0.001983
867,Kate Havnevik - Sleepless,0.00198
1420,The Rolling Stones - I'm Free,0.001976
937,Wes Montgomery - Watch What Happens,0.001972
1806,El Lebrijano - Presidiarios Con Sus Caenas,0.001968
426,Scorpions - Still Loving You,0.001962
1653,Jake Schepps - Bluff's Collar,0.001957
686,Bryan Sutton - Stoney Creek,0.001955
557,Tristeza - Abrazo Distante,0.001938
8,Deuter - Yellow Mandala,0.001936
1339,The Beatles - If I Needed Someone,0.001936
1380,Doyle Dykes - Caleb's Report,0.001935
29,Willie Colon & Ruben Blades - Ojos,0.001924
1312,Jerry Jeff Walker - Gettin' By (Live),0.001921
1225,"Cherubini, Luigi - Symphony In D Major",0.001918
1016,"Boccherini, Luigi - Minuet in A major, arrangements (after String Quintet in E major, Op.11?5 [aka Op. 13?5], G. 275)",0.001917
717,Spyro Gyra - Believe,0.001916
751,Tommy Emmanuel - The Hunt,0.001912
430,Pepe Aguilar - A Pesar De Todo,0.00191
1185,Hillsong & Delirious? - I Could Sing Of Your Love Forever,0.0019
134,Kasey Chambers - Nothing At All,0.001897
931,Los Rieleros Del Norte - Me Quieres Matar De Celos,0.001893
30,Willie Colon & Ruben Blades - Pedro Navaja,0.001892
1315,Lee Morgan - Sneaky Pete,0.001881
916,Dan Crary - Reuben,0.001868
1237,The Young Tradition - Lyke Wake Dirge,0.001864
223,Gleisberg - Indian Garden,0.00186
1222,David Bowie - Rebel Rebel,0.001856
836,Teddy Wilson - Body And Soul,0.001845
1046,Blackmore's Night (Holiday) - Hark The Herald Angels Sing ? Come All Ye Faithful,0.001841
1605,Frank Sinatra & Bing Crosby (Holiday) - The Christmas Song ? White Christmas,0.00184
1439,Hezekiah Jones - Postpone,0.001839
445,David Wilcox - Rusty Old American Dream,0.001838
1481,Stevie Wonder - Ribbon In The Sky,0.001835
1812,Jarabe De Palo - Grita,0.001821
487,Irish Rovers (Holiday) - We Wish You A Merry Christmas,0.001817
488,Larry Carlton - Layla,0.001815
494,Burning Witch - Sea Hag,0.001814
276,Jo Dee Messina - Lesson In Leavin',0.00181
1078,AC?DC - It's A Long Way To The Top (If You Wanna Rock 'n' Roll),0.001807
955,Neil Young - Cripple Creek Ferry,0.001806
588,Kenny G - The Way You Look Tonight,0.001788
1443,"Dittersdorf, Karl Ditters von - Divertimento Fur Violine, Viola Und Violoncello D Major",0.001786
1205,Pete Fountain - High Society,0.001782
1296,Joey Ramone - Like A Drug I Never Did Before,0.001777
1714,Junior Brown - Lookin' For Love,0.001774
371,Luis Miguel - La Incondicional,0.00177
83,Asleep At The Wheel - Cotton-Eyed Joe,0.001766
32,Ella Fitzgerald - A Fine Romance,0.001761
606,The Ray Conniff Singers (Holiday) - Silver Bells,0.001751
1655,Jake Schepps - Origami,0.001743
998,Ruben Studdard - Shout To The Lord,0.001734
1071,Nitty Gritty Dirt Band - Way Downtown,0.001725
1803,Jim Henry+Brooks Williams - Gender Bender,0.001705
368,The Seldom Scene - Maybe You Will Change Your Mind,0.001699
839,Teddy Wilson - King Porter Stomp,0.001693
669,Jack Jones - Luck Be A Lady,0.00169
1241,Shadows Of Knight - I'll Make You Sorry,0.00169
9,Deuter - Earth Shadow,0.001688
1779,Christina Aguilera (Holiday) - The Christmas Song,0.001688
1005,"Boccherini, Luigi - Symphony In A Major, G. 508 (Op. 12?6)",0.001687
1737,Preston Reed - Love In The Old Country,0.001685
561,Alison Krauss - Wish I Still Had You,0.001684
598,Sex Pistols - New York,0.001679
869,Willie Banks - God's Goodness,0.001678
1791,The Dirty Projectors - Rise Above,0.001675
1723,Junior Brown - Where Has All the Money Gone?,0.001673
540,Black Lips - It Feels Alright,0.001668
1023,"Boccherini, Luigi - Sonata for cello & continuo in G major, G. 5 (Six Sonatas No. 3)",0.001656
1248,"Will Bradley & His Orchestra - When You And I Were Young, Maggie",0.001653
1045,Blackmore's Night (Holiday) - We Three Kings,0.001652
1764,Tiamat - For Her Pleasure,0.001643
1514,Furry Lewis - This Time Tomorrow,0.001641
342,Chick Corea Elektric Band - Lifescape,0.001635
1501,Kai Winding - Doodlin',0.001631
73,Jens Lekman - The Wrong Hands,0.001629
805,Ralph Stanley & The Clinch Mountain Boys - Pretty Polly,0.001626
1430,Eric Harringer & John Paul Lacey - Morning Sun,0.001626
161,"Strauss, Richard - Eine Alpensinfonie (An Alpine Symphony) For Orchestra, Op. 64 (TrV 233)",0.001622
407,"Morricone, Ennio - Sergio Leone Suite",0.00162
1807,Keith Oxman - Serenity,0.001613
1822,Sam Bush - The Dolphin Dance,0.001597
943,Guns N' Roses - Don't Cry,0.001595
1061,Brian Eno - An Ending (Ascent),0.001589
1321,The Beatles - I Feel Fine,0.001579
1517,Furry Lewis - Big Chief Blues,0.001574
704,Al Stewart - Broadway Hotel,0.001573
585,Boys From Indiana - Atlanta Is Burning,0.001563
881,The Monkees - She,0.001558
503,Stars Of The Lid - A Lovesong (For Cubs)+? Part 3,0.001552
1385,Foghat - Dreamer,0.001551
627,Orchestral Manoeuvres In The Dark - Dreaming,0.001538
1499,Van Morrison - Tupelo Honey,0.001531
344,"Haden, Charlie, And Quartet West - Moonlight Serenade",0.001523
1334,The Beatles - A Day In The Life,0.001523
98,Retrosic - Desperate Youth,0.001516
1015,"Boccherini, Luigi - Cello Concerto In E Flat Major, G. 474",0.001508
204,BBC Big Band Orchestra - On The Sunny Side Of The Street,0.001502
705,Al Stewart - On The Border,0.001501
1240,Drive-By Truckers - The Day John Henry Died,0.001499
630,New York Dolls - Mystery Girls (Planet Studios Demo),0.001492
600,Sex Pistols - Problems,0.001489
560,Alison Krauss - Endless Highway,0.001488
967,"Skafish (Holiday) - O Come, O Come Emmanuel",0.001483
160,"Strauss, Richard - Salome, opera, Op. 54 (TrV 215)",0.001479
1250,Mercyme - Here With Me,0.001477
1144,"Diego El Cigala - Ana, Dolores Y Aurora",0.001476
870,Anne Murray - Danny's Song,0.001473
173,"Rachmaninov, Sergey - Preludes (13) For Piano, Op. 32",0.001471
1442,"Dittersdorf, Karl Ditters von - Concerto For Harp, 2 Oboes, 2 Horns & Stringorchestra In A Major",0.001468
44,"Ella Fitzgerald - For You, For Me, For Evermore",0.001465
1543,Suffocation - Reincremation,0.001452
616,The Crests - Angels Listened In,0.001442
405,The Five Blind Boys Of Mississippi - Where He Leads Me,0.001426
1067,Nitty Gritty Dirt Band - I Saw The Light,0.001424
1697,Alter Bridge - Before Tomorrow Comes,0.001418
1469,Passion - Here I Am To Worship,0.001415
1622,Iron & Wine - Communion Cups And Someone's Coat,0.001415
1651,Ambrosia - How Much I Feel,0.001413
1529,Marvin Gaye - I Want You,0.001407
702,Chris Bocast - Quantum Entanglement,0.001397
317,Kenny Rogers (Holiday) - White Christmas,0.001395
764,Indigo Girls - Blood And Fire,0.00139
5,Deuter - Sea And Silence,0.001373
1177,Don Ross - Blue Bear,0.001368
1798,Paul Baloche - Your Name,0.001367
1249,Mercyme - Grace Tells Another Story,0.001366
1313,Jerry Jeff Walker - L.A. Freeway,0.001366
1394,Marvin Sapp - Perfect Peace,0.001366
1766,David Grisman & Tony Rice - Banks Of The Ohio,0.001363
1011,"Boccherini, Luigi - Cello Concerto In B Flat Major, G. 482",0.001358
197,The Sword - Celestial Crown,0.001347
668,Jack Jones - Autumn Leaves,0.001345
986,"Beck, Ignaz, Franz - Overture (Sinfonia) In G Major, Op. 1?5 (Callen 5)",0.001325
1711,The Heavenly Music Association - Alain,0.001321
1059,Brian Eno - Zawinul ? Lava,0.001316
1001,Brandi Carlile - Throw It All Away,0.001312
830,Port O'Brien - Tree Bones,0.00131
735,Band Of Horses - No One's Gonna Love You,0.001305
1773,David Grisman & Tony Rice - Song For Two Pamelas,0.001298
1735,Lee Ann Womack - I'll Think Of A Reason Later,0.001296
4,Deuter - Nada Himalaya 2,0.001293
658,Tetsu Inoue - Mini Moon,0.001289
1034,"Boccherini, Luigi - Symphony In D Major, G. 496 (Op. 21?4)",0.001281
1238,Mose Andrews - Ten Pound Hammer,0.00128
509,Tim Sparks - Trap Hill Breakdown,0.001276
1837,Avril Lavigne - Nobody's Home,0.001259
384,Chayanne - Atado A Tu Amor,0.001255
603,Doc & Merle Watson - Gambler's Yodel,0.001252
244,Jason Aldean - Laughed Until We Cried,0.001247
732,Gene Ammons - My Romance,0.001244
1180,Don Ross - Give Me Seven Reasons,0.001238
1867,Earl Scruggs - Stash It,0.001229
700,Booker Ervin - Lynn's Tune,0.001228
1424,Fastball - Morning Star,0.001217
599,Sex Pistols - Pretty Vacant,0.001214
1013,"Boccherini, Luigi - Cello Concerto In D Major, G. 476",0.001209
1132,Men Of Steel - In Flagrante (Live),0.001204
219,Sevendust - Enemy,0.001177
962,Broken Social Scene - KC Accidental,0.00117
1560,Sarah McLachlan - Fallen,0.00116
954,Neil Young - Ohio,0.001159
992,"Various Artists? 50 Most Loved Christmas Carols (Holiday) - Lo, How A Rose E'er Blooming",0.001153
1347,The Beatles - Paperback Writer,0.001153
322,Hilary Stagg - Spirit Dancers,0.001145
1018,"Boccherini, Luigi - Quintet For Guitar & Strings In D Major (""Fandango""), G. 448 (Arrangement Of String Quintets, G. 270 & 341)",0.001144
1557,Sarah McLachlan - Hold On (Live),0.001142
563,Alison Krauss - Foolish Heart,0.001126
1014,"Boccherini, Luigi - Cello Concerto In D Major, G. 483 (Op. 34)",0.001123
1265,Dead Confederate - Tortured Artist Saint,0.001108
382,Michael Martin Murphey - Tumbling Tumbleweeds,0.001106
703,The Royal Guardsmen - Snoopy Vs. The Red Baron,0.001105
1564,Traffic - Pearly Queen,0.001103
80,"Schumann, Robert - String Quartet No. 2 in F major, Op. 41?2",0.001102
711,The National - Fake Empire,0.001102
825,The Wallflowers - 6th Ave Heartache,0.001099
379,Michael Martin Murphey (Holiday) - Sleigh Ride ? Jingle Bells,0.001093
526,Jean-Luc Ponty - Still In Love,0.001093
240,Jerry Bergonzi - Outhouse,0.001092
1227,The Blakes - Commit,0.00108
222,Starfield - Can I Stay Here Forever?,0.001079
1326,The Beatles - A Day In The Life (Love Version),0.001069
1285,Parts & Labor - Long Way Down,0.001066
1152,Converge - You Fail Me,0.00106
945,Guns N' Roses - Live And Let Die,0.001058
583,Jimmy Dorsey - Begin The Beguine,0.001055
1813,Sam Bush - Big Mon,0.001038
1466,Passion - Glorious,0.001033
1012,"Boccherini, Luigi - Cello Concerto In C Major, G. 477",0.001024
1150,Converge - Homewrecker,0.001019
377,Junior Mance Trio - Smokey Blues (Live),0.001016
1008,"Boccherini, Luigi - Symphony In C Major, G. 505 (Op. 12?3)",0.001015
753,Tommy Emmanuel - Windy & Warm,0.00101
1186,David Darling - Lady Child's Dream,0.001008
861,Michelle Branch - Everywhere,0.001004
1489,Rissi Palmer - Hold On To Me,0.001003
748,The Dead Milkmen - Punk Rock Girl,0.000997
88,Christmas Cookies (Holiday) - White Christmas,0.000994
1804,Jim Henry+Brooks Williams - Malted Milk,0.000987
1802,Jim Henry+Brooks Williams - Angie,0.000984
1099,Social Distortion - Bad Luck,0.000975
1363,Michael Jackson (Holiday) - Little Christmas Tree,0.00097
87,Christmas Cookies (Holiday) - The Christmas Song,0.000968
1818,Sam Bush - Spooky Lane,0.000967
528,John Danley - Lorianne,0.000965
1404,Liquid Mind - Lullaby For Grownups,0.000963
1683,Doc Watson - Banks Of The Ohio (Live),0.000961
477,Cannonball Adderley - You' re A Weaver Of Dreams,0.000959
655,Trey Anastasio - Come As Melody,0.000958
765,Indigo Girls - Cold Beer And Remote Control,0.000953
1349,The Beatles - Can't Buy Me Love,0.000948
1109,"Verdi, Giuseppe - La Forza Del Destino, Opera",0.000945
460,Various Artists? Songs Of December - Hailee's Moment,0.000941
1755,Todd Collins (Holiday) - Hailee's Moment,0.000941
1382,"Eddie ""Lockjaw"" Davis - Trane Whistle",0.000939
1675,Doc Watson - Liitle Orphan Girl (Live),0.000939
593,"Boyce, William - Trio Sonata No. 4 In G Minor",0.000928
993,Various Artists? 50 Most Loved Christmas Carols (Holiday) - While Sherherds Watched Their Flocks,0.000928
43,Ella Fitzgerald - Darn That Dream,0.000921
393,Albert King - Can't You See What You're Doing To Me,0.000921
757,Kate Rusby - The Lark,0.000921
261,Antonio Carlos Jobim - Tide,0.000914
749,Bobo Thomas - Catfish Blues,0.000911
1009,"Boccherini, Luigi - Symphony In D Major, G. 509 (Op. 35?1)",0.000904
547,Loudon Wainwright III - The Swimming Song,0.000901
1815,Sam Bush - Ozzie & Max,0.0009
1415,The Rolling Stones - Shake Your Hips,0.000894
761,The Youth Choir Of Saint-Francois De Versailles (Holiday) - Guillo Take Your Tambourine,0.00089
1147,"Raina Rose - Evergreen House, 2nd Floor",0.000889
458,Jars Of Clay (Holiday) - I Heard The Bells On Christmas Day,0.000888
1294,Hillsong - God He Reigns ? All I Need Is You (Live),0.000887
304,XTC - Chalkhills And Children,0.000886
690,Al Di Meola - Milonga Del Angel,0.000885
1036,"Boccherini, Luigi - Symphony In D Minor (""La Casa Del Diavolo""), G. 506 (Op. 12?4)",0.000884
1865,Earl Scruggs - Flint Hill Special,0.000882
938,Wes Montgomery - Road Song,0.000878
1508,Peter Mulvey - Bloomington,0.000878
1491,The Verve - Blue (USA Mix),0.000874
1115,Mildred Bailey (Holiday) - I've Got My Love To Keep Me Warm (feat. Red Norvo),0.000873
910,Dan Crary - Tom & Jerry,0.000872
1230,Ronan Hardiman - Celtic Dream,0.000872
522,Sonny Rollins - There Are Such Things,0.000867
13,Deuter - Black Velvet Flirt,0.000863
415,England Dan & John Ford Coley - Gone Too Far,0.000858
979,Bessie Smith (Holiday) - At The Christmas Ball,0.000858
712,The National - Green Gloves,0.000853
1790,The Dirty Projectors - On The Beach,0.000853
964,Broken Social Scene - Shampoo Suicide,0.000839
272,Lucy Kaplansky - When I Get To The Border,0.000835
1464,Jennie Arnau - Float On,0.000833
756,Kate Rusby - A Rose In April,0.000826
1377,Gordon Bok - Herring Croon,0.000826
2,Jon Schmidt - Solace,0.000824
1027,"Boccherini, Luigi - String Quartet In E Minor, G. 202 (Op. 32?2)",0.000822
49,Dan Crary (Holiday) - What Child Is This (USA),0.000818
866,The Allman Brothers Band - Little Martha,0.000814
1019,"Boccherini, Luigi - Quintet For Guitar & Strings In D Minor, G. 445 (arrangement Of Piano Quintet, G. 416)",0.000813
1492,ABORTED - Clinical Colostomy,0.000809
16,Jerry Douglas?Russ Barenberg?Edgar Meyer - Big Bug Shuffle,0.000805
605,The Ray Conniff Singers (Holiday) - Santa Claus Is Coming To town,0.000791
1021,"Boccherini, Luigi - Quintet For Guitar & Strings In G Major, G. 450 (Arrangement Of Quintet For Flute And Strings, G. 531 & String Quartet, G. 240)",0.00079
1151,Converge - The Broken Vow,0.000787
1179,Don Ross - Klimbim,0.000781
148,Montgomery Gentry - My Town,0.000779
1101,Robert Henke - Signal To Noise II,0.000779
1788,Markus Reuter - The Increase Of Faith,0.000779
506,Stars Of The Lid - A Meaningful Moment Through A Meaning(Less) Process,0.000773
1436,Eric Harringer & John Paul Lacey - Morning Dew,0.000772
1573,Andrae Crouch - Soon And Very Soon,0.00077
1069,Nitty Gritty Dirt Band - One Sure Honest Line,0.000762
1624,Iron & Wine - Faded From The Winter,0.000761
1411,Liquid Mind - Zero Degrees Zero,0.00076
501,Kit McClure Band - One O'clock Jump,0.000759
1095,Kruger Brothers - Up18north,0.000757
56,Whitney Houston (Holiday) - Do You Hear What I Hear?,0.000752
1156,Creative Music Services Musicians (Holiday) - O Christmas Tree,0.000748
433,Lazy Lester - A Woman,0.000746
990,Rogue Wave - Perfect,0.000739
275,"Jo Dee Messina - Heads Carolina, Tails California",0.000729
1786,Markus Reuter - A Clue To Reality,0.000728
715,The National - Start A War,0.000725
1767,David Grisman & Tony Rice - I Am A Pilgrim,0.000708
942,Guns N' Roses - Patience,0.0007
774,"Baguer, Carlos - Symphony No. 16 In G Major",0.000699
1612,John Tesh - Key Of Love (live),0.000696
1210,"Khachaturian, Aram - Masquerada, Suite From The Incidental Music For Orchestra (or Piano)",0.000695
1656,Rose Cousins - One Love,0.000694
1325,The Beatles - If I Fell,0.000691
1699,Alter Bridge - One By One,0.00069
106,John Renbourn - Trotto ? Saltarello,0.000686
1072,Garfield Akers - Cottonfield Blues Part 1,0.000686
909,John McEuen - Ryan William's Arrival In America,0.00068
440,Three Days Wait - Beautiful Baby,0.000679
34,Ella Fitzgerald - Crying Mood,0.000677
1684,Doc Watson - Eastbound Train (Live),0.000675
1693,Wire - Reuters,0.00067
667,Uncle Earl - Booth Shot Lincoln,0.000667
1431,Eric Harringer & John Paul Lacey - Nature's Lullaby,0.000667
1569,Staind - Outside,0.000662
1452,"Mahler, Gustav - Symphony No. 6 in A minor (""Tragic"")",0.00066
1512,Furry Lewis - Long Tall Gal Blues,0.000657
991,Various Artists? 50 Most Loved Christmas Carols (Holiday) - In The Bleak Midwinter,0.000655
432,Pepe Aguilar - Perdoname,0.000651
1031,"Boccherini, Luigi - Symphony In A Major, G. 498 (Op. 21?6)",0.00065
1131,Maxine Nightingale - Right Back Where We Started From,0.000649
162,"Strauss, Richard - Macbeth, Tone Poem For Orchestra, Op. 23 (TrV 163)",0.000645
1792,The Dirty Projectors - Since I Opened,0.000643
917,Dan Crary - Senso Unico,0.000642
186,Gladys Knight & The Pips - Best Thing That Ever Happened To Me,0.00063
431,Pepe Aguilar - Me Falta Valor,0.00063
1516,Furry Lewis - Baby You Don't Want Me,0.00063
11,Deuter - Empty Shore,0.000629
481,Butch Thompson (Holiday) - Silent Night,0.000625
801,Ralph Stanley & The Clinch Mountain Boys - Gonna Paint The Town,0.00062
320,Hilary Stagg - Land Of Oz,0.000616
1039,"Boccherini, Luigi - Symphony In C Major, G. 495 (Op. 21?3)",0.000612
1044,Blackmore's Night (Holiday) - Ma-O-Tzur,0.000612
737,Band Of Horses - The First Song,0.000611
378,"Michael Martin Murphey (Holiday) - Corn, Water And Wood",0.000609
7,Deuter - Earthlight,0.000605
129,"Rosetti, Antonio - Symphony In D Major, A 12?K 1 No 12",0.000602
366,Laurence Juber (Holiday) - Good King Wenceslaus,0.000598
594,"Boyce, William - Trio Sonata No. 6 In B Flat Major",0.000596
505,Stars Of The Lid - Gasfarming,0.000584
1402,Liquid Mind - In The Stillness,0.000584
912,Dan Crary - Hot Pursuit,0.00058
856,Corciolli - Work (Water),0.000575
914,Dan Crary - Lime Rock,0.000575
1817,Sam Bush - Song For Roy,0.000573
174,"Rachmaninov, Sergey - Symphonic Dances, for orchestra (or 2 pianos), Op. 45",0.000565
802,Ralph Stanley & The Clinch Mountain Boys - I Am Weary,0.000565
738,Band Of Horses - The Funeral,0.000558
1836,Avril Lavigne - Keep Holding On,0.000553
1331,The Beatles - Things We Said Today,0.000547
1228,The Blakes - Streets,0.000545
1567,Staind - For You,0.000545
90,"Antonio Vivaldi (Holiday) - Gloria In D Major, Et In Terra Pax",0.000536
750,Tommy Emmanuel - Endless Road,0.000536
1423,Fastball - Are You Ready For The Fallout?,0.00053
864,The Allman Brothers Band - Long Time Gone,0.000529
1556,Sarah McLachlan - Adia,0.000526
1450,"Mahler, Gustav - Symphony No. 10 In F Sharp Minor (realization By Deryck Cooke)",0.000524
1038,"Boccherini, Luigi - Symphony In B Flat Major, G. 493 (Op. 21?1)",0.000523
952,The Black Angels - Bloodhounds On My Trail,0.000521
977,Lucky Thompson - Jeep's Blues,0.00052
1024,"Boccherini, Luigi - String Quartet In D Major, G. 165 (Op. 8?1)",0.000506
1030,"Boccherini, Luigi - String Quintet For 2 Violins, Viola & 2 Cellos In G Minor, G. 351 (Op. 42?4)",0.000502
831,Peggy Seeger - O The Wind And Rain,0.000501
367,Laurence Juber (Holiday) - Prelude & Silent Night,0.000497
1587,Hugo Montenegro & His Orchestra - Theme From A Fistful Of Dollars,0.000491
1510,"Furry Lewis - Furry's Rag (Take Your Time, Baby)",0.00049
406,"Morricone, Ennio - Giuseppe Tornatore Suite",0.000487
1400,Liquid Mind - My Orchid Spirit,0.000484
1408,Liquid Mind - Gently Down,0.000483
797,Tomasa La Macanita - Yo Soy De Jerez (Bulerias De Cai),0.000482
1246,Tim O'Brien - Johnny Don't Get Drunk ? Rye Straw,0.000482
1453,Moby Grape - Lazy Me,0.000478
1040,"Boccherini, Luigi - Symphony In D Major, G. 520 (Op. 42)",0.000475
604,Buddy Bregman - Derek's Blues,0.000472
1441,"Dittersdorf, Karl Ditters von - Symphony After Ovid's ""Metamorphoses"" No. 4 In F Major (""Die Rettung Der Andromeda Durch Perseus"")",0.000464
79,"Schumann, Robert - Cello Concerto in A minor, Op. 129",0.000463
1369,"Boieldieu, Francois-Adrien - Concerto For Harp & Orchestra In C, Op.77",0.000463
1026,"Boccherini, Luigi - String Quartet In E Flat Major, G. 201 (Op. 32?1)",0.000462
985,"Beck, Ignaz, Franz - Overture (Sinfonia) In G Minor, Op. 1?1 (Callen 1)",0.000461
871,Mars Lasar - Untouchable,0.00046
70,Light This City - Exile,0.000458
531,John Danley - Whispering Blue,0.000458
1410,Liquid Mind - Moment Of Grace,0.00045
1029,"Boccherini, Luigi - String Quartet in A major, G. 213 (Op. 39)",0.000442
1401,Liquid Mind - Balance,0.000432
1826,As One - In The Arms Of You,0.000432
0,Jon Schmidt - Night Song,0.00043
804,Ralph Stanley & The Clinch Mountain Boys - Stone Walls And Steel Bars,0.00042
1224,"Cherubini, Luigi - Requiem No.2, For Male Chorus & Orchestra In D Minor",0.000413
613,"Chopin, Fryderyk - Waltzes (3) for piano, Op. 70, CT. 217-219",0.000411
1062,Nitty Gritty Dirt Band - Togary Mountain,0.000405
670,Jack Jones - Somewhere My Love,0.000404
167,"Rachmaninov, Sergey - Piano Concerto No. 3 In D Minor, Op. 30",0.000395
448,"Pichl, Vaclav - Symphony In C Major, Z21",0.000395
628,Moonspell - Sons Of Earth,0.000392
1020,"Boccherini, Luigi - Quintet For Guitar & Strings In E Minor, G. 451 (arrangement Piano Quintet, G. 407)",0.00039
800,Ralph Stanley & The Clinch Mountain Boys - Beautiful Star Of Bethlehem,0.000386
1060,Brian Eno - Stars,0.000379
1405,Liquid Mind - My Silent Knowing,0.000376
176,"Rachmaninov, Sergey - Symphony No. 2 in E minor, Op. 27",0.000372
255,"Mendelssohn, Fanny - String Quartet In E Flat Major",0.000367
918,"Dan Crary - The Fermoy Lass, The Man Of The House",0.000367
77,"Schumann, Robert - Kreisleriana, 8 fantasies for piano, Op. 16",0.000362
177,"Rachmaninov, Sergey - The Isle of the Dead, symphonic poem, Op. 29",0.000361
573,Jesse Harris - Morning In A Strange City (Cafe),0.000361
1440,"Dittersdorf, Karl Ditters von - Symphony After Ovid's ""Metamorphoses"" No. 1 In C Major (""Die Vier Weltalter"")",0.00036
987,Rogue Wave - Endgame,0.000358
1006,"Boccherini, Luigi - Symphony In E Flat Major, G. 510 (Op. 35?2)",0.000353
1682,Doc Watson - Down In The Valley To Pray,0.000348
915,Dan Crary - On The Fritz,0.000347
1178,Don Ross - First Ride,0.000346
645,Jay Reatard - Turning Blue,0.000343
365,Laurence Juber (Holiday) - God Rest Ye Merry Gentlemen,0.000335
1403,Liquid Mind - Continuity,0.000325
721,"Faure, Gabriel - Sonata For Cello & Piano No. 1 In D Minor, Op. 109",0.000324
1451,"Mahler, Gustav - Symphony No. 5 in C sharp minor",0.000324
1041,"Boccherini, Luigi - Symphony In D Minor, G. 522 (Op. 45)",0.000323
854,Corciolli - Forest Spirit,0.000321
1229,The Blakes - Modern Man,0.000317
76,"Schumann, Robert - Piano Concerto in A minor, Op. 54",0.000314
1351,The Beatles - Rock And Roll Music,0.000314
175,"Rachmaninov, Sergey - Symphony No. 1 in D minor, Op. 13 (lost; reconstructed from piano duets and orch. fragments)",0.00031
766,Indigo Girls - Left Me A Fool,0.00031
1176,Don Ross - Berkley Springs,0.00031
949,Cat Stevens - Don't Be Shy,0.000298
170,"Rachmaninov, Sergey - Etudes-tableaux, For Piano, Op. 33",0.000292
719,"Faure, Gabriel - Impromptu for piano No. 3 in A flat major, Op. 34",0.000292
773,"Baguer, Carlos - Symphony No. 18 In B Flat Major",0.000291
1035,"Boccherini, Luigi - Symphony In D Major, G. 503 (Op. 12?1)",0.00029
734,Band Of Horses - Is There A Ghost,0.000283
131,"Rosetti, Antonio - Symphony In C Major, A 9?K 1 No 21",0.000266
1223,"Cherubini, Luigi - Overtures",0.000252
1275,Laurie Z. - The Mysterious Painter,0.000252
61,"Funck, David - Suite In D",0.00025
1407,Liquid Mind - Breathe In Me,0.00025
1183,"Yolanda Kondonassis (Holiday) - Bring A Torch, Jeannette, Isabella",0.000245
610,"Chopin, Fryderyk - Nocturnes (3) For Piano, Op. 9, Ct. 108-110",0.000235
1037,"Boccherini, Luigi - Symphony In E Flat Major, G. 513 (Op. 35?5)",0.000234
1113,"Verdi, Giuseppe - Nabucco, Opera (Nabucodonosor)",0.000231
646,Jay Reatard - We Who Wait,0.000227
911,Dan Crary - Amsterdance,0.00022
784,Adele - Hometown Glory,0.000217
132,"Rosetti, Antonio - Symphony In G Major, A 40?K 1 No 22",0.000215
1406,Liquid Mind - Thought Museum,0.000213
364,Laurence Juber (Holiday) - Away In A Manger,0.000212
644,Jay Reatard - Oh It's Such A Shame,0.000212
772,"Baguer, Carlos - Symphony No. 13 In E Flat Major",0.000211
720,"Faure, Gabriel - Piano Trio In D Minor, Op. 120",0.000208
799,Ralph Stanley & The Clinch Mountain Boys - Calling My Children Home,0.000208
1770,David Grisman & Tony Rice - Grandfather's Clock,0.000201
171,"Rachmaninov, Sergey - Moments Musicaux (6) For Piano, Op. 16",0.000194
525,Jean-Luc Ponty - Eulogy To Oscar Romero,0.000194
759,"Berwald, Franz - Symphony No. 2 In D, ""Sinfonie Capricieuse""",0.000189
168,"Rachmaninov, Sergey - Piano Concerto No. 4 In G Minor, Op. 40",0.000187
1787,Markus Reuter - Read Aloud In Cold Blood,0.000185
1,Jon Schmidt - Passages,0.000184
172,"Rachmaninov, Sergey - Preludes (10) For Piano, Op. 23",0.000182
1754,Todd Collins (Holiday) - Angels We Have Heard On High,0.000175
100,Deepak Chopra & Adam Plack - Serenity,0.000174
130,"Rosetti, Antonio - Symphony In F Major, A 33?K 1 No 24",0.000174
483,Butch Thompson (Holiday) - Ave Maria,0.000173
886,Mice Parade - Circle None,0.000168
1033,"Boccherini, Luigi - Symphony In C Minor, G. 519 (Op. 41)",0.000166
920,Dan Crary - Reedie's Blues,0.000159
919,Dan Crary - Cape Foulweather,0.000156
1295,Grey Daturas - Hanging Man Is No Peacock,0.000151
1168,Janet Beazley - White (Long Time Travelin'),0.000149
480,Butch Thompson (Holiday) - God Rest Ye Merry Gentlemen,0.000143
1042,Blackmore's Night (Holiday) - Ding Dong Merrily On High,0.000142
202,Will Ackerman - If You Look,0.000141
1703,Flatfoot 56 - Brotherhood,0.000139
418,Lorie Line - Faith Of Our Fathers,0.000134
165,"Rachmaninov, Sergey - Piano Concerto No. 1 In F Sharp Minor, Op. 1",0.000129
1267,Jennifer Haines (Holiday) - Cantique De Noel (O Holy Night),0.000116
1392,Will Ackerman (Holiday) - Emmanuel,0.000116
169,"Rachmaninov, Sergey - Rhapsody On A Theme Of Paganini (Introduction And 24 Variations), In A Minor For Piano & Orchestra, Op. 43",0.000115
420,Lorie Line - I Surrender All,0.000115
164,Finbar & Eddie Furey - Curragh Of Kildare,0.000113
631,"Couperin, Francois - L'Espagnole (La Visionnaire), For 2 Violins & Continuo (Les Nations)",0.000112
837,Teddy Wilson - Easy To Love,0.000112
532,Kokomo Arnold - Milk Cow Blues,0.000111
595,"Boyce, William - Trio Sonata No. 9 In C Major",0.000111
1212,"Jim Taylor - Little Rose Is Gone, Billy In The Lowground",0.00011
607,"Chopin, Fryderyk - Etudes (12) for piano, Op. 25, CT. 26-37",0.000109
722,"Faure, Gabriel - Sonata For Cello & Piano No. 2 In G Minor, Op. 117",0.000109
1198,Tommy Johnson - Cool Drink Of Water Blues,0.000106
507,Stars Of The Lid - Even If You're Never Awake,0.000093
548,Liz Story (Holiday) - O Thou Joyful Day - O Little Town of Bethlehem,0.000089
771,John R. Burr - For The Asking,0.000084
840,Teddy Wilson - Mean To Me,0.000082
1161,Robin Bullock - Rigler's March-Rex's Rambles,0.000082
166,"Rachmaninov, Sergey - Piano Concerto No. 2 In C Minor, Op. 18",0.000078
701,Chris Bocast - Hearts' Rest,0.000077
1318,Bruce Molsky - Buckdancer's Choice,0.000074
482,Butch Thompson (Holiday) - We Three Kings,0.000073
612,"Chopin, Fryderyk - Piano Sonata No. 3 in B minor, Op. 58, CT. 203",0.00007
611,"Chopin, Fryderyk - Nocturnes (3) for piano, Op. 15, CT. 111-113",0.000067
609,"Chopin, Fryderyk - Nocturnes (2) for piano, Op. 48, CT. 120-121",0.000058
1652,Robin Guthrie & Harold Budd - Childhood Lost,0.000045
671,Scott Solter - Desert Trains,0.000044
624,Loscil - Kursk,0.00004
1827,Clint Mansell & Kronos Quartet - Lux Aeterna,0.000038
539,Black Lips - Can't Dance,0.000037
608,"Chopin, Fryderyk - Impromptu for piano in G flat major, Op. 51, CT. 45",0.000034
190,Decal - Some Kind Of Random,0.000031
419,Lorie Line - Norwegian Wood,0.000031
78,"Schumann, Robert - Romances (3) for piano, Op. 28",0.000029
417,Lorie Line - Think Of Me,0.000013