song,hip hop
Margot Meets The Melody Maker - Torch (Extrawelt Remix),0.94173
The Pharcyde - Bullsh*t (Instrumental),0.900025
The Roots - No Alibi,0.886515
Mickey Hart & Zakir Hussain - Dances With Wood,0.886018
DJ Drama & Lil' Wayne - Gettin' Some Head,0.85755
LFO (Pop) - Summer Girls,0.800822
DJ Drama & Lil' Wayne - Get 'Em,0.779363
Mr. Scruff - Chipmunk,0.769328
Pepe Bradock - Un Pepe Dans La Dentelle,0.752064
Brother Ali - Blah Blah Blah (feat. Slug),0.726421
Raekwon - Verbal Intercourse,0.714082
Jurgen Paape - Take That,0.706036
The Roots - Stay Cool,0.692185
God-Des - Debate,0.681097
Dan The Automator - Champions (Instrumental),0.675622
2Pac (Tupac) - All Eyez On Me,0.673087
Tim Track - Panic Voice,0.670789
2Pac (Tupac) - Keep Ya Head Up,0.636294
The Roots - Don't Feel Right (Instrumental),0.619689
Robin Thicke - Lost Without U,0.617789
The Pharcyde - Runnin',0.611452
Dan The Automator - Bang The Ball (Instrumental),0.60148
Outkast - I'll Call Before I Come (feat. Eco & Gangsta Boo),0.597071
2Pac (Tupac) - Against All Odds,0.595443
Klute - Oshima,0.588967
2Pac (Tupac) - Death Around The Corner,0.584521
Azzido Da Bass - Dooms Night,0.579556
Plastic Little - Hola Plastique,0.578371
Z-Ro - Mo City Don (Freestyle),0.576919
Lil Scrappy & Trillville - No Problem,0.567914
Michael Burns - The Ambience,0.567337
Young Jeezy - And Then What,0.53556
Brother Ali - Forest Whitiker,0.533557
Nas - Street Dreams,0.522451
Dan The Automator - Lyrics To Go (Remix) (Instrumental),0.521811
J-Dilla - Won't Do (Instrumental),0.516856
Jazzy Jeff & The Fresh Prince - Parents Just Don't Understand,0.514325
Trentemoller - Prana,0.511813
Justin Timberlake - SexyBack,0.491281
Yellowman - Hold On To Your Woman,0.489884
Lords Of The Underground - Funky Child,0.487183
Tricky - Aftermath,0.486745
Eazy-E - Eazy-Er Said Than Dunn,0.474368
J-Dilla - Take Notice,0.473876
Nas - Nas Is Like,0.470954
Beres Hammond - Who Say (feat. Buju Banton),0.467772
Black Sheep - The Choice Is Yours (Album Version),0.458943
Dennis Alcapone & Prince Jazzbo - Lorna Banana,0.448585
The Pharcyde - Pharcyde (Instrumental),0.445884
Vicious Circles - Vicious Circles (Ryan Blair Mix),0.444996
Black Sheep - The Choice Is Yours (Revisited),0.437779
RJD2 - Things Go Better,0.43662
Digital Underground - The Humpty Dance,0.423524
The Pharcyde - Ya Mama (Instrumental),0.42268
Dave Barker - Don't Let The Sun Catch You Crying,0.422515
Del Tha Funkee Homosapien - Phoney Phranchise,0.42182
As One - Contours,0.418948
Nice & Smooth - Sometimes I Rhyme Slow,0.415678
Roni Size & Reprazent - Snapshot,0.406784
Cedric Im Brooks - Emavungweni,0.40262
Augustus Pablo - Black Gunn,0.40238
Glen Brown - Wicked Tumbling Version,0.396331
Nas - Got Ur Self A...,0.395361
The Bird And The Bee - F*cking Boyfriend (Peaches Remix),0.393815
Kaskade - Honesty,0.390721
D - Nox & Beckers - Jet Lag Slave,0.384809
Roni Size & Reprazent - Down,0.380231
Augustus Pablo - Give Praise (Norris Reid),0.376352
Mixmaster Mike - Bazooka Kanyon,0.373283
2Pac (Tupac) - Never Had A Friend Like Me,0.362296
Nas - Ether,0.35854
Klute - Now Always Forever,0.358283
Kill Memory Crash - Riyout,0.352123
Granite & Phunk - Knock You Over,0.351317
Jazzy Jeff & The Fresh Prince - Summertime '98 (SoulPower Remix),0.3474
Thalia - Me Pones Sexy (I Want You) (feat. Fat Joe),0.344937
The Orb - Once More (Bedrock Dub Mix),0.343066
Nas - The Message,0.339599
Starkillers - Discoteka (Austin Leeds & Terranova Remix),0.336655
The Pharcyde - On The DL (Instrumental),0.335012
Del Tha Funkee Homosapien - Burnt (feat. The Hyrogliphics),0.333275
The Roots - You Got Me,0.332545
George Michael - Faith,0.330373
Hilltop Hoods - The Soul Of The Beat,0.329293
Cold Grits - It's Your Thing,0.326695
Public Enemy - Can't Truss It,0.321518
Visionaries - Love (Hip-Hop),0.319777
Beres Hammond? Flourgon - Bounce,0.319078
Gotan Project - El Capitalismo Foraneo,0.316906
Delroy Wilson - It's The Same Old Song,0.316571
Midnight Star - Freak-A-Zoid,0.303747
Lauryn Hill - Doo Wop (That Thing),0.302866
Down To The Bone - Cellar Funk,0.302206
Westbam - Elektronische Tanzmusik,0.298432
RJD2 - Solomon Jones,0.291716
Del Tha Funkee Homosapien - Jaw Gymnastics (feat. Casual),0.290163
Young Jeezy - My Hood,0.288776
The Coup - Wear Clean Draws,0.288242
Nas - Represent,0.28537
Kidz In The Hall - Dumb*ss Tales,0.280097
Dan The Automator - Sleep,0.279976
Public Enemy - Fight The Power,0.278231
Del Tha Funkee Homosapien - If You Must,0.275394
Frank Cornelius - Brick House,0.268709
RJD2 - Get It,0.265967
Gotan Project - Vuelvo Al Sur,0.264194
Brother Ali - Uncle Sam Goddamn,0.26311
Paul Oakenfold - Sex 'n' Money,0.263065
Z-Ro - Keep On (Chopped & Screwed),0.257757
Bassnectar - Creation Lullabye,0.254153
Caia - Afterwards @ The Bar,0.245808
Mumbles - Prema's Dilema,0.242915
The Pharcyde - On The DL,0.242763
Talib Kweli - I Try,0.241269
Lady Saw - I've Got Your Man,0.237673
The Roots - Guns Are Drawn,0.237065
Milt Jackson - The Song Is Ended,0.234391
Goodie Mob - Soul Food,0.231991
Ziggy Marley - Be Free,0.230651
Justin Timberlake - What Goes Around...?...Comes Around (Interlude),0.230438
Sound Providers - Autumn's Evening Breeze,0.227945
Mickey Hart & Zakir Hussain - Tars,0.226055
Rihanna - Pon De Replay,0.224065
DJ Khaled - I'm So Hood,0.22
N.W.A. - Real Niggaz Don't Die,0.218965
Rockapella (Holiday) - Home For The Holidays,0.21442
The Roots - Love Of My Life (Live),0.210266
Rihanna - Shut Up And Drive,0.204321
Milt Jackson - These Foolish Things,0.203265
Nas - Get Down,0.20278
The Pharcyde - Groupie Therapy (Instrumental),0.201243
The Pharcyde - Passing Me By,0.2012
Gyptian - My Fadah Seh,0.200815
Yellowman - Weed Dem (feat. Beenie Man),0.200207
Roni Size & Reprazent - Brown Paper Bag (Roni Size Full Rap Remix),0.197054
Christopher Lawrence - Ride The Light,0.195682
Louis Armstrong (Holiday) - Winter Wonderland,0.193905
Fergie - Glamorous,0.190426
Sonorous - Pronotonic,0.19006
Lauryn Hill - Can't Take My Eyes Off Of You,0.188817
Kidz In The Hall - Wassup Jo',0.188265
Livin' Joy - Don't Stop Movin',0.187552
Juno Reactor - Silver,0.187414
Everton Blender - I Love Jah Jah,0.186875
Beres Hammond - Come Back Home,0.186737
Talib Kweli - Supreme Supreme,0.185333
Wumpscut - Wir Warten,0.183885
Don Carlos - Booming Ball,0.172845
Nine Inch Nails - Slipping Away,0.172829
Dom & Roland - Dance All Night (Calyx remix),0.168746
Tokyo Police Club - Be Good,0.16734
Mickey Hart & Zakir Hussain - Funky Zena,0.166476
Grandmaster Flash & The Furious Five - Scorpio,0.1634
Redman - Tonights Da Night,0.162836
Milt Jackson - Sweet And Lovely,0.162513
Katalyst - Break Up,0.161829
Nine Inch Nails - Closer,0.158046
Seba & Lo-Tec - So Long,0.157641
James Brown - Cold Sweat (Part 1),0.157045
Will Smith - Gettin' Jiggy Wit It,0.154342
DJ Khaled - We Takin' Over,0.153635
Del Tha Funkee Homosapien - Mistadobalina,0.151968
Lo Fidelity Allstars - Battle Flag,0.1505
Johnny Horton - Out In New Mexico,0.149813
Louis Armstrong (Holiday) - Winter Wonderland (Mono Recording),0.149583
Lismore - Tremolo,0.148805
Delroy Wilson - I Can't Help Myself,0.148633
Gyptian - Take Me Higher,0.145887
Keith Sweat (Holiday) - It's Christmas Again,0.143946
Dj Baby Anne & Jen Lasher - Fear2,0.143064
Klute - I'll Do Anything (You Want Me To),0.143043
Covenant - Figurehead,0.140452
An Albatross - Death Rides A Brown Horse,0.138055
Will Smith - Men In Black,0.137553
Digital Underground - Doowutchyalike,0.136544
Ella Fitzgerald & Louis Armstrong - A Foggy Day,0.135524
Marvin Gaye - How Sweet It Is (To Be Loved By You),0.133062
Classified Project - Resurrection (Original),0.132439
Seu Jorge - O Samba Tai,0.130176
The Grinder - Man Into Space,0.128573
Public Enemy - Rebel Without A Pause,0.128368
Prince - Kiss (Extended Version),0.127844
Prince - Kiss,0.127668
Patra - Romantic Call,0.127465
Brian Eno - Neroli,0.125097
Josh White - One For My Baby,0.124843
Beres Hammond? Flourgon - Feel Like,0.12177
Joe Camilleri & Nicky Bomba - Better Must Come,0.121123
Digital Underground - Same Song,0.120778
Deepak Chopra & Adam Plack - Valentine To Tagore,0.119368
Arrested Development - Tennessee,0.118934
Novakill - Why Won't You Die!?!,0.116893
Michael Spence - Is This Love,0.115076
!!! (Chk Chk Chk) - Me And Giuliani Down By The School Yard (A True Story),0.114336
Daddy Yankee - Machucando,0.111706
Ian Van Dahl - Castle In The Sky,0.111521
Cornel Campbell - Concrete Jungle,0.110733
Twilight 22 - Electric Kingdom,0.110333
James Brown - Funky President,0.110127
Justin Timberlake - Rock Your Body,0.108555
Arrested Development - Mr. Wendal,0.108391
Raekwon - Ice Cream,0.107258
George Michael - Fastlove (Forthright Edit),0.106984
Empirical Labs - Turtle Beach (Original Mix),0.105681
Trebol Clan. Hector & Joan - Gata Fiera,0.104704
Johnny Horton - I'm Ready If You're Willing,0.104668
Jose Zamora & Damian DP - Transatlantic (feat. Paleday),0.104044
Ruben Studdard - Fix it. Jesus (feat. Harvey Watkins Jr.),0.103003
C+C Music Factory - Things That Make You Go Hmmmm?..,0.101821
Arrested Development - People Everyday (Reprise),0.101656
Don Carlos & Golo - Tear Drops,0.101259
Lyle Lovett - That's Right (You're Not From Texas),0.099232
Donnie McClurkin - Yes You Can,0.098554
Antonio Carlos Jobim - Agua De Beber,0.096014
Vengaboys - We Like To Party!,0.095805
Donald Byrd & Doug Watkins - If I Love Again,0.095208
Sonny Rollins - St. Thomas,0.094639
Allure - Rejected,0.094564
Klute - Crosby,0.094272
Melvin Taylor - Texas Flood,0.093748
Outkast - So Fresh. So Clean,0.093153
The Wiseguys - Ooh La La,0.093109
Lisa Loeb (Holiday) - Jingle Bells,0.091801
Cannonball Adderley - Autumn Leaves,0.091458
2Pac (Tupac) - How Do U Want It,0.090799
Public Enemy - Don't Believe The Hype,0.090722
Kidz In The Hall - Ritalin,0.089744
Ella Fitzgerald - Desafinado (Slightly Out Of Tune),0.089269
Funkadelic - One Nation Under A Groove,0.089007
Jimmy Cliff - Look At The Mountains,0.088993
Assemblage 23 - Cocoon,0.088965
Ella Fitzgerald & Louis Armstrong - Stars Fell On Alabama,0.088289
HH - Planetary,0.087767
Dean Martin - Memories Are Made Of This,0.087067
Tito - Caile,0.08651
Justin Timberlake - Like I Love You (feat. Clipse),0.085514
Gnarls Barkley - Smiley Faces [Live On Later With Jools Holland],0.084792
Foo Fighters - Low,0.084765
Whodini - One Love,0.084473
Tranquility Base - Surrender,0.084198
Guns N' Roses - Chinese Democracy,0.083827
Seu Jorge - Rebel Rebel,0.082555
KMFDM - Don't Blow Your Top,0.080625
Cornel Campbell - Screwface,0.08042
Midnight Star - No Parking,0.080149
J-Dilla - Make Em Nv,0.079222
J-Dilla - Make'em Nv [Instrumental],0.079222
Lauryn Hill - Ex-Factor,0.076846
Goodie Mob - The Day After,0.076561
Milt Jackson - Enigma,0.076405
Wumpscut - Fear In Your Eyes,0.075768
Dj Alibi - Eglinton West Blues,0.07521
Fred Hammond - Celebrate (He Lives),0.072612
Benny Page - Neck Breaker,0.071572
RJD2 - All For You,0.071543
Anointed - Mighty Long Way,0.071041
Los Checkmates - I Think We're Alone Now,0.070516
Grandmaster Flash & The Furious Five - Freedom,0.070351
The Handshake Murders - New Enemy,0.070318
Young Jeezy - Soul Survivor,0.070016
Leroy Carr - Sloppy Drunk Blues,0.069361
The Bamboos - Tighten Up,0.068346
Willa Ford - I Wanna Be Bad,0.068167
Justin Hinds & The Dominoes - Carry Go Bring Come (Rocksteady),0.067946
Lowell Fulson - I'm A Night Owl (Part 2),0.067469
Anita Ward - Ring My Bell,0.067174
Pete Fountain - Someday Sweetheart,0.067018
Toots & The Maytals - Never You Change (Reggae Version),0.066813
Outkast - The Whole World,0.066396
Bob Baldwin - I Wanna Be Where You Are,0.066341
Scratch - Square One (feat. Bilal),0.066197
Ian Van Dahl - Inspiration,0.066194
Clifford Brown - Love Is A Many Splendored Thing,0.065937
Nine Inch Nails - Heresy,0.064858
Clancy Eccles - Sweet Jamaica,0.064562
Jeff Lorber - Chopsticks,0.064118
Charles Wright & The Watts 103rd Street Rhythm Band - Express Yourself,0.064087
Glen Gray & The Casa Loma Orchestra - Who's Sorry Now?,0.063812
Lone Ranger - Collie Rock,0.063457
Rihanna - Don't Stop The Music,0.063267
Sonny Rollins - Moritat (Mack The Knife),0.062932
G. Love & Special Sauce - Love,0.062516
Fugazi - Merchandise,0.062331
Wumpscut - Rusty Nails From Hell,0.062005
Underworld - Born Slippy,0.061483
Toots & The Maytals - Schooldays,0.060812
Rihanna - Break It Off,0.060383
Covenant - Dead Stars (Version),0.06012
Cal Tjader - Mambo In Miami,0.05983
Newcleus - Jam On It,0.059078
RJD2 - Inhale (Remix),0.057374
Tokyo Police Club - Nature Of The Experiment,0.057367
Kidz In The Hall - The In Crowd,0.057253
Nine Inch Nails - No. You Don't,0.056678
The Bronx - False Alarm,0.056648
George Acosta - Tranzy State Of Mind (Club Mix),0.056642
George Acosta - The Storm,0.056607
Christa DeErynn - Sweet Lies,0.056572
Nine Inch Nails - Kinda I Want To,0.05647
Bonerama - Ocean,0.055571
Avril Lavigne - Sk8er Boi,0.055329
Chubby Checker - Limbo Rock,0.055184
Tony Bennett - The Best Man,0.05459
Delroy Wilson - Pretty Girl,0.054462
Louis Armstrong (Holiday) - Christmas Night In Harlem,0.053442
Lucy Kaplansky - Land Of The Living,0.053015
Gnarls Barkley - Crazy,0.052756
Roni Size & Reprazent - Hi-Potent,0.052706
Prince - Let's Work,0.052656
Augustus Pablo - East Africa,0.052627
Tommy Flanagan Trio - Eclypso,0.052362
Milt Jackson - Little Girl Blue (Live),0.052158
Jimmy Somerville - To Love Somebody,0.051568
The Four Aces - Mister Sandman,0.051507
The Brand New Heavies - BNH,0.051429
George Acosta - Another Way (Club Mix),0.051304
Lutan Fyah - No More Suffering,0.051188
Filter - Welcome To The Fold,0.051018
Take 6 - Come On,0.050862
George Michael - Father Figure,0.050034
Balearic Bill - Destination Sunshine,0.049034
James Brown - Super Bad. PTS.1&2,0.048752
Sonny Rollins - Ev'ry Time We Say Goodbye,0.048335
Ella Fitzgerald - Mood Indigo,0.047163
Sarah McLachlan - Homeless,0.047098
Peter White - What Does It Take To Win Your Love,0.047001
John Scofield - Beep Beep,0.046819
Kidz In The Hall - The Pledge,0.046334
Say Hi To Your Mom - Blah Blah Blah,0.046242
Lee Ann Womack (Holiday) - Baby It's Cold Outside (feat. Harry Connick. Jr.),0.046199
Tony Bennett - What A Wonderful World,0.046127
Mojo Nixon and the Toadliquors (Holiday) - Boogie Woogie Santa Claus,0.045716
Outkast - Ms. Jackson,0.045423
Lee Sykes - Lock Jaw,0.045231
Ella Fitzgerald - I Don't Want To Take A Chance,0.045136
Lindsay Lohan - Rumors,0.045102
Robert Johnson - Traveling Riverside Blues,0.044939
Pamela Williams - Elixir,0.044867
Dave Swarbrick - Two Magicians,0.044754
Finger Eleven - First Time,0.043617
Yellowman - Build A Roof Over Your Head,0.043616
Michael Burns - Into Nothing (Hamel's Last Time For 9 Mix),0.043544
The Crests - Sixteen Candles,0.043369
The Whigs - Written Invitation,0.043339
Tokyo Police Club - Juno,0.043294
Beres Hammond - Rock Away,0.043121
Toots Thielemans & Elis Regina - Aquarela Do Brasil,0.043012
Bonerama - Louie's Perch,0.042498
Bill Haley & His Comets - (We're Gonna) Rock Around The Clock,0.042299
Freddie Jackson - You Are My Lady,0.042202
Deuter - Marfa Lights 2,0.042117
Ella Fitzgerald - These Foolish Things,0.042028
Dave Holland - Blue,0.04117
FC Kahuna - Machine Says Yes,0.041091
Prince - Controversy,0.041017
Daddy Yankee - Gasolina,0.040865
Ben Webster - Tenderly,0.040839
Ivory Joe Hunter - Shooty Booty,0.040829
Wumpscut - Golgotha,0.040773
Robin Thicke - Complicated,0.040514
Worm Is Green - Army Of Them,0.040161
!!! (Chk Chk Chk) - All My Heroes Are Wierdos,0.040021
Leftover Salmon - Steam Powered Aeroplane (Live),0.039877
Paul Oakenfold - Faster Kill Pussycat,0.039671
Zion - Fantasma,0.039593
Katalyst - Dangerous,0.039428
Marvin Gaye - Sexual healing,0.039372
Christopher Lawrence - Hot Rod,0.039336
Ella Fitzgerald - Guilty,0.03928
Ryan Montbleau Band - Honeymoon Eyes,0.039278
Soda Stereo - Cuando Pase El Temblor,0.039066
The Commodores - Brick House,0.038734
Patrick Lundy - That's Who He Is (Live),0.038715
Dean Martin - Mr. Wonderful (Live),0.038648
Paul Oakenfold - Time Of Your Life (feat. Perry Farrell),0.038596
Junior Brown - Freedome Machine,0.038315
Josh White - Uncle Sam Says,0.038089
Chubby Checker - Let' Stwist Again,0.037879
Nate Dogg (Holiday) - Be Thankful,0.037769
Gaither Vocal Band - Swing Down Chariot,0.037705
Nitty Gritty Dirt Band - You Are My Flower,0.037627
Rilo Kiley - Breakin' Up,0.037548
Lee Ann Womack (Holiday) - Let It Snow & Winter Wonderland,0.037363
James Brown - Get Up Offa That Thing  (Ali Dee Remix),0.037312
Gilberto Gil - Mancada,0.037099
Leroy Carr - My Woman's Gone Wrong,0.037054
At The Gates - Blinded By Fear,0.036856
James Brown - Hot Pants. PT.1,0.036447
Little Milton - My Back Scratcher,0.036284
Paul Bley - Time On My Hands,0.036219
Bing Crosby - When You Wore A Tulip (live),0.036137
Toots & The Maytals - Pressure Drop,0.035865
Bonerama - Cabbage Alley,0.035523
Endre - Kallocain (Robert Nickson Remix),0.03536
Robert Johnson - I Believe I'll Dust My Broom,0.035108
Everton Blender - It's My Time,0.034829
Prince - Let's Work (Dance Mix),0.034645
Ziggy Marley - Friend,0.034558
Kidz In The Hall - Mr. Alladatsh*T,0.034094
Finger Eleven - Stay And Drown,0.033906
Tony Bennett - Steppin' Out With My Baby,0.0338
Dave & Ansel Collins - Nuclear Weapon,0.033763
The League - Hey Conductor,0.033547
Blind Blake - Depression's Gone From Me Blues,0.033492
Flip Phillips - Dream A Little Dream Of Me,0.033463
Flyleaf - I'm So Sick,0.033367
RJD2 - Ghostwriter (Remix),0.033115
Donnie McClurkin - Again,0.032821
Ian Van Dahl - Castles In The Sky,0.032803
Prince - I Wanna Be Your Lover,0.032627
L.T.D. - Jam,0.032602
James Brown - Get Up Offa That Thing,0.032523
Big Al Carson (Holiday) - Santa Claus Is Comin' To Town,0.032396
Sade - By Your Side,0.032171
Billy Preston - Outa-Space,0.032101
Daddy Yankee - Cuentame,0.032057
Bonerama - Crosstown Traffic,0.03197
Duran Duran - Come Undone,0.031784
Kenny Clarke's Sextet - Oblique,0.031568
Marvin Gaye - Got To Give It Up,0.03126
Coles Whalen - The Hand That Gives The Rose,0.031185
Rah - Wave,0.031181
Stevie Wonder - Higher Ground,0.031076
Pee Wee Hunt & His Orchestra - Twelfth Street Rag,0.031056
Marvin Gaye - Got To Give It Up. Part 1 ( Live),0.031019
Teddy Wilson - Flyin' Home,0.030498
Grand Ole Party - Look Out Young Son,0.030234
Groove Coverage - Runaway,0.030208
Heritage Hall Jazz Band (Holiday) - Silver Bells,0.030125
Ella Fitzgerald & Louis Armstrong - Cheek To Cheek,0.030101
James Brown - Soul Power,0.030011
The Beatles - Love Me Do,0.029718
Videos - Trickle Trickle,0.029705
The Commodores - Lady (You Bring Me Up),0.029601
Rihanna - Umbrella,0.029525
XTC - Roads Girdle The Globe,0.029494
The Animals - Don't Bring Me Down,0.028899
Corciolli - Friends (Sky),0.028809
Brett Dennen - Ain't No Reason,0.028499
Nine Inch Nails - Big Man With A Gun,0.028498
Lester Young - Foggy Day (Live At Birdland),0.028285
Loquat - Need Air,0.028161
John Zorn - Zhakor,0.027883
Bill Haley & His Comets - Shake. Rattle And Roll,0.027847
Nitty Gritty Dirt Band - Fish Song,0.027846
Benny Carter - Laura,0.027708
Gordon Bok - Jericho,0.027494
Ella Fitzgerald & Louis Armstrong - Love Is Here To Stay,0.027262
!!! (Chk Chk Chk) - Hello? Is This Thing On,0.027167
Hank Williams Jr. - All My Rowdy Friends Are Coming Over Tonight,0.027126
L.T.D. - Back In Love Again,0.026774
Laura Pausini - Viveme,0.026523
Corrina Repp - No One's Telling,0.026445
The Bird And The Bee - The Races,0.026288
Franco De Vita - Como Decirte No,0.026091
The David Grisman Quintet - Cedar Hill (live),0.026065
Leftfield - Swords,0.02558
Kidz In The Hall - Don't Stop,0.025341
O-Shen - Tropically Fine,0.025327
Brett Dennen - One Who Loves You The Most,0.025252
Bunny Berigan - Sobbin' Blues,0.025144
Robert Johnson - Last Fair Deal Gone Down,0.025073
Augustus Pablo - Maka,0.024971
Kate Nash - Habanera,0.024753
Jackson 5 - Dancing Machine,0.024711
Sonny Rollins - Striver's Row (Live),0.024675
Nine Inch Nails - The Only Time,0.024628
Justin Hinds & The Dominoes - Over The River,0.024569
Daevid Allen - Untitled,0.024465
Assemblage 23 - Opened,0.024456
Josh White - Bonbons. Chocolate. And Chewing Gum,0.024344
Bryan Lee - Just Like A Fish,0.024297
Ben Webster - Someone To Watch Over Me,0.02421
J-Dilla - Crushin' [Instrumental],0.024103
Gouryella - Walhalla,0.023649
Johnny Adams - Not Trustworthy (A Lyin' Woman),0.023563
Christopher Lawrence - October's Child,0.023526
Brodsky Quartet - I've Seen It All,0.023495
In Flames - Take This Life,0.023287
Antonio Carlos Jobim - The Girl From Ipanema,0.023153
Gladys Knight & The Pips - I Heard It Through The Grapevine,0.022924
Lou Blackburn - I Cover The Waterfront,0.022908
la sonora dinamita ? la sonora tropicana - Mi Cucu,0.022802
The Beatles - Get Back (Love Version),0.022727
Filter - Spent,0.022515
Loquat - Slow Fast Wait & See,0.022453
Leftover Salmon - Bend In The River (Live),0.022291
Marcus Johnson - Just Doing What I Do,0.022253
Dredg - Sang Real (Live),0.022174
Roni Size & Reprazent - Mexican,0.022153
Joe Jackson - Baby Stick Around,0.022044
Debbie Reynolds - Love Is A Simple Thing,0.022039
Fastball - Which Way To The Top,0.022026
Clifford Brown - Donna Lee (live),0.021888
Toquinho & Paulinho Da Viola - Tarde Em Itapoa (live),0.021814
Peaches & Herb - Shake Your Groove Thing,0.021701
Slim Harpo - Tip On In. Part 1,0.021692
Bonerama - Freddie,0.021657
Herman's Hermits - I'm Henry The VIII I Am,0.021542
Daddy Yankee - Rompe,0.021537
Nine Inch Nails - Zero Sum (Stephen Morris & Gillian Gilbert Remix),0.021483
Sonny Rollins - Pent Up House,0.021357
Little Milton - Penitentiary Blues,0.02133
Cab Calloway - Limehouse Blues,0.021324
The Kingsmen - Louie Louie,0.021194
R. Kelly - Half On A Baby,0.021167
George Acosta - Silence (DJ Tiesto's In Search Of Sunrise Remix),0.02115
Darrell Evans - Trading My Sorrows,0.021139
Corona - Rythym Of The Night,0.021028
DJ Khaled - Out Here Grindin',0.020982
Jackson 5 - Abc,0.020774
John Scofield - Boozer,0.020729
The Black Angels - You On The Run,0.020675
David Bowie - Ashes To Ashes,0.020627
Beau Jocque & The Zydeco Hi-Rollers - Chere Mignonne (Dear Cute One),0.020604
Meg Hutchinson - Vanishing Points,0.020569
Eric Clapton & Duane Allman - Mean Old World,0.020542
Roberto Roena - El Pueblo Pide Que Toque,0.020486
Chuck Loeb - Fundamentally Sound,0.020225
? And The Mysterians - Can't Get Enough Of You Baby,0.020023
Ziggy Marley - Drive,0.019958
Howard Roberts - Watermelon Man,0.019847
Deuter - Coral Gardens,0.019823
Toshiko Akiyoshi - 52nd St. Theme,0.019682
The Sword - Freya,0.019557
Thou - I Was Ignored. And Judged. And Cast Down,0.019408
Herman's Hermits - There's A Kind Of Hush,0.019343
Fats Waller (Holiday) - Winter Weather,0.01934
Black Lips - Burried Alive,0.019262
Brenda Lee (Holiday) - White Christmas,0.019192
Ratt - Slip Of The Lip,0.019151
Cardenales De Nuevo Leon - Por Las Damas,0.019029
George Acosta - Precious,0.018934
Lyle Lovett - North Dakota,0.018916
Sharon Jones & The Dap-Kings - How Long Do I Have To Wait For You?,0.018799
The Beatles - Maxwell's Silver Hammer,0.018774
Lester Young - Jump. Lester. Jump,0.0185
Lucy Kaplansky - Every Single Day,0.018426
Jazzy Jeff & The Fresh Prince - Summertime,0.01823
Toots & The Maytals - 54-46 That's My Number,0.018207
Tokyo Police Club - Citizens Of Tomorrow,0.018206
Ani DiFranco - As Is (Live 11.16.03),0.018184
Maynard Ferguson - The Wailing Boat (Live),0.018093
Kenny G - G-Bop,0.018067
The Fiery Furnaces - Here Comes The Summer,0.017957
Indigo Girls - She's Saving Me,0.017896
Creed - Higher,0.01782
Dave Biller & Jeremy Wakefield - Martian Guts,0.017788
Lefty Frizzell - My Rough And Rowdy Ways,0.017662
Alc (A Lo Cubano) - Vanilla Y Chocolate,0.017606
Generation J - Jesus Loves Me Medley,0.017585
The Rolling Stones - 19th Nervous Breakdown,0.017458
Ryan Montbleau Band - It's All Been Done Before,0.017406
Ronnie Earl & Duke Robillard - Lookin For Trouble,0.017381
The Bird And The Bee - How Deep Is Your Love,0.017372
Ascend - The Obelisk Of Kolob,0.017347
Dan Deacon - Trippy Green Skull,0.017244
Robbie Seay Band - Love Wins,0.017217
Powder (Holiday) - Christmas Don't be Late (Chipmunk Song),0.017142
John Scofield - A Go Go,0.017042
Lazy Lester - Nothing But The Devil,0.016831
Euge Groove - Get Em Goin',0.016711
Dire Straits - Sultans Of Swing,0.016665
Jr. Walker & The All Stars - What Does It Take (To Win Your Love),0.016623
Antonio Carlos Jobim - Vivo Sonhando,0.016612
Stevie Wonder - Superstition,0.016598
Butch Engle & The Styx - Hey I'm Lost,0.016573
Kate Nash - Pumpkin Soup,0.016525
Huracanes Del Norte - Falsas Ilusiones,0.016516
Jackie Wilson - Lonely Teardrops,0.016514
Dean Martin - Return To Me,0.016505
The Supremes - Where Did Our Love Go,0.016388
Boz Scaggs - It All Went Down The Drain (Live),0.016146
Conjure One - Extraordinary Way (Antillas Mix),0.016143
Loquat - It's Yours To Keep,0.016122
Rihanna - Hate That I Love You,0.016097
Corciolli - Mikhael (Angel Of Divine Protection),0.016092
Antonio Carlos Jobim - O Grande Amor,0.016077
Kathleen Edwards - I Make The Dough. You Get The Glory,0.015989
Soulfly - Babylon,0.015734
AC?DC - Dirty Deeds Done Dirt Cheap,0.015715
The Paul Butterfield Blues Band - Piney Brown Blues,0.015567
Public Enemy - Public Enemy No. 1,0.015557
The Troggs - Wild Thing,0.015503
John Hammond - Little Rain Falling,0.0155
Sourvein - Septic Werewolves,0.015461
Justifide - Escape,0.014996
Carlton Pearson - We've Come This Far By Faith,0.014984
The Beatles - Help!,0.014875
Lefty Frizzell - I Love You A Thousand Ways,0.01486
Juno Reactor - Conga Fury (Animatrix Mix),0.014855
Catherine Maclellan - River Valley Plains,0.014853
Kim Wilson - High & Lonesome (live),0.014849
Aterciopelados - Bolero Falaz,0.014837
Steve Lacy - Alone Together,0.014795
Leona Lewis - Bleeding Love,0.014787
Assemblage 23 - Longevity,0.014777
Cal Tjader - Stardust,0.014754
Cedar Walton Trio - I Mean You,0.014674
Kaskade - Move For Me,0.014651
Death Vessel - Dancers All,0.014594
Junior Brown - I Hung It Up,0.014528
Huracanes Del Norte - El Perro De Tu Marido,0.014507
Hank Williams III - Honky Tonk Girls,0.014503
Craig Pilo - Early Cynical Mystery,0.014429
Chick Corea Elektric Band - Beneath The Mask,0.014332
Rosalia De Souza - Ao Amigo Tom,0.014197
Houston Person - Two Rb's,0.014179
Johannes Linstead - Cielo Azul,0.014174
Converge - For You (Live),0.014153
John Scofield - Drop And Roll,0.01394
John Scofield - Rule Of Thumb,0.013896
Gordon Bok - Sailor's Carol,0.013867
ABORTED - Ingenuity In Genocide,0.013853
Winters - Mark My Word,0.013832
Black Lips - Veni Vidi Vici,0.013782
Wumpscut - Opening The Gates Of Hell,0.013758
Tex Atchison - Tennessee Hound Dog,0.013726
Broken Social Scene - Cause = Time,0.013628
Hooverphonic - 2Wicky,0.01357
Zion - Zun Da Da,0.013491
Gospel Four - It's Just A Matter Of Time,0.013482
Sharon Jones & The Dap-Kings - Nobody's Baby,0.013385
The Aggrolites - Mr. Misery,0.013321
The Cars - My Best Friends Girl,0.013268
Dan Deacon - Wooody Woodpecker,0.013236
Jr. Walker & The All Stars - Cleo's Mood,0.013206
Otis Spann - Rock Me Mama,0.013192
Adele - Best For Last,0.013176
Breather Resist - Long Nights. Short Fuses,0.013093
The Time - Jungle Love,0.01298
Antonio Carlos Jobim - Insensatez (How Insensitive),0.012971
Lefty Frizzell - Always Late With Your Kisses,0.012928
Red - Wasting Time,0.01286
Sugarloaf - Green-Eyed Lady,0.012854
Passion - No One Like You ? David Crowder Band,0.012807
Secret Machines - Lightning Blue Eyes,0.012769
Charanga La Tapa - Vamono's Pa'l Monte,0.012758
Rilo Kiley - A Man ? Me ? Then Jim,0.012696
Elefante - El Abandonao,0.012629
Bing Crosby - I Don't Know Why (live),0.012621
Christina Aguilera (Holiday) - This Christmas,0.012603
The Mission UK - Love Me To Death,0.01252
System F - Out Of The Blue,0.012516
Josh White - New Milk Cow Blues,0.012475
Sheryl Crow (Holiday) - Run Rudolph Run,0.012437
Rosalia De Souza - Nem Que Seja A Nado,0.012405
Say Anything - Surgically Removing The Tracking Device,0.012339
Explosions In The Sky - A Slow Dance,0.012282
The Animals - I Put A Spell On You,0.012261
Cat Stevens - Moonshadow (Live),0.012201
In Flames - The Hive,0.012177
Labelle - Lady Marmalade,0.01212
The Pointer Sisters - Jump,0.012075
Ohio Players - Fire,0.012051
William Clarke - Five Card Hand,0.011972
Sodom - Procession To Golgotha,0.011955
Mary Lou Lord - Cold Kilburn Rain,0.011954
David Massengill - Shamas Rides,0.011935
The Monkees - I'm A Believer (Mono),0.011911
AC?DC - Who Made Who,0.01189
Mar-Keys - Pop-Eye Rider,0.011888
Verdi. Giuseppe - La Traviata. Opera,0.01187
Scorpions - New Generation,0.01184
The Animals - Baby Let Me Take You Home,0.011775
Architecture In Helsinki - Spring 2008,0.011759
Brand New - Okay I Believe You. But My Tommy Gun Don't,0.011717
Lou Blackburn - Secret Love,0.011647
The Dukes Of Dixieland - Sunrise. Sunset,0.011631
Skid Row - Big Guns,0.01157
Doc Watson - Little Orphan Girl (Live),0.011497
Adele - Right As Rain,0.011486
Sons And Daughters - Johnny Cash,0.011476
Rhianna (Holiday) - It Just Don't Feel Like Xmas (Without You),0.011448
Pete Fountain - Just A Closer Walk With Thee,0.011439
Boyce. William - Ode For St. Cecilia's Day,0.011397
Eric Harringer & John Paul Lacey - Romance,0.011296
Royal Crown Revue (Holiday) - Baby It's Cold Outside (feat. Vicky Tafoya),0.011295
Betty Everett - It's In His Kiss (The Shoop Shoop Song),0.01121
B.B. King & John Popper (Holiday) - Back Door Santa,0.011119
David Wilcox - Common As The Rain,0.011053
Fugazi - Suggestion,0.011044
Brett Dennen - There Is So Much More,0.011017
Lee Morgan Quintet - The Gigolo,0.010942
Sara Bareilles - Gravity (2003),0.010911
Josh White - Trouble,0.010882
Jimmy Ruffin - What Becomes Of The Brokenhearted,0.010881
Leftover Salmon - Midnight Blues (feat. Del & Ronnie McCoury),0.01086
Raveonettes (Holiday) - The Christmas Song,0.010805
Lowell Fulson - Reconsider Baby,0.010792
La Sonora Dinamita - A Mover La Colita,0.010741
Cat Stevens - Wild World,0.010713
Les Brown And His Band Of Renown - Moonlight In Vermont,0.010651
Brian Culbertson - Say What? (feat. Steve Cole),0.010634
Junior Brown - Semi-Crazy,0.01063
Nitty Gritty Dirt Band - Get Back,0.010604
Robert Earl Keen - Feelin' Good Again (Live),0.010571
David Grisman & Tony Rice - Swing '42,0.010473
Lowell Fulson - No More. Pt. 1,0.010429
The Beatles - Baby You're A Rich Man,0.010424
John Danley - Atlas Bone,0.010345
Tokyo Police Club - Graves,0.0103
Sean Hayes - Rattlesnake Charm (Dream Machine),0.010289
Lowell Fulson - Guitar Shuffle,0.010273
The George Lewis Band - Pork Chop,0.010235
Jackson 5 - Oh How Happy,0.010216
Katalyst - Time Bomb,0.010211
Clifford Brown - Hymn Of The Orient,0.010211
Poppa Hop & His Orchestra (Holiday) - Merry Christmas Darling,0.010147
The Dubs - Chapel Of Dreams,0.010146
Adele - Melt My Heart To Stone,0.010145
SubtractiveLAD - My Quadrant,0.01014
Maynard Ferguson - Everybody Moan,0.010129
Lester Young - Prisoner Of Love,0.010093
The Animals - See See Rider,0.010084
Skid Row - Youth Gone Wild,0.010061
Sevendust - Shine,0.010035
Chuck Berry (Holiday) - Run Rudolph Run,0.010009
The Five Blind Boys Of Mississippi - Thank The Lord I'm Singing Again,0.009996
Toots & The Maytals - Sweet And Dandy,0.009992
Ratt - Lay It Down,0.009987
Flyleaf - All Around Me,0.009961
Dan Gibson - Adventureous Spirit,0.009959
Bob Brookmeyer - Skylark,0.009924
The Smokin' Joe Kubek Band - Comin' Home Today,0.009886
Converge - Distance And Meaning,0.009878
Lazy Lester - My Home Is A Prison,0.009862
Donnie McClurkin - We Fall Down (Live),0.009798
The National - Fake Empire (Live),0.009707
DJ Muggs Vs GZA - Unstoppable Threats (Instrumental),0.009689
Sonny Rollins - Like Someone In Love,0.009686
James Cotton - Mighty Long Time,0.00968
Los Rieleros Del Norte - El Amor No Se Vende,0.009675
Huracanes Del Norte - Nomas Por Tu Culpa,0.009549
Botch - Liquored Up And Laid,0.009526
Jr. Walker & The All Stars - What Does It Take,0.009524
Devil Sold His Soul - Between Two Words,0.009503
Entombed - Full Of Hell,0.009475
Fireball Ministry - In The Mourning,0.009455
Corciolli - Rain,0.00945
Kenny Loggins - Danger Zone,0.009439
The Jam - Absolute Beginners,0.009428
Verdi. Giuseppe - Luisa Miller. Opera,0.009422
Paul Oakenfold - Amsterdam,0.009401
Victor Manuelle - Sin Querer Queriendo,0.009385
Donnie McClurkin - Church Medley,0.009342
Bill Connors - It Be FM,0.009334
The Nomads - Situations,0.009292
Filter - The Only Way (Is The Wrong Way),0.009272
Critters Buggin - 5?4 F.T.D.,0.009263
Chubby Checker - Pony Time,0.009238
Toots & The Maytals - Still Is Still Moving To Me (feat. Willie Nelson),0.009237
The Beatles - She Came In Through The Bathroom Window,0.009175
Anthony Wonsey Trio - Just You. Just Me,0.00917
"Dittersdorf. Karl Ditters von - Sinfonia In D Major. (""Il Combatiimento Delle Passioni Umani""). Grave D16",0.009158
Dead Confederate - Shadow The Walls,0.009155
Corciolli - Children (Lake),0.009146
John Prine - Everything Is Cool,0.009104
J.B. Lenoir - Louise,0.009033
Otis Spann - Mule Kicking In My Stall,0.00903
Your Vegas - In My Head,0.009006
The Paul Butterfield Blues Band - Help Me,0.008956
Matthew West - Get Away,0.008923
Dean Martin - You're Nobody Till Somebody Loves You,0.008875
Waylon Jennings - T For Texas (Blue Yodel No. 1) (live),0.008846
Asleep At The Wheel - Stay All Night,0.008839
Project 86 - Something We Can't Be,0.008831
Children Of Bodom - Living Dead Beat,0.008806
Marky Ramone - Rockaway Beach,0.00878
Fugazi - Polish,0.008772
Sarah McLachlan - I Love You,0.008742
Korn - Make Me Bad,0.008662
Eddie Boyd - Best I Could,0.008656
Provision - Visualize,0.008645
Skafish (Holiday) - Jingle Bells,0.008605
The Beatles - Here Comes The Sun ? The Inner Light (Transition) (Love Version),0.008582
Soda Stereo - Sueles Dejarme Solo,0.008546
Botch - Japan (live),0.008538
Stevie Wonder - My Cherie Amour,0.008535
Otis Spann - I'm Ready,0.008485
Marvin Gaye - What's Going On,0.008481
Pete Robbins - Screwgun,0.008458
James P. Johnson - Keepin' Out Of Mischief Now,0.008457
Bill Monroe - Molly & Tenbrooks,0.008448
Harry James & Benny Goodman - Life Goes To A Party,0.008444
Vendredi 13 - Frequency 7,0.008432
Korn - Blind,0.008431
Johannes Linstead - La Rumbita,0.008399
Turn Me On Dead Man - 67 Dreams,0.008389
Sonicflood - I Want To Know You (In The Secret),0.00835
The Beatles - No Reply,0.008331
AC?DC - Moneytalks,0.008294
Phil Wickham - Spirit Fall,0.008288
The Troggs - My Lady,0.00823
Bing Crosby - It's Been A Long. Long Time,0.00819
The Rivieras - Count Every Star,0.008179
Boccherini. Luigi - String Quartet In G Minor. G. 205 (Op. 32?5),0.008167
Toots & The Maytals - Monkey Man,0.008134
Earl Scruggs - Get In Line Brother,0.008098
P.M. Dawn - I'd Die Without You,0.008079
The High Violets - Sun Baby,0.008073
Yuri Buenaventura - Salsa,0.008057
Lester Young - Six Cats And A Prince (Master Take),0.007995
Chet Atkins & Les Paul - It Had To Be You,0.007989
The Duskfall - Trust Is Overrated,0.007939
Lucy Kaplansky - Written On The Back Of His Hand,0.007916
Take 6 - Sing A Song,0.007882
The Supremes - Love Is Here And Now You're Gone,0.007869
Michael Martin Murphey - Talkin' To The Wrong Man,0.007838
Junior Brown - You Didn't Have To Go All The Way,0.007824
Passion - Awesome Is The Lord Most High,0.007797
Kitty Kallen - Little Things Mean A Lot,0.00778
Passion - You Never Let Go,0.007721
The Monkees - Tomorrow's Gonna Be Another Day,0.007712
David Massengill - My First Kiss,0.007708
Marvin Gaye - I'll Be Doggone,0.007687
AC?DC - Dirty Deeds Done Dirt Cheap (Live),0.00765
Rogue Wave - Ghost,0.007648
Tex Beneke - I Know,0.007638
Slim Harpo - You Can't Make It,0.0076
Shudder To Think - Goat,0.007577
Paul Horn - Now Hear This,0.007569
Ani DiFranco - Little Plastic Castle (Live 1.25.04),0.007548
Stevie Wonder - Do I Do,0.007526
Skafish (Holiday) - Joy To The World,0.007497
Sade - Paradise,0.007495
Sam Bush - Same Ol' River (live),0.007477
George Acosta - Save Me (Push Remix),0.007473
Loquat - Change The Station,0.00746
Rise Against - The Good Left Undone,0.007425
Kalmah - Withering Away,0.007407
Jarabe De Palo - Agua,0.007316
Compulsion - Rapejacket,0.007305
Say Hi To Your Mom - Your Brains Vs. My Tractorbeam,0.007302
Sam Bush - Harbor Docks,0.007283
Byron Cage - Breathe,0.007274
K-Ci & JoJo - Crazy,0.007231
Naama Hillman - Falling,0.00718
Tommy Jarrell - The Drunken Hiccups,0.007167
Benny Carter - Long Ago And Far Away,0.007166
Soda Stereo - Ella Uso Mi Cabeza Como Un Revolver,0.007153
Los Rieleros Del Norte - Caballo De Espadas,0.007126
Fred McDowell - Write Me A Few Of Your Lines,0.007115
The Christmas Jug Band (Holiday) - Boogie Woogie Santa Claus,0.007115
Junior Brown - Highway Patrol,0.007064
The Cars - Since You're Gone,0.00705
The Cotton Pickers - Hot Lips,0.007024
Sonny Rollins - On A Slow Boat To China,0.007019
AC?DC - You Shook Me All Night Long,0.007018
Sterling (Electronica) - Desperation,0.007017
Herman's Hermits - Listen People,0.007007
Sonny Rollins - On Green Dolphin Street,0.007005
Magik Markers - Body Rot,0.006976
Tommy Flanagan - While You Are Gone,0.006964
Steve Roach & Robert Rich - Going Inland,0.00696
Tokyo Police Club - In A Cave,0.006956
Chayanne - Un Siglo Sin Ti,0.006951
Justin Hinds & The Dominoes - Carry Go Bring Come (Ska Version),0.006948
Marvin Gaye - Let's Get It On,0.006931
Pavement - Baptist Blacktick,0.006908
Waylon Jennings - Theme From The Dukes Of Hazzard,0.006889
Styx - Renegade,0.006863
Mary Chapin Carpenter - Right Now,0.006858
Toots & The Maytals - Funky Kingston,0.006856
Marvin Gaye - Mercy Mercy Me,0.006855
Tony Bennett - I Wanna Be Around,0.00676
Jim Jackson - Bye. Bye. Policeman,0.006746
Outkast - The Way You Move,0.006733
Alison Krauss - Can't Find My Way Home,0.006733
The Warlocks - Gypsy Nightmare,0.006712
Clifford Brown - Brownie Speaks,0.006687
Antonio Aguilar - Triste Recuerdo,0.006662
Janis Figure - Mechanical Bull,0.006652
No Age - I Wanna Sleep,0.006649
Avril Lavigne - I'm With You,0.006599
Couperin. Francois - Ignitum Eloquium Tuum. Motet Verset For 2 Sopranos. 2 Violins & Continuo (4 Versets D'un Motet),0.006585
Joseph Arthur - Favorite Girl,0.006583
Mahalia Jackson - Trouble Of The World,0.006551
Bing Crosby - You Must Have Been A Beautiful Baby,0.006536
Roger - I Want To Be Your Man,0.006527
Marty Robbins (Holiday) - The Joy Of Christmas,0.006506
Scorpions - Rock You Like A Hurricane,0.006479
Angelo - Save The Music,0.006463
Binary Finary - 1999,0.006455
AC?DC - Highway To Hell,0.006435
Melissa Ferrick - Fear And Time,0.00643
Kumbia Altarz - Chiquilla,0.006425
Fugazi - Reprovisional,0.006396
Bunny Berigan - The Buzzard,0.006395
The Century's - Hard Times,0.006362
Bonerama - Funky Miracle,0.006361
Hank Williams III - Crazed Country Rebel,0.006361
Victor Manuelle - Como Una Estrella,0.006359
Sonny Rollins - A Nightingale Sang In Berkeley Square (Live),0.006337
Unwound - Laugh Track,0.006336
Steve Earle & Reckless Kelly - Reconsider Me,0.006331
Sonny Rollins - Paradox,0.006319
Ronnie Earl - Ronnie Johnnie,0.006309
Ruben Studdard - Goin' Up Yonder,0.006293
Guardian - Power Of Love,0.006281
Dittersdorf. Karl Ditters von - Concerto For Viola & Orchestra In F,0.006275
Betty Everett - The Shoop Shoop Song (It's In His Kiss),0.006274
Liquid Mind - I Am Willing,0.006252
Skid Row - I Remember You,0.006237
Doctor Ross - Tailor Made,0.006236
Lucy Kaplansky - I Had Something,0.00623
Chino Espinoza -Los Duenos Del Son - Hector Lavoe Medley,0.006229
Sharon Jones & The Dap-Kings - Be Easy,0.006228
Seal - Wild,0.006228
AC?DC - Problem Child,0.006194
Dire Straits - Once Upon A Time In The West,0.006188
Antonio Carlos Jobim - Amor Em Paz (Once I Loved),0.006187
James P. Johnson - What Is This Thing Called Love,0.006181
Deuter - Buddha Nature,0.00618
Natasha Bedingfield - Pocketful Of Sunshine,0.00616
R.L. Burnside - When My First Wife Left Me,0.006156
Otis Spann - Home To Mississippi,0.006123
Antonio Carlos Jobim - Agua De Beber (Live),0.006121
The Rolling Stones - Ruby Tuesday,0.006118
La Sonora Dinamita - La Cortina,0.006108
Harry Connick. Jr. - It Had To Be You,0.006041
Tony Bennett - She's Funny That Way,0.006009
The Rolling Stones - Complicated,0.006006
Phil Collins - You'll Be In My Heart,0.005998
Avril Lavigne - Contagious,0.005985
Boccherini. Luigi - String Quartet In D Major. G. 203 (Op. 32?3),0.005953
4 Haven Knights - In My Lonely Room,0.005945
Prince - Little Red Corvette,0.00593
Ella Fitzgerald - Aren't You Kind Of Glad We Did,0.005904
Marvin Gaye - You're A Wonderful One,0.00589
Simple Plan (Holiday) - My Christmas List,0.005882
Mike Dowling - Mean Old Frisco,0.005874
The Beatles - Run For Your Life,0.005873
Doc Watson - Walk On Boy,0.005861
Lynyrd Skynyrd - Free Bird (Live),0.005835
Kai Winding - Trombone For Two,0.005832
AC?DC - Shot Down In Flames,0.005824
Flyleaf - Sorrow,0.005805
Little Feat - Oh Atlanta,0.005796
Les Paul & Mary Ford - How High The Moon,0.005793
Gerry & The Pacemakers - See You In September,0.005774
Rogue Wave - Nourishment Nation,0.005771
Trey Anastasio - Sleep Again,0.005721
Shalamar - Make That Move,0.005718
War - Why Can't We Be Friends,0.005688
AC?DC - Hells Bells,0.005687
Junior Brown - Gotta Get Up Everymorning,0.005662
Lifehouse - First Time,0.00565
The Mark Inside - Carousel,0.005618
Ryan Montbleau Band - Stretch,0.005616
Enanitos Verdes - Tu Carcel,0.005597
Antonio Carlos Jobim - Por Toda Minha Vida,0.005591
AC?DC - Who Made Who (Live),0.005581
John Prine - Pretty Good,0.005576
Sharon Jones & The Dap-Kings - Cut That Line,0.005573
Reuben Morgan - Hear Our Praises,0.005563
Verdi. Giuseppe - Falstaff. Opera,0.005562
Alter Bridge - Buried Alive,0.005554
The Rolling Stones - Get Off Of My Cloud,0.005522
Dan Gibson - Cool Forest Rain,0.005502
Stevie Wonder - I Wish (Live),0.005482
Verdi. Giuseppe - Sacred Pieces (4). For Chorus & Orchestra (Quattro Pezzi Sacri),0.005471
Iron Maiden Tribute Band - Run To The Hills,0.005466
A Teens - S.O.S,0.005465
The Business - Drinking And Driving,0.005449
The Cambridge Singers & Orchestra (Holiday) - Angels We Have Heard On High,0.005442
Danny Gatton & Tom Principato - I'm On Fire (Live),0.005441
Maria Bethania & Gal Gosta - Sonho Meu,0.005439
Foghat - Slow Ride,0.005412
Sam Bush - Mr. Freddie,0.005388
John Danley - Hickory,0.005383
James P. Johnson - You've Got To Be Modernistic,0.005369
The Soul Survivors - Hey Gyp,0.005356
Iron & Wine - Each Coming Night,0.005345
Peter & Gordon (60s) - A World Without Love,0.005342
Los Lobos - Shakin' Shakin' Shakes,0.00534
Wreckless Eric - Whole Wide World,0.00534
The Adverts - Safety In Numbers (Live),0.005334
Lee Ritenour & Larry Carlton - Crosstown Kids,0.005306
James Cotton - Soul Survivor,0.005304
Tex Ritter - I've Found A New Baby (Instrumental),0.005283
Holly Cole - Christmas Blues,0.005276
AC?DC - What Do You Do For Money Honey,0.005272
Wes Montgomery - Full House (Live),0.005266
The Del McCoury Band - On The Lonesome Wind,0.005224
Ray Charles & The Count Basie Orchestra - I Can't Stop Loving You,0.005221
Furry Lewis - Falling Down Blues,0.005211
Junior Brown - My Wife Thinks Your Dead,0.005208
Loquat - Serial Mess,0.005199
Christina Aguilera (Holiday) - Have Yourself A Merry Little Christmas,0.005199
Robert Cray - Nothin' But A Woman,0.005197
AC?DC - For Those About To Rock,0.00518
The Beatles - Michelle,0.005154
Tommy Johnson - Lonesome Home Blues (Take 2),0.005102
John Jacob Niles (Holiday) - Jesus. Jesus. Rest Your Head,0.005095
The Del McCoury Band - I'm Afraid I Forgot The Feeling,0.005093
Al Di Meola - Tangata De Alba,0.00509
Shudder To Think - Own Me,0.005085
The Fray - How To Save A Life,0.005069
Michelle Branch - All You Wanted,0.005065
Nitty Gritty Dirt Band - Snowballs,0.005049
Sonicflood - I Could Sing Of Your Love Forever,0.005032
Your Vegas - Troubled Times,0.005025
Steve Earle & The Supersuckers - Before They Make Me Run,0.005012
The Smokin' Joe Kubek Band - Mean Old World,0.00501
The Clovers - Devil Or Angel,0.00501
Bunny Berigan - Plantation Moods,0.004999
Marvin Sapp - Give Thanks,0.004995
Omens - Searching,0.004994
Smokie Norful - Celebrate,0.004971
Van Morrison - Midnight Special,0.004959
Staind - Take This,0.004947
The Beatles - Ob-La-Di. Ob-La-Da,0.004944
James Cotton - Blues For Jacklyn,0.004922
Peggy Lee & Art Lund (Holiday) - Winter Weather,0.004906
Guns N' Roses - Knockin' On Heaven's Door,0.004873
Vince Gill - When I Call Your Name,0.004864
Fergie - Big Girls Don't Cry,0.004847
Lynyrd Skynyrd - Sweet Home Alabama,0.004847
Sarah McLachlan - Perfect Girl,0.004824
Deuter - Marfa Lights 1,0.004823
Catie Curtis - Fall Away,0.004814
Bond - Space,0.004788
Descendents - Suburban Home,0.004778
BR549 - Georgia On A Fast Train,0.004777
The Essex - Easier Said Than Done,0.004748
Band Of Horses - Our Swords,0.004745
JoJo - Too Little. Too Late,0.004732
Canned Heat (Holiday) - Christmas Blues,0.004724
Rissi Palmer - Anybody Out There,0.004714
The Monkees - Daydream Believer,0.004713
Justifide - Pointing Fingers,0.004704
Stevie Wonder - For Once In My Life,0.004679
Tipica 73 - Cachita,0.004669
Donnie McClurkin - He's Calling You,0.004649
AC?DC - Thunderstruck,0.004648
Broken Social Scene - Fire Eye'd Boy,0.004641
The Del McCoury Band - Dry My Tears And Move On,0.004633
Black Lips - Boone,0.004628
Strauss. Richard - Der Rosenkavalier. Opera. Op. 59 (TrV 227),0.004624
Luis Miguel - Ahora Te Puedes Marchar (I Only Want To Be With You),0.004608
Little Walter - Blue Baby Hard Times,0.004596
Diego El Cigala - Amar Y Vivir,0.004566
Kai Winding - Impulse,0.004559
The Pogues - The Band Played Waltzing Matilda,0.004558
Toots & The Maytals - Time Tough,0.004551
Wes Montgomery - If I Should Lose You (Take 2-Alternate),0.004546
Rev Theory - Hell Yeah,0.004544
The Beatles - Day Tripper,0.004544
The Cambridge Singers & Orchestra (Holiday) - O Little One Sweet,0.004516
Ben Jelen - Where Do We Go,0.004513
The Monkees - Look Out (Here Comes Tomorrow),0.004507
Loreena McKennitt (Holiday) - The Stockford Carol,0.004501
Stephen Kellogg & The Sixers - A Cabin In The Woods,0.004496
Jon Bon Jovi (Holiday) - Please Come Home For Christmas,0.004487
Verdi. Giuseppe - Macbeth. Opera,0.004487
Kasey Chambers - Falling Into You,0.004484
The National - Slow Show,0.004477
Dimmu Borgir - Allegiance,0.004476
John Butler Trio - Funky Tonight,0.004462
Port O'Brien - I Won't Look Back,0.004412
The Gene Harris Quartet - Sweet And Lovely,0.004402
Lindsay Lohan - Black Hole,0.004398
Tim Bluhm - California Way,0.004397
Waylon Jennings - San Francisco Mabel Joy,0.004395
Palmgren. Selim - May Night. For Piano,0.004383
Frank Foster - John R. And Garfield,0.004365
Guitar Shorty - Loosen Up,0.004358
Deep Purple - Smoke On The Water (Live 1973),0.004357
AC?DC - For Those About To Rock (We Salute You),0.004355
The Beatles - When I Get Home,0.004351
Lowell Fulson - Western Union Blues,0.004349
Boyz II Men (Holiday) - Let It Snow,0.004326
Whitney Houston (Holiday) - Joy To The World,0.004321
Waylon Jennings - Clyde,0.004304
Harold Melvin & The Blue Notes - Don't Leave Me This Way,0.004287
Crosby. Stills. Nash & Young - Woodstock,0.004272
Nachtmystium - Code Negative,0.004256
Reuben Morgan - My Redeemer Lives,0.004255
XTC - The Rhythm (Live),0.004244
Guardian - Let It Roll,0.004233
The Beatles - With A Little Help From My Friends,0.004208
Junior Brown - Broke Down South Of Dallas,0.004198
Verdi. Giuseppe - Il Trovatore. Opera,0.00418
Bill Evans & Jim Hall - I Hear A Rhapsody,0.004172
Reik - Me Duele Amarte,0.004153
Nitty Gritty Dirt Band - Mr. Bojangles,0.004152
Ella Fitzgerald - Bidin' My Time,0.004143
John Michael Montgomery - Angel In My Eyes,0.004143
The Paul Butterfield Blues Band - Love Her With A Feeling,0.004141
Black Lips - O Katrina!,0.004116
Guardian - Sister Wisdom,0.0041
Tommy Flanagan - Rough Ridin',0.0041
Dean Martin - On The Street Where You Live,0.004099
Antonio Carlos Jobim - Children's Games,0.004097
Furry Lewis - Mistreatin' Mama,0.00408
The Dirty Projectors - Time Birthed Spilled Blood,0.004076
AC?DC - Have A Drink On Me,0.004069
Charlie Lincoln - Depot Blues,0.004067
Foghat - Drivin' Wheel,0.004058
Sarah McLachlan - Train Wreck,0.004051
David Wilcox - Language Of The Heart,0.004043
The Bronx - Cobra Lucha,0.004034
Imogen Heap - The Walk,0.004031
The Beatles - Let It Be,0.004031
Silberbart - Head Tear Of The Drunken Sun,0.004026
Scorpions - No One Like You,0.004018
Herman's Hermits - I'm Into Something Good,0.003997
Lee Morgan - Hocus Pocus,0.003959
Clarence Fountain - I Want To Go,0.003947
Junior Brown - Freeborn Man,0.003943
Sam Bush - Sailin' Shoes,0.003932
Robert Johnson - I'm A Steady Rollin' Man,0.003927
Alison Krauss - Don't Follow Me,0.003918
Josh White - Jesus Gonna Make Up My Dying Bed,0.00391
Downhere - Feels Like Winter,0.003899
Branford Marsalis - Swingin' At The Haven,0.003895
Van Morrison - Days Like This,0.003878
Alexander O'Neal (Holiday) - The Christmas Song (Chestnuts Roasting On An Open Fire),0.003873
Les Brown And His Band Of Renown - The Sweetheart Of Sigma Chi,0.003871
Robert Earl Keen - Corpus Christi Bay,0.00386
Teddy Wilson - I've Got A Crush On You,0.003859
The New Colony Six - I Lie Awake,0.003848
Assemblage 23 - Damaged,0.003843
Dire Straits - Walk Of Life,0.003818
C.J. Chenier & The Rod Hot Louisiana Band - Bad Luck,0.003817
Mudvayne - Fall Into Sleep,0.003809
Alter Bridge - Open Your Eyes,0.003808
Marky Ramone - Blitzkrieg Bop,0.003792
The Beatles - Two Of Us,0.003778
Sky Saxon - Love Dog,0.003778
Jim Henry+Brooks Williams - On The Rollin' Sea,0.003768
Fiorillo. Federigo - Concerto For Violin & Orchestra No 1 In F,0.003757
Sam Bush - Girl Of The North Country (live),0.00374
Little Walter - Bad Acting Woman,0.003729
Stars Of The Lid - Broken Harbors? Part 1,0.003724
Irish Rovers (Holiday) - God Rest Ye Merry Gentlemen,0.003722
Milt Jackson - Bags Of Blue (Live),0.003722
AC?DC - Rock And Roll Ain't Noise Pollution,0.003721
Robert Shaw Chorale (Holiday) - Carol Of The Bells ? Deck The Halls,0.003701
Wreckless Eric - Excuse Me,0.003701
Luis Miguel - Hasta Que Me Olvides,0.003696
Waco Brothers - Missing Link,0.003674
Lazy Lester - Gonna Stick To You Baby,0.003673
Los Rieleros Del Norte - Abrazado De Un Poste,0.003665
Boccherini. Luigi - Symphony In B Flat Major. G. 497 (Op. 21?5),0.003655
Antonio Pinana - Cuando Llora La Guitarra,0.003654
Bryan Mann - Who Put The Bomp (In The Bomp Bomp Bomp),0.003648
Milt Jackson - Namesake,0.003634
Lazy Lester - I'm Gonna Miss You (Like The Devil),0.003623
Ella Fitzgerald - It's Only A Paper Moon,0.003592
Willie Nix - Prison Bound Blues,0.003592
Ella Fitzgerald - I Concentrate On You,0.003584
Fugazi - Target,0.003581
Dean Martin - Everybody Loves Somebody,0.003572
Eric Harringer & John Paul Lacey - Nature's Way,0.003568
Spyro Gyra - Summer Fling,0.003565
The Association - Windy,0.003558
The Gene Harris Quartet - The Song Is Ended,0.003546
Alison Krauss - Whiskey Lullaby,0.003544
Wolfmother - Colossal,0.003539
Your Vegas - It Makes My Heart Break,0.003537
The Monkees - The Monkees,0.003536
Serena Ryder - Sisters Of Mercy,0.00353
Phil Collins - Another Day In Paradise (Live),0.003519
Scorpions - Big City Nights,0.003507
Alison Krauss - When You Say Nothing At All,0.003505
Skid Row - 18 And Life,0.003492
The Association - Never My Love,0.003484
Enanitos Verdes - Lamento Boliviano,0.003477
Fairfield Four - How I Got Over,0.003474
Phil Wickham - Jesus Lord Of Heaven,0.003467
Broken Social Scene - Our Faces Split The Coast In Half,0.003452
Stephen Kellogg & The Sixers - Sweet Sophia,0.003452
Larry Carlton - Roll With It,0.003439
The Rolling Stones - Start Me Up,0.003429
Duran Duran - Ordinary World,0.003426
Pete Fountain - While We Danced At The Mardi Gras,0.003416
Our Brother The Native - We Are The Living,0.0034
John Tesh - God Of Wonders,0.003387
Hank Williams Jr. - Whiskey Bent And Hell Bound,0.003386
Eric Harringer & John Paul Lacey - Whispering Winds,0.003377
Mike Dowling - Ragged And Dirty,0.003351
Ratt - You Should Know By Now,0.003346
The Beatles - Something,0.003343
Montgomery Gentry - Speed,0.003336
The Jam - Don't Tell Them You're Sane,0.003336
Reno & Smiley - I Saw Your Face In The Moon,0.003332
Finger Eleven - Lost My Way,0.003305
Shinedown - Burning Bright,0.003302
Pee Wee Hunt & His Orchestra - Charleston,0.003301
Verdi. Giuseppe - Requiem Mass. For Soloists. Chorus & Orchestra (Manzoni Requiem),0.003296
Cal Bennett - Whole Soul Stroll (Live),0.003293
Daryl Coley - I Will Bless Your Name,0.003288
Tommy Johnson - Big Fat Mama Blues,0.003274
Sex Pistols - EMI,0.003262
Georges Street - The Tartar Frigate,0.003255
The Cambridge Singers & Orchestra (Holiday) - 'Twas In The Moon Of Winter Time,0.003252
Seven Day Jesus - I Will Find You,0.003237
The Sons Of The West - Panhandle Shuffle,0.003228
Hilary Stagg - Island Sweets,0.003177
Blackmore's Night (Holiday) - Emmanuel,0.00317
Doc Watson - Billy In The Low Ground (Live),0.003153
Matthew West - More,0.003141
)EIB( - Forgotten,0.003139
Deuter - Waves Of Light,0.003132
Filter - Hey Man Nice Shot,0.003119
The Rolling Stones - Street Fighting Man,0.003117
Sarah McLachlan - Building A Mystery,0.003117
Drive-By Truckers - Sink Hole,0.003106
Dean Martin - Ain't That A Kick In The Head,0.003094
Broken Social Scene - 7?4 (Shoreline),0.003093
Behemoth - Slaves Shall Serve,0.003079
Roomful Of Blues (Holiday) - Have Yourself A Merry Little Christmas,0.003076
The Del McCoury Band - Fire And The Flame,0.00307
Cher - Gypsys. Tramps & Thieves,0.003062
Doc & Merle Watson - Big Spike Hammer,0.003045
Enanitos Verdes - Luz De Dia,0.003038
Celia Cruz & Tito Puente - La Plena Bomba Me Llama,0.003027
Joey Ramone - What A Wonderful World,0.003016
Stephen Kellogg & The Sixers - Maria,0.003009
Reno & Smiley - Charlotte Breakdown,0.003003
The Manhattans - Kiss And Say Goodbye,0.002996
Guns N' Roses - Paradise City,0.002979
Tommy Johnson - Maggie Campbell,0.002976
Dire Straits - So Far Away,0.002969
Antonio Aguilar - Mi Ranchito,0.002963
Rachel Harrington - Shoeless Joe,0.002962
The Beatles - Got To Get You Into My Life,0.002956
John Prine - It's A Cheating Situation,0.002947
Foo Fighters - No Way Back,0.002944
Ratt - You're In Trouble,0.002923
Sharon Jones & The Dap-Kings - 100 Days. 100 Nights,0.002905
Phil Collins - Do You Remember?,0.002883
Men Of Steel - O'Carolan's Quarrel With The Landlady (Live),0.002883
George Michael - Praying For Time,0.002871
The Rolling Stones - Gimme Shelter,0.002871
Lowell Fulson - Everyday I Have The Blues,0.00287
Loudon Wainwright III - Grey In L.A.,0.002869
Jake Schepps - In The American West? Rocky Ford,0.002863
Cat Stevens - The Wind,0.002853
Staind - Right Here,0.002839
Eric Harringer & John Paul Lacey - Ageless,0.002837
Victor Manuelle - Tengo,0.002832
James Cotton - Take Me Back,0.002816
Jars Of Clay (Holiday) - God Rest Ye Merry Gentlemen,0.002813
Harry Connick. Jr. - I Could Write A Book,0.002812
Van Morrison - Gloria (Performed By Them),0.002805
Cal Tjader - Sambo Do Suenho,0.002803
Waylon Jennings - Are You Sure Hank Done It This Way,0.002794
Cherubini. Luigi - String Quartet No. 6 In A Minor,0.002779
Eddie Fisher (Holiday) - My Favorite Things,0.002774
Albert King - Jam In A-Flat,0.002769
Richard Hell & The Voidoids - Love Comes In Spurts,0.002761
Van Morrison - Domino,0.00276
The Jam - Man In The Corner Shop,0.002757
The Jam - In The City,0.002753
Tommy Emmanuel - One Mint Julep,0.002742
Guns N' Roses - Sweet Child O' Mine,0.002706
Paul Siebel - My Town,0.002702
Hazel Dickens & Alice Gerrard - I Just Got Wise,0.002696
Tom Rush - Mole's Moan,0.002695
Furry Lewis - Why Don't You Come Home Blues,0.00269
Fosforito - Nunca Te He Mendtido (Bulerias De Cadiz),0.002678
Sever Your Ties - Hand In Hand,0.002677
Albert King - I'll Play The Blues For You (Live),0.002666
Doc Watson - Spike Driver Blues,0.002648
Robert Johnson - Walkin' Blues,0.00263
The Commodores - Easy,0.00263
"Mealli. Giovanni - Sonata For Violin & Continuo. Op. 3?6 (""La Sabbatina"")",0.002628
Broken Social Scene - Stars And Sons,0.002623
The Cambridge Singers & Orchestra (Holiday) - Good Christian Men. Rejoice,0.002623
Question Mark and the Mysterians - 96 Tears,0.002614
Couperin. Francois - In Lectulo Meo,0.002612
Traffic - Smiling Phases,0.002608
Doc Watson - Jimmy's Texas Blues (Live),0.002608
Preston Reed - Ladies Night,0.002591
Alison Krauss - Everytime You Say Goodbye,0.002578
Chayanne - Y Tu Te Vas,0.002573
BBC Big Band Orchestra - I'm Getting Sentimental Over You,0.002557
Nitty Gritty Dirt Band - Wildwood Flower,0.002552
Ralph Stanley & The Clinch Mountain Boys - Man Of Constant Sorrow,0.00255
Los Lobos - Let's Say Goodnight,0.002548
Tim Hughes - Here I am to Worship,0.002542
David Grisman & Tony Rice - The Prisoner's Waltz,0.002542
Doc Watson - Little Sadie,0.002538
Old Crow Medicine Show - Take 'Em Away,0.002537
Boccherini. Luigi - Cello Concerto In C Major. G. 573,0.002501
Sharon Jones & The Dap-Kings - Let Them Knock,0.002486
Los Rieleros Del Norte - Fue Mentira,0.002481
Jimmy Forrest - By The River Sainte Marie,0.002478
Sonny Rollins - Manhattan,0.002473
Ella Fitzgerald - My Man,0.00247
"Boccherini. Luigi - Quintet For Guitar & Strings In C Major (""La Ritirada Di Madrid""). G. 453 (arrangement Of Piano Quintet. G. 409)",0.002464
The Beatles - I'll Follow The Sun,0.002452
The Beatles - Within You Without You,0.002451
Lyle Lovett - Simple Song,0.00244
Stevie Wonder - Overjoyed,0.002416
Al Stewart - Time Passages,0.002411
Ben Jelen - Not My Plan,0.002405
"Dittersdorf. Karl Ditters von - Sinfonia In A Major. (""Sinfonia Nazionale Nel Gusto Di Cinque Nazioni""). Grave A10",0.002397
Jimmy Buffett - Come Monday,0.002391
Chayanne - Dejaria Todo,0.002386
Chick Corea Elektric Band - Passage,0.002382
Al Stewart - Year Of The Cat,0.002369
Al Di Meola - Black Pearls,0.002364
Luis Miguel - Por Debajo De La Mesa,0.002356
Secret Machines - All At Once (It's Not Important),0.002355
Sonny Rollins - 'Round Midnight,0.00235
The Allman Brothers Band - Can't Take It With You,0.002348
Teddy Wilson - In The Mood,0.002337
Krum Bums - Misery,0.002336
Bishop Allen - Things Are What You Make Of Them,0.002331
Foghat - Ride. Ride. Ride,0.002331
Jackson 5 - I Want You Back,0.002328
The Del McCoury Band - Asheville Turnaround,0.002328
See You Next Tuesday - Forever On Deaf Ears,0.002326
"Lucky Thompson - Take The ""A"" Train",0.002324
Rissi Palmer - Leavin' On Your Mind,0.002303
Soda Stereo - Paseando Por Roma,0.0023
Preston Reed - Tractor Pull,0.0023
Orchestral Manoeuvres In The Dark - If You Leave,0.002295
Passion - All Creatures Of Our God And King,0.002295
Groove Coverage - The End,0.002294
Ned Luberecki - Emergency Pulloff,0.002273
John Danley - Dust For Sparrows,0.002273
Pete Fountain - The Darktown Strutters' Ball,0.002263
AC?DC - Back In Black,0.002251
Seal - Love's Divine (Live),0.002248
The Allman Brothers Band - Mountain Jam (Live),0.002248
Kathleen Edwards - Oh Canada,0.002243
Scorpions - Don't Stop At The Top,0.00224
Boccherini. Luigi - Cello Concerto In A Major. G. 475,0.002234
Dan Gibson - The Fallen Leaves,0.002229
No Age - My Life's Alright Without You,0.002218
Smokie Norful - I Understand,0.002213
Boccherini. Luigi - Sonata for cello & continuo in C major. G. 17,0.002207
The Five Blind Boys Of Alabama - Let Me Hear My Mother Pray Again,0.002206
James P. Johnson - I've Got A Feeling I'm Falling,0.002205
Serena Ryder - Coconut Grove,0.002204
The Del McCoury Band - A Far Cry,0.002202
Albert King - Born Under A Bad Sign (Live),0.002199
Steve Winwood - While You See A Chance,0.002183
The Jackson Southernaires - I Need You To Hold My Hand,0.002146
Otis Spann - Mr. Highway Man,0.002136
Joe Diffie - White Lightning,0.002126
Foghat - Night Shift,0.002124
The Beatles - All You Need Is Love,0.002114
Serj Tankian - Sky Is Over,0.002101
Guns N' Roses - November Rain,0.002096
Bryan Sutton - Grover Glen,0.002094
Social Distortion - Cold Feelings,0.00208
Port O'Brien - Anchor,0.002078
Toots & The Maytals - 54-56 Was My Number,0.002077
The Mars Volta - Roulette Dares (The Haunt Of),0.002074
Ella Fitzgerald - Love Walked In,0.002072
Krum Bums - Fall,0.002072
David Grisman & Tony Rice - O Solo Mio,0.002065
Angelo Debarre Et Ludovic Beier - Passion (En Duo),0.002063
Johnny Maestro & The Crests - Angels Listened In,0.002059
Lee Ann Womack - I Hope You Dance,0.002059
Lefty Frizzell - Saginaw. Michigan,0.002059
Irish Rovers (Holiday) - The Holly Bears The Crown,0.002054
The Beatles - You Won't See Me,0.002044
Dan Crary - Lady's Fantasy,0.00204
Eggs Over Easy - 111 Avenue C,0.002026
Parts & Labor - The Gold We're Digging,0.002017
Earthless - Cherry Red,0.002013
Fastball - 'Til I Get It Right,0.002012
Steve Roach & Robert Rich - Silk Ridge,0.002006
Nick Drake - Here Come The Blues,0.002003
Furry Lewis - Goin' To Kansas City,0.002001
Staind - It's Been Awhile,0.002001
David Grisman & Tony Rice - Morning Sun,0.001994
The Offspring - Can't Repeat,0.001993
The Jackson Southernaires - Lead Me,0.001983
Kate Havnevik - Sleepless,0.00198
The Rolling Stones - I'm Free,0.001976
Wes Montgomery - Watch What Happens,0.001972
El Lebrijano - Presidiarios Con Sus Caenas,0.001968
Scorpions - Still Loving You,0.001962
Jake Schepps - Bluff's Collar,0.001957
Bryan Sutton - Stoney Creek,0.001955
Tristeza - Abrazo Distante,0.001938
Deuter - Yellow Mandala,0.001936
The Beatles - If I Needed Someone,0.001936
Doyle Dykes - Caleb's Report,0.001935
Willie Colon & Ruben Blades - Ojos,0.001924
Jerry Jeff Walker - Gettin' By (Live),0.001921
Cherubini. Luigi - Symphony In D Major,0.001918
Boccherini. Luigi - Minuet in A major. arrangements (after String Quintet in E major. Op.11?5 [aka Op. 13?5]. G. 275),0.001917
Spyro Gyra - Believe,0.001916
Tommy Emmanuel - The Hunt,0.001912
Pepe Aguilar - A Pesar De Todo,0.00191
Hillsong & Delirious? - I Could Sing Of Your Love Forever,0.0019
Kasey Chambers - Nothing At All,0.001897
Los Rieleros Del Norte - Me Quieres Matar De Celos,0.001893
Willie Colon & Ruben Blades - Pedro Navaja,0.001892
Lee Morgan - Sneaky Pete,0.001881
Dan Crary - Reuben,0.001868
The Young Tradition - Lyke Wake Dirge,0.001864
Gleisberg - Indian Garden,0.00186
David Bowie - Rebel Rebel,0.001856
Teddy Wilson - Body And Soul,0.001845
Blackmore's Night (Holiday) - Hark The Herald Angels Sing ? Come All Ye Faithful,0.001841
Frank Sinatra & Bing Crosby (Holiday) - The Christmas Song ? White Christmas,0.00184
Hezekiah Jones - Postpone,0.001839
David Wilcox - Rusty Old American Dream,0.001838
Stevie Wonder - Ribbon In The Sky,0.001835
Jarabe De Palo - Grita,0.001821
Irish Rovers (Holiday) - We Wish You A Merry Christmas,0.001817
Larry Carlton - Layla,0.001815
Burning Witch - Sea Hag,0.001814
Jo Dee Messina - Lesson In Leavin',0.00181
AC?DC - It's A Long Way To The Top (If You Wanna Rock 'n' Roll),0.001807
Neil Young - Cripple Creek Ferry,0.001806
Kenny G - The Way You Look Tonight,0.001788
Dittersdorf. Karl Ditters von - Divertimento Fur Violine. Viola Und Violoncello D Major,0.001786
Pete Fountain - High Society,0.001782
Joey Ramone - Like A Drug I Never Did Before,0.001777
Junior Brown - Lookin' For Love,0.001774
Luis Miguel - La Incondicional,0.00177
Asleep At The Wheel - Cotton-Eyed Joe,0.001766
Ella Fitzgerald - A Fine Romance,0.001761
The Ray Conniff Singers (Holiday) - Silver Bells,0.001751
Jake Schepps - Origami,0.001743
Ruben Studdard - Shout To The Lord,0.001734
Nitty Gritty Dirt Band - Way Downtown,0.001725
Jim Henry+Brooks Williams - Gender Bender,0.001705
The Seldom Scene - Maybe You Will Change Your Mind,0.001699
Teddy Wilson - King Porter Stomp,0.001693
Jack Jones - Luck Be A Lady,0.00169
Shadows Of Knight - I'll Make You Sorry,0.00169
Deuter - Earth Shadow,0.001688
Christina Aguilera (Holiday) - The Christmas Song,0.001688
Boccherini. Luigi - Symphony In A Major. G. 508 (Op. 12?6),0.001687
Preston Reed - Love In The Old Country,0.001685
Alison Krauss - Wish I Still Had You,0.001684
Sex Pistols - New York,0.001679
Willie Banks - God's Goodness,0.001678
The Dirty Projectors - Rise Above,0.001675
Junior Brown - Where Has All the Money Gone?,0.001673
Black Lips - It Feels Alright,0.001668
Boccherini. Luigi - Sonata for cello & continuo in G major. G. 5 (Six Sonatas No. 3),0.001656
Will Bradley & His Orchestra - When You And I Were Young. Maggie,0.001653
Blackmore's Night (Holiday) - We Three Kings,0.001652
Tiamat - For Her Pleasure,0.001643
Furry Lewis - This Time Tomorrow,0.001641
Chick Corea Elektric Band - Lifescape,0.001635
Kai Winding - Doodlin',0.001631
Jens Lekman - The Wrong Hands,0.001629
Ralph Stanley & The Clinch Mountain Boys - Pretty Polly,0.001626
Eric Harringer & John Paul Lacey - Morning Sun,0.001626
Strauss. Richard - Eine Alpensinfonie (An Alpine Symphony) For Orchestra. Op. 64 (TrV 233),0.001622
Morricone. Ennio - Sergio Leone Suite,0.00162
Keith Oxman - Serenity,0.001613
Sam Bush - The Dolphin Dance,0.001597
Guns N' Roses - Don't Cry,0.001595
Brian Eno - An Ending (Ascent),0.001589
The Beatles - I Feel Fine,0.001579
Furry Lewis - Big Chief Blues,0.001574
Al Stewart - Broadway Hotel,0.001573
Boys From Indiana - Atlanta Is Burning,0.001563
The Monkees - She,0.001558
Stars Of The Lid - A Lovesong (For Cubs)+? Part 3,0.001552
Foghat - Dreamer,0.001551
Orchestral Manoeuvres In The Dark - Dreaming,0.001538
Van Morrison - Tupelo Honey,0.001531
Haden. Charlie. And Quartet West - Moonlight Serenade,0.001523
The Beatles - A Day In The Life,0.001523
Retrosic - Desperate Youth,0.001516
Boccherini. Luigi - Cello Concerto In E Flat Major. G. 474,0.001508
BBC Big Band Orchestra - On The Sunny Side Of The Street,0.001502
Al Stewart - On The Border,0.001501
Drive-By Truckers - The Day John Henry Died,0.001499
New York Dolls - Mystery Girls (Planet Studios Demo),0.001492
Sex Pistols - Problems,0.001489
Alison Krauss - Endless Highway,0.001488
Skafish (Holiday) - O Come. O Come Emmanuel,0.001483
Strauss. Richard - Salome. opera. Op. 54 (TrV 215),0.001479
Mercyme - Here With Me,0.001477
Diego El Cigala - Ana. Dolores Y Aurora,0.001476
Anne Murray - Danny's Song,0.001473
Rachmaninov. Sergey - Preludes (13) For Piano. Op. 32,0.001471
Dittersdorf. Karl Ditters von - Concerto For Harp. 2 Oboes. 2 Horns & Stringorchestra In A Major,0.001468
Ella Fitzgerald - For You. For Me. For Evermore,0.001465
Suffocation - Reincremation,0.001452
The Crests - Angels Listened In,0.001442
The Five Blind Boys Of Mississippi - Where He Leads Me,0.001426
Nitty Gritty Dirt Band - I Saw The Light,0.001424
Alter Bridge - Before Tomorrow Comes,0.001418
Passion - Here I Am To Worship,0.001415
Iron & Wine - Communion Cups And Someone's Coat,0.001415
Ambrosia - How Much I Feel,0.001413
Marvin Gaye - I Want You,0.001407
Chris Bocast - Quantum Entanglement,0.001397
Kenny Rogers (Holiday) - White Christmas,0.001395
Indigo Girls - Blood And Fire,0.00139
Deuter - Sea And Silence,0.001373
Don Ross - Blue Bear,0.001368
Paul Baloche - Your Name,0.001367
Mercyme - Grace Tells Another Story,0.001366
Jerry Jeff Walker - L.A. Freeway,0.001366
Marvin Sapp - Perfect Peace,0.001366
David Grisman & Tony Rice - Banks Of The Ohio,0.001363
Boccherini. Luigi - Cello Concerto In B Flat Major. G. 482,0.001358
The Sword - Celestial Crown,0.001347
Jack Jones - Autumn Leaves,0.001345
Beck. Ignaz. Franz - Overture (Sinfonia) In G Major. Op. 1?5 (Callen 5),0.001325
The Heavenly Music Association - Alain,0.001321
Brian Eno - Zawinul ? Lava,0.001316
Brandi Carlile - Throw It All Away,0.001312
Port O'Brien - Tree Bones,0.00131
Band Of Horses - No One's Gonna Love You,0.001305
David Grisman & Tony Rice - Song For Two Pamelas,0.001298
Lee Ann Womack - I'll Think Of A Reason Later,0.001296
Deuter - Nada Himalaya 2,0.001293
Tetsu Inoue - Mini Moon,0.001289
Boccherini. Luigi - Symphony In D Major. G. 496 (Op. 21?4),0.001281
Mose Andrews - Ten Pound Hammer,0.00128
Tim Sparks - Trap Hill Breakdown,0.001276
Avril Lavigne - Nobody's Home,0.001259
Chayanne - Atado A Tu Amor,0.001255
Doc & Merle Watson - Gambler's Yodel,0.001252
Jason Aldean - Laughed Until We Cried,0.001247
Gene Ammons - My Romance,0.001244
Don Ross - Give Me Seven Reasons,0.001238
Earl Scruggs - Stash It,0.001229
Booker Ervin - Lynn's Tune,0.001228
Fastball - Morning Star,0.001217
Sex Pistols - Pretty Vacant,0.001214
Boccherini. Luigi - Cello Concerto In D Major. G. 476,0.001209
Men Of Steel - In Flagrante (Live),0.001204
Sevendust - Enemy,0.001177
Broken Social Scene - KC Accidental,0.00117
Sarah McLachlan - Fallen,0.00116
Neil Young - Ohio,0.001159
Various Artists? 50 Most Loved Christmas Carols (Holiday) - Lo. How A Rose E'er Blooming,0.001153
The Beatles - Paperback Writer,0.001153
Hilary Stagg - Spirit Dancers,0.001145
"Boccherini. Luigi - Quintet For Guitar & Strings In D Major (""Fandango""). G. 448 (Arrangement Of String Quintets. G. 270 & 341)",0.001144
Sarah McLachlan - Hold On (Live),0.001142
Alison Krauss - Foolish Heart,0.001126
Boccherini. Luigi - Cello Concerto In D Major. G. 483 (Op. 34),0.001123
Dead Confederate - Tortured Artist Saint,0.001108
Michael Martin Murphey - Tumbling Tumbleweeds,0.001106
The Royal Guardsmen - Snoopy Vs. The Red Baron,0.001105
Traffic - Pearly Queen,0.001103
Schumann. Robert - String Quartet No. 2 in F major. Op. 41?2,0.001102
The National - Fake Empire,0.001102
The Wallflowers - 6th Ave Heartache,0.001099
Michael Martin Murphey (Holiday) - Sleigh Ride ? Jingle Bells,0.001093
Jean-Luc Ponty - Still In Love,0.001093
Jerry Bergonzi - Outhouse,0.001092
The Blakes - Commit,0.00108
Starfield - Can I Stay Here Forever?,0.001079
The Beatles - A Day In The Life (Love Version),0.001069
Parts & Labor - Long Way Down,0.001066
Converge - You Fail Me,0.00106
Guns N' Roses - Live And Let Die,0.001058
Jimmy Dorsey - Begin The Beguine,0.001055
Sam Bush - Big Mon,0.001038
Passion - Glorious,0.001033
Boccherini. Luigi - Cello Concerto In C Major. G. 477,0.001024
Converge - Homewrecker,0.001019
Junior Mance Trio - Smokey Blues (Live),0.001016
Boccherini. Luigi - Symphony In C Major. G. 505 (Op. 12?3),0.001015
Tommy Emmanuel - Windy & Warm,0.00101
David Darling - Lady Child's Dream,0.001008
Michelle Branch - Everywhere,0.001004
Rissi Palmer - Hold On To Me,0.001003
The Dead Milkmen - Punk Rock Girl,0.000997
Christmas Cookies (Holiday) - White Christmas,0.000994
Jim Henry+Brooks Williams - Malted Milk,0.000987
Jim Henry+Brooks Williams - Angie,0.000984
Social Distortion - Bad Luck,0.000975
Michael Jackson (Holiday) - Little Christmas Tree,0.00097
Christmas Cookies (Holiday) - The Christmas Song,0.000968
Sam Bush - Spooky Lane,0.000967
John Danley - Lorianne,0.000965
Liquid Mind - Lullaby For Grownups,0.000963
Doc Watson - Banks Of The Ohio (Live),0.000961
Cannonball Adderley - You' re A Weaver Of Dreams,0.000959
Trey Anastasio - Come As Melody,0.000958
Indigo Girls - Cold Beer And Remote Control,0.000953
The Beatles - Can't Buy Me Love,0.000948
Verdi. Giuseppe - La Forza Del Destino. Opera,0.000945
Various Artists? Songs Of December - Hailee's Moment,0.000941
Todd Collins (Holiday) - Hailee's Moment,0.000941
"Eddie ""Lockjaw"" Davis - Trane Whistle",0.000939
Doc Watson - Liitle Orphan Girl (Live),0.000939
Boyce. William - Trio Sonata No. 4 In G Minor,0.000928
Various Artists? 50 Most Loved Christmas Carols (Holiday) - While Sherherds Watched Their Flocks,0.000928
Ella Fitzgerald - Darn That Dream,0.000921
Albert King - Can't You See What You're Doing To Me,0.000921
Kate Rusby - The Lark,0.000921
Antonio Carlos Jobim - Tide,0.000914
Bobo Thomas - Catfish Blues,0.000911
Boccherini. Luigi - Symphony In D Major. G. 509 (Op. 35?1),0.000904
Loudon Wainwright III - The Swimming Song,0.000901
Sam Bush - Ozzie & Max,0.0009
The Rolling Stones - Shake Your Hips,0.000894
The Youth Choir Of Saint-Francois De Versailles (Holiday) - Guillo Take Your Tambourine,0.00089
Raina Rose - Evergreen House. 2nd Floor,0.000889
Jars Of Clay (Holiday) - I Heard The Bells On Christmas Day,0.000888
Hillsong - God He Reigns ? All I Need Is You (Live),0.000887
XTC - Chalkhills And Children,0.000886
Al Di Meola - Milonga Del Angel,0.000885
"Boccherini. Luigi - Symphony In D Minor (""La Casa Del Diavolo""). G. 506 (Op. 12?4)",0.000884
Earl Scruggs - Flint Hill Special,0.000882
Wes Montgomery - Road Song,0.000878
Peter Mulvey - Bloomington,0.000878
The Verve - Blue (USA Mix),0.000874
Mildred Bailey (Holiday) - I've Got My Love To Keep Me Warm (feat. Red Norvo),0.000873
Dan Crary - Tom & Jerry,0.000872
Ronan Hardiman - Celtic Dream,0.000872
Sonny Rollins - There Are Such Things,0.000867
Deuter - Black Velvet Flirt,0.000863
England Dan & John Ford Coley - Gone Too Far,0.000858
Bessie Smith (Holiday) - At The Christmas Ball,0.000858
The National - Green Gloves,0.000853
The Dirty Projectors - On The Beach,0.000853
Broken Social Scene - Shampoo Suicide,0.000839
Lucy Kaplansky - When I Get To The Border,0.000835
Jennie Arnau - Float On,0.000833
Kate Rusby - A Rose In April,0.000826
Gordon Bok - Herring Croon,0.000826
Jon Schmidt - Solace,0.000824
Boccherini. Luigi - String Quartet In E Minor. G. 202 (Op. 32?2),0.000822
Dan Crary (Holiday) - What Child Is This (USA),0.000818
The Allman Brothers Band - Little Martha,0.000814
Boccherini. Luigi - Quintet For Guitar & Strings In D Minor. G. 445 (arrangement Of Piano Quintet. G. 416),0.000813
ABORTED - Clinical Colostomy,0.000809
Jerry Douglas?Russ Barenberg?Edgar Meyer - Big Bug Shuffle,0.000805
The Ray Conniff Singers (Holiday) - Santa Claus Is Coming To town,0.000791
Boccherini. Luigi - Quintet For Guitar & Strings In G Major. G. 450 (Arrangement Of Quintet For Flute And Strings. G. 531 & String Quartet. G. 240),0.00079
Converge - The Broken Vow,0.000787
Don Ross - Klimbim,0.000781
Montgomery Gentry - My Town,0.000779
Robert Henke - Signal To Noise II,0.000779
Markus Reuter - The Increase Of Faith,0.000779
Stars Of The Lid - A Meaningful Moment Through A Meaning(Less) Process,0.000773
Eric Harringer & John Paul Lacey - Morning Dew,0.000772
Andrae Crouch - Soon And Very Soon,0.00077
Nitty Gritty Dirt Band - One Sure Honest Line,0.000762
Iron & Wine - Faded From The Winter,0.000761
Liquid Mind - Zero Degrees Zero,0.00076
Kit McClure Band - One O'clock Jump,0.000759
Kruger Brothers - Up18north,0.000757
Whitney Houston (Holiday) - Do You Hear What I Hear?,0.000752
Creative Music Services Musicians (Holiday) - O Christmas Tree,0.000748
Lazy Lester - A Woman,0.000746
Rogue Wave - Perfect,0.000739
Jo Dee Messina - Heads Carolina. Tails California,0.000729
Markus Reuter - A Clue To Reality,0.000728
The National - Start A War,0.000725
David Grisman & Tony Rice - I Am A Pilgrim,0.000708
Guns N' Roses - Patience,0.0007
Baguer. Carlos - Symphony No. 16 In G Major,0.000699
John Tesh - Key Of Love (live),0.000696
Khachaturian. Aram - Masquerada. Suite From The Incidental Music For Orchestra (or Piano),0.000695
Rose Cousins - One Love,0.000694
The Beatles - If I Fell,0.000691
Alter Bridge - One By One,0.00069
John Renbourn - Trotto ? Saltarello,0.000686
Garfield Akers - Cottonfield Blues Part 1,0.000686
John McEuen - Ryan William's Arrival In America,0.00068
Three Days Wait - Beautiful Baby,0.000679
Ella Fitzgerald - Crying Mood,0.000677
Doc Watson - Eastbound Train (Live),0.000675
Wire - Reuters,0.00067
Uncle Earl - Booth Shot Lincoln,0.000667
Eric Harringer & John Paul Lacey - Nature's Lullaby,0.000667
Staind - Outside,0.000662
"Mahler. Gustav - Symphony No. 6 in A minor (""Tragic"")",0.00066
Furry Lewis - Long Tall Gal Blues,0.000657
Various Artists? 50 Most Loved Christmas Carols (Holiday) - In The Bleak Midwinter,0.000655
Pepe Aguilar - Perdoname,0.000651
Boccherini. Luigi - Symphony In A Major. G. 498 (Op. 21?6),0.00065
Maxine Nightingale - Right Back Where We Started From,0.000649
Strauss. Richard - Macbeth. Tone Poem For Orchestra. Op. 23 (TrV 163),0.000645
The Dirty Projectors - Since I Opened,0.000643
Dan Crary - Senso Unico,0.000642
Gladys Knight & The Pips - Best Thing That Ever Happened To Me,0.00063
Pepe Aguilar - Me Falta Valor,0.00063
Furry Lewis - Baby You Don't Want Me,0.00063
Deuter - Empty Shore,0.000629
Butch Thompson (Holiday) - Silent Night,0.000625
Ralph Stanley & The Clinch Mountain Boys - Gonna Paint The Town,0.00062
Hilary Stagg - Land Of Oz,0.000616
Boccherini. Luigi - Symphony In C Major. G. 495 (Op. 21?3),0.000612
Blackmore's Night (Holiday) - Ma-O-Tzur,0.000612
Band Of Horses - The First Song,0.000611
Michael Martin Murphey (Holiday) - Corn. Water And Wood,0.000609
Deuter - Earthlight,0.000605
Rosetti. Antonio - Symphony In D Major. A 12?K 1 No 12,0.000602
Laurence Juber (Holiday) - Good King Wenceslaus,0.000598
Boyce. William - Trio Sonata No. 6 In B Flat Major,0.000596
Stars Of The Lid - Gasfarming,0.000584
Liquid Mind - In The Stillness,0.000584
Dan Crary - Hot Pursuit,0.00058
Corciolli - Work (Water),0.000575
Dan Crary - Lime Rock,0.000575
Sam Bush - Song For Roy,0.000573
Rachmaninov. Sergey - Symphonic Dances. for orchestra (or 2 pianos). Op. 45,0.000565
Ralph Stanley & The Clinch Mountain Boys - I Am Weary,0.000565
Band Of Horses - The Funeral,0.000558
Avril Lavigne - Keep Holding On,0.000553
The Beatles - Things We Said Today,0.000547
The Blakes - Streets,0.000545
Staind - For You,0.000545
Antonio Vivaldi (Holiday) - Gloria In D Major. Et In Terra Pax,0.000536
Tommy Emmanuel - Endless Road,0.000536
Fastball - Are You Ready For The Fallout?,0.00053
The Allman Brothers Band - Long Time Gone,0.000529
Sarah McLachlan - Adia,0.000526
Mahler. Gustav - Symphony No. 10 In F Sharp Minor (realization By Deryck Cooke),0.000524
Boccherini. Luigi - Symphony In B Flat Major. G. 493 (Op. 21?1),0.000523
The Black Angels - Bloodhounds On My Trail,0.000521
Lucky Thompson - Jeep's Blues,0.00052
Boccherini. Luigi - String Quartet In D Major. G. 165 (Op. 8?1),0.000506
Boccherini. Luigi - String Quintet For 2 Violins. Viola & 2 Cellos In G Minor. G. 351 (Op. 42?4),0.000502
Peggy Seeger - O The Wind And Rain,0.000501
Laurence Juber (Holiday) - Prelude & Silent Night,0.000497
Hugo Montenegro & His Orchestra - Theme From A Fistful Of Dollars,0.000491
Furry Lewis - Furry's Rag (Take Your Time. Baby),0.00049
Morricone. Ennio - Giuseppe Tornatore Suite,0.000487
Liquid Mind - My Orchid Spirit,0.000484
Liquid Mind - Gently Down,0.000483
Tomasa La Macanita - Yo Soy De Jerez (Bulerias De Cai),0.000482
Tim O'Brien - Johnny Don't Get Drunk ? Rye Straw,0.000482
Moby Grape - Lazy Me,0.000478
Boccherini. Luigi - Symphony In D Major. G. 520 (Op. 42),0.000475
Buddy Bregman - Derek's Blues,0.000472
"Dittersdorf. Karl Ditters von - Symphony After Ovid's ""Metamorphoses"" No. 4 In F Major (""Die Rettung Der Andromeda Durch Perseus"")",0.000464
Schumann. Robert - Cello Concerto in A minor. Op. 129,0.000463
Boieldieu. Francois-Adrien - Concerto For Harp & Orchestra In C. Op.77,0.000463
Boccherini. Luigi - String Quartet In E Flat Major. G. 201 (Op. 32?1),0.000462
Beck. Ignaz. Franz - Overture (Sinfonia) In G Minor. Op. 1?1 (Callen 1),0.000461
Mars Lasar - Untouchable,0.00046
Light This City - Exile,0.000458
John Danley - Whispering Blue,0.000458
Liquid Mind - Moment Of Grace,0.00045
Boccherini. Luigi - String Quartet in A major. G. 213 (Op. 39),0.000442
Liquid Mind - Balance,0.000432
As One - In The Arms Of You,0.000432
Jon Schmidt - Night Song,0.00043
Ralph Stanley & The Clinch Mountain Boys - Stone Walls And Steel Bars,0.00042
Cherubini. Luigi - Requiem No.2. For Male Chorus & Orchestra In D Minor,0.000413
Chopin. Fryderyk - Waltzes (3) for piano. Op. 70. CT. 217-219,0.000411
Nitty Gritty Dirt Band - Togary Mountain,0.000405
Jack Jones - Somewhere My Love,0.000404
Rachmaninov. Sergey - Piano Concerto No. 3 In D Minor. Op. 30,0.000395
Pichl. Vaclav - Symphony In C Major. Z21,0.000395
Moonspell - Sons Of Earth,0.000392
Boccherini. Luigi - Quintet For Guitar & Strings In E Minor. G. 451 (arrangement Piano Quintet. G. 407),0.00039
Ralph Stanley & The Clinch Mountain Boys - Beautiful Star Of Bethlehem,0.000386
Brian Eno - Stars,0.000379
Liquid Mind - My Silent Knowing,0.000376
Rachmaninov. Sergey - Symphony No. 2 in E minor. Op. 27,0.000372
Mendelssohn. Fanny - String Quartet In E Flat Major,0.000367
Dan Crary - The Fermoy Lass. The Man Of The House,0.000367
Schumann. Robert - Kreisleriana. 8 fantasies for piano. Op. 16,0.000362
Rachmaninov. Sergey - The Isle of the Dead. symphonic poem. Op. 29,0.000361
Jesse Harris - Morning In A Strange City (Cafe),0.000361
"Dittersdorf. Karl Ditters von - Symphony After Ovid's ""Metamorphoses"" No. 1 In C Major (""Die Vier Weltalter"")",0.00036
Rogue Wave - Endgame,0.000358
Boccherini. Luigi - Symphony In E Flat Major. G. 510 (Op. 35?2),0.000353
Doc Watson - Down In The Valley To Pray,0.000348
Dan Crary - On The Fritz,0.000347
Don Ross - First Ride,0.000346
Jay Reatard - Turning Blue,0.000343
Laurence Juber (Holiday) - God Rest Ye Merry Gentlemen,0.000335
Liquid Mind - Continuity,0.000325
Faure. Gabriel - Sonata For Cello & Piano No. 1 In D Minor. Op. 109,0.000324
Mahler. Gustav - Symphony No. 5 in C sharp minor,0.000324
Boccherini. Luigi - Symphony In D Minor. G. 522 (Op. 45),0.000323
Corciolli - Forest Spirit,0.000321
The Blakes - Modern Man,0.000317
Schumann. Robert - Piano Concerto in A minor. Op. 54,0.000314
The Beatles - Rock And Roll Music,0.000314
Rachmaninov. Sergey - Symphony No. 1 in D minor. Op. 13 (lost; reconstructed from piano duets and orch. fragments),0.00031
Indigo Girls - Left Me A Fool,0.00031
Don Ross - Berkley Springs,0.00031
Cat Stevens - Don't Be Shy,0.000298
Rachmaninov. Sergey - Etudes-tableaux. For Piano. Op. 33,0.000292
Faure. Gabriel - Impromptu for piano No. 3 in A flat major. Op. 34,0.000292
Baguer. Carlos - Symphony No. 18 In B Flat Major,0.000291
Boccherini. Luigi - Symphony In D Major. G. 503 (Op. 12?1),0.00029
Band Of Horses - Is There A Ghost,0.000283
Rosetti. Antonio - Symphony In C Major. A 9?K 1 No 21,0.000266
Cherubini. Luigi - Overtures,0.000252
Laurie Z. - The Mysterious Painter,0.000252
Funck. David - Suite In D,0.00025
Liquid Mind - Breathe In Me,0.00025
Yolanda Kondonassis (Holiday) - Bring A Torch. Jeannette. Isabella,0.000245
Chopin. Fryderyk - Nocturnes (3) For Piano. Op. 9. Ct. 108-110,0.000235
Boccherini. Luigi - Symphony In E Flat Major. G. 513 (Op. 35?5),0.000234
Verdi. Giuseppe - Nabucco. Opera (Nabucodonosor),0.000231
Jay Reatard - We Who Wait,0.000227
Dan Crary - Amsterdance,0.00022
Adele - Hometown Glory,0.000217
Rosetti. Antonio - Symphony In G Major. A 40?K 1 No 22,0.000215
Liquid Mind - Thought Museum,0.000213
Laurence Juber (Holiday) - Away In A Manger,0.000212
Jay Reatard - Oh It's Such A Shame,0.000212
Baguer. Carlos - Symphony No. 13 In E Flat Major,0.000211
Faure. Gabriel - Piano Trio In D Minor. Op. 120,0.000208
Ralph Stanley & The Clinch Mountain Boys - Calling My Children Home,0.000208
David Grisman & Tony Rice - Grandfather's Clock,0.000201
Rachmaninov. Sergey - Moments Musicaux (6) For Piano. Op. 16,0.000194
Jean-Luc Ponty - Eulogy To Oscar Romero,0.000194
"Berwald. Franz - Symphony No. 2 In D. ""Sinfonie Capricieuse""",0.000189
Rachmaninov. Sergey - Piano Concerto No. 4 In G Minor. Op. 40,0.000187
Markus Reuter - Read Aloud In Cold Blood,0.000185
Jon Schmidt - Passages,0.000184
Rachmaninov. Sergey - Preludes (10) For Piano. Op. 23,0.000182
Todd Collins (Holiday) - Angels We Have Heard On High,0.000175
Deepak Chopra & Adam Plack - Serenity,0.000174
Rosetti. Antonio - Symphony In F Major. A 33?K 1 No 24,0.000174
Butch Thompson (Holiday) - Ave Maria,0.000173
Mice Parade - Circle None,0.000168
Boccherini. Luigi - Symphony In C Minor. G. 519 (Op. 41),0.000166
Dan Crary - Reedie's Blues,0.000159
Dan Crary - Cape Foulweather,0.000156
Grey Daturas - Hanging Man Is No Peacock,0.000151
Janet Beazley - White (Long Time Travelin'),0.000149
Butch Thompson (Holiday) - God Rest Ye Merry Gentlemen,0.000143
Blackmore's Night (Holiday) - Ding Dong Merrily On High,0.000142
Will Ackerman - If You Look,0.000141
Flatfoot 56 - Brotherhood,0.000139
Lorie Line - Faith Of Our Fathers,0.000134
Rachmaninov. Sergey - Piano Concerto No. 1 In F Sharp Minor. Op. 1,0.000129
Jennifer Haines (Holiday) - Cantique De Noel (O Holy Night),0.000116
Will Ackerman (Holiday) - Emmanuel,0.000116
Rachmaninov. Sergey - Rhapsody On A Theme Of Paganini (Introduction And 24 Variations). In A Minor For Piano & Orchestra. Op. 43,0.000115
Lorie Line - I Surrender All,0.000115
Finbar & Eddie Furey - Curragh Of Kildare,0.000113
Couperin. Francois - L'Espagnole (La Visionnaire). For 2 Violins & Continuo (Les Nations),0.000112
Teddy Wilson - Easy To Love,0.000112
Kokomo Arnold - Milk Cow Blues,0.000111
Boyce. William - Trio Sonata No. 9 In C Major,0.000111
Jim Taylor - Little Rose Is Gone. Billy In The Lowground,0.00011
Chopin. Fryderyk - Etudes (12) for piano. Op. 25. CT. 26-37,0.000109
Faure. Gabriel - Sonata For Cello & Piano No. 2 In G Minor. Op. 117,0.000109
Tommy Johnson - Cool Drink Of Water Blues,0.000106
Stars Of The Lid - Even If You're Never Awake,0.000093
Liz Story (Holiday) - O Thou Joyful Day - O Little Town of Bethlehem,0.000089
John R. Burr - For The Asking,0.000084
Teddy Wilson - Mean To Me,0.000082
Robin Bullock - Rigler's March-Rex's Rambles,0.000082
Rachmaninov. Sergey - Piano Concerto No. 2 In C Minor. Op. 18,0.000078
Chris Bocast - Hearts' Rest,0.000077
Bruce Molsky - Buckdancer's Choice,0.000074
Butch Thompson (Holiday) - We Three Kings,0.000073
Chopin. Fryderyk - Piano Sonata No. 3 in B minor. Op. 58. CT. 203,0.00007
Chopin. Fryderyk - Nocturnes (3) for piano. Op. 15. CT. 111-113,0.000067
Chopin. Fryderyk - Nocturnes (2) for piano. Op. 48. CT. 120-121,0.000058
Robin Guthrie & Harold Budd - Childhood Lost,0.000045
Scott Solter - Desert Trains,0.000044
Loscil - Kursk,0.00004
Clint Mansell & Kronos Quartet - Lux Aeterna,0.000038
Black Lips - Can't Dance,0.000037
Chopin. Fryderyk - Impromptu for piano in G flat major. Op. 51. CT. 45,0.000034
Decal - Some Kind Of Random,0.000031
Lorie Line - Norwegian Wood,0.000031
Schumann. Robert - Romances (3) for piano. Op. 28,0.000029
Lorie Line - Think Of Me,0.000013