id,song,jazz
858,Corciolli - Rain,0.979566
673,Steve Lacy - Alone Together,0.948645
856,Corciolli - Work (Water),0.935583
295,Peggy Lee & Art Lund (Holiday) - Winter Weather,0.935409
315,Daevid Allen - Untitled,0.93442
518,Sonny Rollins - Paradox,0.896609
1652,Robin Guthrie & Harold Budd - Childhood Lost,0.892139
853,Corciolli - Children (Lake),0.889127
1111,"Verdi, Giuseppe - Luisa Miller, Opera",0.882352
865,The Allman Brothers Band - Mountain Jam (Live),0.880513
966,Skafish (Holiday) - Joy To The World,0.870807
170,"Rachmaninov, Sergey - Etudes-tableaux, For Piano, Op. 33",0.863726
538,Dan Gibson - Adventureous Spirit,0.859942
857,Corciolli - Friends (Sky),0.853639
611,"Chopin, Fryderyk - Nocturnes (3) for piano, Op. 15, CT. 111-113",0.848981
1673,Jimmy Forrest - By The River Sainte Marie,0.825276
476,Cannonball Adderley - Autumn Leaves,0.821844
794,Harry James & Benny Goodman - Life Goes To A Party,0.819238
1434,Eric Harringer & John Paul Lacey - Ageless,0.816154
1601,Milt Jackson - Namesake,0.811628
838,Teddy Wilson - Flyin' Home,0.77966
835,Teddy Wilson - In The Mood,0.775603
1364,Caia - Afterwards @ The Bar,0.773022
1142,Lou Blackburn - Secret Love,0.77108
356,James P. Johnson - What Is This Thing Called Love,0.769619
537,Dan Gibson - The Fallen Leaves,0.768474
1637,Donald Byrd & Doug Watkins - If I Love Again,0.768075
967,"Skafish (Holiday) - O Come, O Come Emmanuel",0.749951
1314,Lee Morgan - Hocus Pocus,0.742453
1374,Bunny Berigan - Plantation Moods,0.739387
609,"Chopin, Fryderyk - Nocturnes (2) for piano, Op. 48, CT. 120-121",0.738824
671,Scott Solter - Desert Trains,0.736083
525,Jean-Luc Ponty - Eulogy To Oscar Romero,0.735793
377,Junior Mance Trio - Smokey Blues (Live),0.733955
520,Sonny Rollins - St. Thomas,0.727758
839,Teddy Wilson - King Porter Stomp,0.727274
1599,Milt Jackson - Enigma,0.721995
885,Toshiko Akiyoshi - 52nd St. Theme,0.718956
1807,Keith Oxman - Serenity,0.718915
875,Craig Pilo - Early Cynical Mystery,0.717492
984,Paul Bley - Time On My Hands,0.716742
1235,Clifford Brown - Hymn Of The Orient,0.716099
510,Sonny Rollins - On Green Dolphin Street,0.715963
40,Ella Fitzgerald - These Foolish Things,0.708114
1375,Bunny Berigan - Sobbin' Blues,0.707107
935,Wes Montgomery - Full House (Live),0.701719
287,The Sons Of The West - Panhandle Shuffle,0.691489
761,The Youth Choir Of Saint-Francois De Versailles (Holiday) - Guillo Take Your Tambourine,0.69143
1432,Eric Harringer & John Paul Lacey - Nature's Way,0.688079
536,Dan Gibson - Cool Forest Rain,0.687258
1113,"Verdi, Giuseppe - Nabucco, Opera (Nabucodonosor)",0.686702
1141,Lou Blackburn - I Cover The Waterfront,0.678286
570,Lowell Fulson - Guitar Shuffle,0.676809
743,Lee Morgan Quintet - The Gigolo,0.672409
3,Deuter - Coral Gardens,0.666353
908,Branford Marsalis - Swingin' At The Haven,0.660442
1541,Tommy Flanagan - Rough Ridin',0.646222
522,Sonny Rollins - There Are Such Things,0.644252
257,Antonio Carlos Jobim - Agua De Beber (Live),0.643811
1206,Pete Fountain - The Darktown Strutters' Ball,0.643552
1473,The Four Aces - Mister Sandman,0.642724
105,The George Lewis Band - Pork Chop,0.642683
462,Flip Phillips - Dream A Little Dream Of Me,0.64006
278,Otis Spann - Mule Kicking In My Stall,0.639283
34,Ella Fitzgerald - Crying Mood,0.631714
139,Lester Young - Six Cats And A Prince (Master Take),0.630898
1502,Kai Winding - Impulse,0.630546
1248,"Will Bradley & His Orchestra - When You And I Were Young, Maggie",0.630138
266,Antonio Carlos Jobim - Vivo Sonhando,0.624342
342,Chick Corea Elektric Band - Lifescape,0.621681
1382,"Eddie ""Lockjaw"" Davis - Trane Whistle",0.620602
1750,Frank Foster - John R. And Garfield,0.61568
1200,Tommy Johnson - Maggie Campbell,0.613942
1334,The Beatles - A Day In The Life,0.613489
1691,Pee Wee Hunt & His Orchestra - Charleston,0.612253
1628,Michael Burns - Into Nothing (Hamel's Last Time For 9 Mix),0.609138
1233,Clifford Brown - Brownie Speaks,0.606776
965,Skafish (Holiday) - Jingle Bells,0.606033
1763,Tommy Flanagan Trio - Eclypso,0.605685
513,Sonny Rollins - Ev'ry Time We Say Goodbye,0.603141
1306,Digital Underground - Same Song,0.602537
1602,Milt Jackson - Sweet And Lovely,0.594036
1236,Clifford Brown - Love Is A Many Splendored Thing,0.591999
240,Jerry Bergonzi - Outhouse,0.591942
521,Sonny Rollins - Striver's Row (Live),0.586687
344,"Haden, Charlie, And Quartet West - Moonlight Serenade",0.576514
262,Antonio Carlos Jobim - Agua De Beber,0.566215
1436,Eric Harringer & John Paul Lacey - Morning Dew,0.564158
1435,Eric Harringer & John Paul Lacey - Whispering Winds,0.562806
1608,Ben Webster - Someone To Watch Over Me,0.556208
1199,Tommy Johnson - Lonesome Home Blues (Take 2),0.549622
512,Sonny Rollins - A Nightingale Sang In Berkeley Square (Live),0.548497
1203,Pete Fountain - Just A Closer Walk With Thee,0.546347
519,Sonny Rollins - Pent Up House,0.544075
167,"Rachmaninov, Sergey - Piano Concerto No. 3 In D Minor, Op. 30",0.530369
355,James P. Johnson - Keepin' Out Of Mischief Now,0.525537
242,Sound Providers - Autumn's Evening Breeze,0.524744
1598,Milt Jackson - Bags Of Blue (Live),0.52198
516,Sonny Rollins - Moritat (Mack The Knife),0.521336
1112,"Verdi, Giuseppe - Macbeth, Opera",0.521085
996,Bill Connors - It Be FM,0.519287
629,Toquinho & Paulinho Da Viola - Tarde Em Itapoa (live),0.518925
470,Cab Calloway - Limehouse Blues,0.511123
1540,Tommy Flanagan - While You Are Gone,0.506678
924,Augustus Pablo - East Africa,0.504106
95,Jurgen Paape - Take That,0.496025
1204,Pete Fountain - Someday Sweetheart,0.490927
323,John Scofield - A Go Go,0.490148
208,J-Dilla - Take Notice,0.4897
110,Robert Johnson - Last Fair Deal Gone Down,0.482722
64,Leroy Carr - Sloppy Drunk Blues,0.482002
169,"Rachmaninov, Sergey - Rhapsody On A Theme Of Paganini (Introduction And 24 Variations), In A Minor For Piano & Orchestra, Op. 43",0.479351
1115,Mildred Bailey (Holiday) - I've Got My Love To Keep Me Warm (feat. Red Norvo),0.462578
209,J-Dilla - Won't Do (Instrumental),0.461998
526,Jean-Luc Ponty - Still In Love,0.45019
672,Dave Holland - Blue,0.449074
936,Wes Montgomery - If I Should Lose You (Take 2-Alternate),0.448552
511,Sonny Rollins - 'Round Midnight,0.447023
1110,"Verdi, Giuseppe - La Traviata, Opera",0.446844
264,Antonio Carlos Jobim - O Grande Amor,0.444796
1503,Kai Winding - Trombone For Two,0.442682
136,Lester Young - Foggy Day (Live At Birdland),0.441439
414,Glen Brown - Wicked Tumbling Version,0.436574
700,Booker Ervin - Lynn's Tune,0.432726
1513,Furry Lewis - Mistreatin' Mama,0.432555
354,James P. Johnson - I've Got A Feeling I'm Falling,0.432199
514,Sonny Rollins - Like Someone In Love,0.431479
659,The Cotton Pickers - Hot Lips,0.427563
1189,Covenant - Dead Stars (Version),0.425955
950,Cat Stevens - Moonshadow (Live),0.425718
1299,The Gene Harris Quartet - Sweet And Lovely,0.425393
1326,The Beatles - A Day In The Life (Love Version),0.425137
1260,Mumbles - Prema's Dilema,0.418451
1475,Stevie Wonder - I Wish (Live),0.41203
769,"Anthony Wonsey Trio - Just You, Just Me",0.410429
607,"Chopin, Fryderyk - Etudes (12) for piano, Op. 25, CT. 26-37",0.409751
210,Leftover Salmon - Bend In The River (Live),0.407067
429,Marcus Johnson - Just Doing What I Do,0.40174
1170,Cal Tjader - Mambo In Miami,0.401731
313,The Brand New Heavies - BNH,0.40161
1384,Sade - Paradise,0.399213
1122,Tony Bennett - Steppin' Out With My Baby,0.398187
1315,Lee Morgan - Sneaky Pete,0.397853
1687,Filter - Hey Man Nice Shot,0.393055
325,John Scofield - Boozer,0.386168
844,The Pharcyde - Passing Me By,0.385654
489,Larry Carlton - Roll With It,0.380497
1298,The Gene Harris Quartet - The Song Is Ended,0.377565
348,Peter White - What Does It Take To Win Your Love,0.374233
840,Teddy Wilson - Mean To Me,0.372578
981,Pete Robbins - Screwgun,0.372329
1733,Cedar Walton Trio - I Mean You,0.369564
608,"Chopin, Fryderyk - Impromptu for piano in G flat major, Op. 51, CT. 45",0.366072
1197,Tommy Johnson - Big Fat Mama Blues,0.362088
808,Lee Ritenour & Larry Carlton - Crosstown Kids,0.351759
427,Scorpions - No One Like You,0.350993
1501,Kai Winding - Doodlin',0.350822
612,"Chopin, Fryderyk - Piano Sonata No. 3 in B minor, Op. 58, CT. 203",0.349593
113,Robert Johnson - I'm A Steady Rollin' Man,0.346959
163,Leftfield - Swords,0.346706
1047,Dave Biller & Jeremy Wakefield - Martian Guts,0.343867
1433,Eric Harringer & John Paul Lacey - Romance,0.343346
645,Jay Reatard - Turning Blue,0.342863
292,Josh White - New Milk Cow Blues,0.342128
1716,Junior Brown - Broke Down South Of Dallas,0.340997
495,Eddie Boyd - Best I Could,0.339346
1393,Marvin Sapp - Give Thanks,0.335881
137,"Lester Young - Jump, Lester, Jump",0.334522
550,Jeff Lorber - Chopsticks,0.332116
957,Tex Beneke - I Know,0.328181
1825,As One - Contours,0.327312
1169,Cal Tjader - Sambo Do Suenho,0.326603
1280,The David Grisman Quintet - Cedar Hill (live),0.326447
614,Rah - Wave,0.323173
1214,Les Brown And His Band Of Renown - The Sweetheart Of Sigma Chi,0.322446
78,"Schumann, Robert - Romances (3) for piano, Op. 28",0.319045
155,Justin Hinds & The Dominoes - Carry Go Bring Come (Rocksteady),0.315157
1600,Milt Jackson - Little Girl Blue (Live),0.31349
1527,"Marvin Gaye - Got To Give It Up, Part 1 ( Live)",0.312885
1462,Sonorous - Pronotonic,0.31275
281,Otis Spann - Rock Me Mama,0.310619
263,Antonio Carlos Jobim - Children's Games,0.310157
109,Robert Johnson - I Believe I'll Dust My Broom,0.308672
1694,"Fiorillo, Federigo - Concerto For Violin & Orchestra No 1 In F",0.305098
869,Willie Banks - God's Goodness,0.302354
590,Mickey Hart & Zakir Hussain - Funky Zena,0.301168
1765,Kenny Clarke's Sextet - Oblique,0.300037
517,Sonny Rollins - On A Slow Boat To China,0.299848
1497,Van Morrison - Gloria (Performed By Them),0.296883
626,Orchestral Manoeuvres In The Dark - If You Leave,0.296825
1358,"James Brown - Super Bad, PTS.1&2",0.29294
501,Kit McClure Band - One O'clock Jump,0.291349
97,John Zorn - Zhakor,0.286266
543,Black Lips - Boone,0.285417
1246,Tim O'Brien - Johnny Don't Get Drunk ? Rye Straw,0.284333
176,"Rachmaninov, Sergey - Symphony No. 2 in E minor, Op. 27",0.28361
789,Gotan Project - Vuelvo Al Sur,0.278912
1528,Marvin Gaye - Got To Give It Up,0.277583
895,Kidz In The Hall - The In Crowd,0.277265
1587,Hugo Montenegro & His Orchestra - Theme From A Fistful Of Dollars,0.276805
84,Asleep At The Wheel - Stay All Night,0.275356
1609,Ben Webster - Tenderly,0.274736
684,Jimmy Buffett - Come Monday,0.274431
1424,Fastball - Morning Star,0.2733
83,Asleep At The Wheel - Cotton-Eyed Joe,0.27267
173,"Rachmaninov, Sergey - Preludes (13) For Piano, Op. 32",0.272613
1677,Doc Watson - Billy In The Low Ground (Live),0.271814
172,"Rachmaninov, Sergey - Preludes (10) For Piano, Op. 23",0.271219
1059,Brian Eno - Zawinul ? Lava,0.271038
937,Wes Montgomery - Watch What Happens,0.270768
1226,"Cherubini, Luigi - String Quartet No. 6 In A Minor",0.270447
35,Ella Fitzgerald - Guilty,0.270076
732,Gene Ammons - My Romance,0.269768
938,Wes Montgomery - Road Song,0.269554
654,Heritage Hall Jazz Band (Holiday) - Silver Bells,0.26878
1813,Sam Bush - Big Mon,0.268585
640,Dean Martin - You're Nobody Till Somebody Loves You,0.267867
1659,George Acosta - Precious,0.267823
997,Ruben Studdard - Goin' Up Yonder,0.265945
63,Leroy Carr - My Woman's Gone Wrong,0.265875
1564,Traffic - Pearly Queen,0.265558
1814,Sam Bush - Harbor Docks,0.263489
312,Cal Bennett - Whole Soul Stroll (Live),0.263318
716,HH - Planetary,0.263214
107,Alexander O'Neal (Holiday) - The Christmas Song (Chestnuts Roasting On An Open Fire),0.262999
1657,George Acosta - Silence (DJ Tiesto's In Search Of Sunrise Remix),0.262887
259,Antonio Carlos Jobim - Amor Em Paz (Once I Loved),0.262084
1245,Houston Person - Two Rb's,0.261641
1821,Sam Bush - Same Ol' River (live),0.261553
888,Little Walter - Blue Baby Hard Times,0.260142
472,Benny Carter - Long Ago And Far Away,0.259747
477,Cannonball Adderley - You' re A Weaver Of Dreams,0.258983
297,Herman's Hermits - I'm Into Something Good,0.257361
471,Benny Carter - Laura,0.256874
301,Maynard Ferguson - The Wailing Boat (Live),0.254941
341,Chick Corea Elektric Band - Beneath The Mask,0.254776
693,The Smokin' Joe Kubek Band - Mean Old World,0.253267
166,"Rachmaninov, Sergey - Piano Concerto No. 2 In C Minor, Op. 18",0.252075
541,Black Lips - O Katrina!,0.251689
1539,The Association - Never My Love,0.250478
147,Paul Horn - Now Hear This,0.250003
71,Melvin Taylor - Texas Flood,0.249373
759,"Berwald, Franz - Symphony No. 2 In D, ""Sinfonie Capricieuse""",0.248636
1522,Marvin Gaye - Sexual healing,0.247114
1156,Creative Music Services Musicians (Holiday) - O Christmas Tree,0.246371
1799,Nate Dogg (Holiday) - Be Thankful,0.246311
948,Cat Stevens - Wild World,0.246103
1808,Sugarloaf - Green-Eyed Lady,0.245883
1032,"Boccherini, Luigi - Symphony In B Flat Major, G. 497 (Op. 21?5)",0.245661
679,Tex Atchison - Tennessee Hound Dog,0.245553
717,Spyro Gyra - Believe,0.244784
1603,Milt Jackson - The Song Is Ended,0.243429
117,Sharon Jones & The Dap-Kings - Be Easy,0.242918
1458,Del Tha Funkee Homosapien - Burnt (feat. The Hyrogliphics),0.24189
1575,Scratch - Square One (feat. Bilal),0.239549
1701,Tim Track - Panic Voice,0.238388
1445,"Dittersdorf, Karl Ditters von - Sinfonia In D Major, (""Il Combatiimento Delle Passioni Umani""), Grave D16",0.238152
1499,Van Morrison - Tupelo Honey,0.237549
96,Tommy Jarrell - The Drunken Hiccups,0.237188
369,The Nomads - Situations,0.23501
463,Anita Ward - Ring My Bell,0.234765
994,Visionaries - Love (Hip-Hop),0.234667
324,John Scofield - Beep Beep,0.231694
1782,Goodie Mob - The Day After,0.231212
310,Binary Finary - 1999,0.230927
250,The Animals - I Put A Spell On You,0.230355
568,Lowell Fulson - Reconsider Baby,0.229751
506,Stars Of The Lid - A Meaningful Moment Through A Meaning(Less) Process,0.229604
1051,Dire Straits - So Far Away,0.22851
1671,Mr. Scruff - Chipmunk,0.228298
1476,Stevie Wonder - Do I Do,0.226917
1452,"Mahler, Gustav - Symphony No. 6 in A minor (""Tragic"")",0.226505
327,John Scofield - Rule Of Thumb,0.226467
174,"Rachmaninov, Sergey - Symphonic Dances, for orchestra (or 2 pianos), Op. 45",0.226233
101,Bing Crosby - You Must Have Been A Beautiful Baby,0.226189
168,"Rachmaninov, Sergey - Piano Concerto No. 4 In G Minor, Op. 40",0.225034
127,The Soul Survivors - Hey Gyp,0.223909
1219,David Massengill - My First Kiss,0.22339
261,Antonio Carlos Jobim - Tide,0.223321
1376,Bunny Berigan - The Buzzard,0.222346
1759,"Lefty Frizzell - Saginaw, Michigan",0.220698
112,Robert Johnson - Traveling Riverside Blues,0.220504
1474,Stevie Wonder - Higher Ground,0.220425
177,"Rachmaninov, Sergey - The Isle of the Dead, symphonic poem, Op. 29",0.2198
932,Peaches & Herb - Shake Your Groove Thing,0.218865
1446,"Dittersdorf, Karl Ditters von - Concerto For Viola & Orchestra In F",0.218214
1795,Seu Jorge - O Samba Tai,0.217491
1029,"Boccherini, Luigi - String Quartet in A major, G. 213 (Op. 39)",0.216414
860,Glen Gray & The Casa Loma Orchestra - Who's Sorry Now?,0.215998
350,Seal - Wild,0.215834
1526,Marvin Gaye - What's Going On,0.214857
1039,"Boccherini, Luigi - Symphony In C Major, G. 495 (Op. 21?3)",0.214612
204,BBC Big Band Orchestra - On The Sunny Side Of The Street,0.214254
728,J.B. Lenoir - Louise,0.214082
1255,Prince - I Wanna Be Your Lover,0.213715
221,Omens - Searching,0.211183
1190,Covenant - Figurehead,0.211046
162,"Strauss, Richard - Macbeth, Tone Poem For Orchestra, Op. 23 (TrV 163)",0.209533
763,N.W.A. - Real Niggaz Don't Die,0.208947
584,The Manhattans - Kiss And Say Goodbye,0.208413
1247,Gouryella - Walhalla,0.207873
309,The Paul Butterfield Blues Band - Love Her With A Feeling,0.207415
279,Otis Spann - Home To Mississippi,0.206985
1720,Junior Brown - I Hung It Up,0.205268
1205,Pete Fountain - High Society,0.205183
1074,Jimmy Somerville - To Love Somebody,0.204333
1234,Clifford Brown - Donna Lee (live),0.201933
80,"Schumann, Robert - String Quartet No. 2 in F major, Op. 41?2",0.201407
343,Chick Corea Elektric Band - Passage,0.199637
1745,Nine Inch Nails - Zero Sum (Stephen Morris & Gillian Gilbert Remix),0.199015
604,Buddy Bregman - Derek's Blues,0.197863
634,Harold Melvin & The Blue Notes - Don't Leave Me This Way,0.197076
1121,Tony Bennett - What A Wonderful World,0.196004
17,Little Milton - My Back Scratcher,0.195304
1826,As One - In The Arms Of You,0.194839
290,"Josh White - Bonbons, Chocolate, And Chewing Gum",0.193905
892,Dan The Automator - Sleep,0.193286
1034,"Boccherini, Luigi - Symphony In D Major, G. 496 (Op. 21?4)",0.192203
1444,"Dittersdorf, Karl Ditters von - Sinfonia In A Major, (""Sinfonia Nazionale Nel Gusto Di Cinque Nazioni""), Grave A10",0.192061
864,The Allman Brothers Band - Long Time Gone,0.191907
1037,"Boccherini, Luigi - Symphony In E Flat Major, G. 513 (Op. 35?5)",0.191364
1863,"The Dukes Of Dixieland - Sunrise, Sunset",0.191001
1056,James Cotton - Take Me Back,0.190173
595,"Boyce, William - Trio Sonata No. 9 In C Major",0.189602
558,"Mealli, Giovanni - Sonata For Violin & Continuo, Op. 3?6 (""La Sabbatina"")",0.189207
572,"Lowell Fulson - No More, Pt. 1",0.187693
42,Ella Fitzgerald - Bidin' My Time,0.186988
337,Bonerama - Funky Miracle,0.186218
1505,Juno Reactor - Conga Fury (Animatrix Mix),0.186162
129,"Rosetti, Antonio - Symphony In D Major, A 12?K 1 No 12",0.185062
836,Teddy Wilson - Body And Soul,0.185017
1454,Say Hi To Your Mom - Blah Blah Blah,0.184808
317,Kenny Rogers (Holiday) - White Christmas,0.184667
478,Bill Haley & His Comets - (We're Gonna) Rock Around The Clock,0.18452
32,Ella Fitzgerald - A Fine Romance,0.182834
718,Spyro Gyra - Summer Fling,0.182651
819,Corona - Rythym Of The Night,0.181795
416,Toots Thielemans & Elis Regina - Aquarela Do Brasil,0.181082
706,Al Stewart - Time Passages,0.180522
1049,Dire Straits - Sultans Of Swing,0.180214
1640,Lauryn Hill - Ex-Factor,0.179745
1707,"Lee Ann Womack (Holiday) - Baby It's Cold Outside (feat. Harry Connick, Jr.)",0.179518
82,Tricky - Aftermath,0.179436
1232,Down To The Bone - Cellar Funk,0.179231
1264,Dead Confederate - Shadow The Walls,0.179215
175,"Rachmaninov, Sergey - Symphony No. 1 in D minor, Op. 13 (lost; reconstructed from piano duets and orch. fragments)",0.178628
1481,Stevie Wonder - Ribbon In The Sky,0.178343
641,Dean Martin - Ain't That A Kick In The Head,0.178167
374,Robert Shaw Chorale (Holiday) - Carol Of The Bells ? Deck The Halls,0.177406
361,Assemblage 23 - Longevity,0.175615
567,Lowell Fulson - Western Union Blues,0.174896
358,BR549 - Georgia On A Fast Train,0.174855
1098,Social Distortion - Cold Feelings,0.17406
847,The Pharcyde - Groupie Therapy (Instrumental),0.173547
184,Chubby Checker - Let' Stwist Again,0.172386
1817,Sam Bush - Song For Roy,0.171452
468,Soda Stereo - Paseando Por Roma,0.171426
642,Dean Martin - Mr. Wonderful (Live),0.17119
863,The Allman Brothers Band - Can't Take It With You,0.171092
1020,"Boccherini, Luigi - Quintet For Guitar & Strings In E Minor, G. 451 (arrangement Piano Quintet, G. 407)",0.170588
1718,Junior Brown - Gotta Get Up Everymorning,0.169471
1779,Christina Aguilera (Holiday) - The Christmas Song,0.168815
122,Sean Hayes - Rattlesnake Charm (Dream Machine),0.168745
1811,Jarabe De Palo - Agua,0.168184
277,Otis Spann - I'm Ready,0.168075
1007,"Boccherini, Luigi - Cello Concerto In C Major, G. 573",0.168008
887,Little Walter - Bad Acting Woman,0.167624
1140,Ella Fitzgerald & Louis Armstrong - Cheek To Cheek,0.167386
441,Bob Brookmeyer - Skylark,0.166992
1692,Pee Wee Hunt & His Orchestra - Twelfth Street Rag,0.166676
1704,Robert Earl Keen - Feelin' Good Again (Live),0.166365
1430,Eric Harringer & John Paul Lacey - Morning Sun,0.166229
1330,The Beatles - Michelle,0.165326
37,Ella Fitzgerald - It's Only A Paper Moon,0.164441
422,Hank Williams III - Crazed Country Rebel,0.163401
760,Les Paul & Mary Ford - How High The Moon,0.163274
1675,Doc Watson - Liitle Orphan Girl (Live),0.162499
1309,Tipica 73 - Cachita,0.162085
289,Josh White - Uncle Sam Says,0.162046
1466,Passion - Glorious,0.161609
917,Dan Crary - Senso Unico,0.161189
161,"Strauss, Richard - Eine Alpensinfonie (An Alpine Symphony) For Orchestra, Op. 64 (TrV 233)",0.160967
1322,The Beatles - Maxwell's Silver Hammer,0.160298
104,Bing Crosby - I Don't Know Why (live),0.158623
182,Steve Winwood - While You See A Chance,0.158596
165,"Rachmaninov, Sergey - Piano Concerto No. 1 In F Sharp Minor, Op. 1",0.158473
357,James P. Johnson - You've Got To Be Modernistic,0.157989
662,Ryan Montbleau Band - Stretch,0.157964
121,Sharon Jones & The Dap-Kings - Nobody's Baby,0.156852
1592,System F - Out Of The Blue,0.156439
143,Slim Harpo - You Can't Make It,0.155927
417,Lorie Line - Think Of Me,0.153807
300,Maynard Ferguson - Everybody Moan,0.153617
293,Josh White - One For My Baby,0.152902
1840,2Pac (Tupac) - Against All Odds,0.152269
260,Antonio Carlos Jobim - Insensatez (How Insensitive),0.151958
144,Silberbart - Head Tear Of The Drunken Sun,0.151436
265,Antonio Carlos Jobim - The Girl From Ipanema,0.150801
610,"Chopin, Fryderyk - Nocturnes (3) For Piano, Op. 9, Ct. 108-110",0.15079
638,Dean Martin - Everybody Loves Somebody,0.150473
637,Dean Martin - On The Street Where You Live,0.149805
43,Ella Fitzgerald - Darn That Dream,0.149786
1724,Junior Brown - You Didn't Have To Go All The Way,0.149631
1442,"Dittersdorf, Karl Ditters von - Concerto For Harp, 2 Oboes, 2 Horns & Stringorchestra In A Major",0.148977
1437,"John Jacob Niles (Holiday) - Jesus, Jesus, Rest Your Head",0.148572
1832,Zion - Zun Da Da,0.148425
299,Herman's Hermits - There's A Kind Of Hush,0.148288
467,Soda Stereo - Ella Uso Mi Cabeza Como Un Revolver,0.1481
1083,AC?DC - Moneytalks,0.147463
390,Rosalia De Souza - Ao Amigo Tom,0.147314
1238,Mose Andrews - Ten Pound Hammer,0.147048
24,RJD2 - Things Go Better,0.146734
1413,The Rolling Stones - Complicated,0.146492
203,BBC Big Band Orchestra - I'm Getting Sentimental Over You,0.145225
1843,2Pac (Tupac) - Death Around The Corner,0.145047
1487,Sky Saxon - Love Dog,0.145011
411,Wumpscut - Opening The Gates Of Hell,0.144929
1658,George Acosta - Another Way (Club Mix),0.144873
1009,"Boccherini, Luigi - Symphony In D Major, G. 509 (Op. 35?1)",0.144484
5,Deuter - Sea And Silence,0.144368
1768,David Grisman & Tony Rice - Swing '42,0.143368
1179,Don Ross - Klimbim,0.143129
1145,Daryl Coley - I Will Bless Your Name,0.142349
571,Lowell Fulson - I'm A Night Owl (Part 2),0.142052
94,Black Sheep - The Choice Is Yours (Revisited),0.1419
1075,Johnny Adams - Not Trustworthy (A Lyin' Woman),0.141755
979,Bessie Smith (Holiday) - At The Christmas Ball,0.140713
907,Loquat - Slow Fast Wait & See,0.140693
751,Tommy Emmanuel - The Hunt,0.140647
280,Otis Spann - Mr. Highway Man,0.140587
1500,Van Morrison - Domino,0.140486
249,The Animals - Don't Bring Me Down,0.140394
1198,Tommy Johnson - Cool Drink Of Water Blues,0.140006
1591,Bryan Lee - Just Like A Fish,0.139782
450,Arrested Development - Tennessee,0.139563
1678,Doc Watson - Jimmy's Texas Blues (Live),0.13934
1753,Roomful Of Blues (Holiday) - Have Yourself A Merry Little Christmas,0.13885
1748,Tom Rush - Mole's Moan,0.138581
1774,Howard Roberts - Watermelon Man,0.138427
971,Roni Size & Reprazent - Brown Paper Bag (Roni Size Full Rap Remix),0.138264
1303,Cold Grits - It's Your Thing,0.138136
90,"Antonio Vivaldi (Holiday) - Gloria In D Major, Et In Terra Pax",0.137817
822,!!! (Chk Chk Chk) - Hello? Is This Thing On,0.137608
1332,"The Beatles - Ob-La-Di, Ob-La-Da",0.13655
60,Doctor Ross - Tailor Made,0.134918
956,Tex Ritter - I've Found A New Baby (Instrumental),0.134605
189,Underworld - Born Slippy,0.134527
1036,"Boccherini, Luigi - Symphony In D Minor (""La Casa Del Diavolo""), G. 506 (Op. 12?4)",0.13422
326,John Scofield - Drop And Roll,0.13391
851,Talib Kweli - I Try,0.133898
890,Dan The Automator - Champions (Instrumental),0.13377
227,Johannes Linstead - Cielo Azul,0.133558
1123,Tony Bennett - The Best Man,0.133446
283,The Jam - Absolute Beginners,0.132096
973,Roni Size & Reprazent - Hi-Potent,0.131947
1614,Public Enemy - Don't Believe The Hype,0.131711
859,Maria Bethania & Gal Gosta - Sonho Meu,0.131328
1057,James Cotton - Blues For Jacklyn,0.131117
228,Johannes Linstead - La Rumbita,0.130437
1196,The Clovers - Devil Or Angel,0.130345
1225,"Cherubini, Luigi - Symphony In D Major",0.129994
1794,Naama Hillman - Falling,0.129764
1797,Don Carlos & Golo - Tear Drops,0.128588
19,RJD2 - All For You,0.128559
834,Teddy Wilson - I've Got A Crush On You,0.128557
694,L.T.D. - Back In Love Again,0.127813
479,"Bill Haley & His Comets - Shake, Rattle And Roll",0.125895
1686,Reno & Smiley - I Saw Your Face In The Moon,0.12531
1420,The Rolling Stones - I'm Free,0.124486
25,Bob Baldwin - I Wanna Be Where You Are,0.124468
1818,Sam Bush - Spooky Lane,0.124385
138,Lester Young - Prisoner Of Love,0.124155
632,"Couperin, Francois - Ignitum Eloquium Tuum, Motet Verset For 2 Sopranos, 2 Violins & Continuo (4 Versets D'un Motet)",0.123907
1740,Nine Inch Nails - Heresy,0.123749
464,Chuck Berry (Holiday) - Run Rudolph Run,0.123544
93,Black Sheep - The Choice Is Yours (Album Version),0.12343
1099,Social Distortion - Bad Luck,0.123293
575,Paul Oakenfold - Amsterdam,0.123279
1394,Marvin Sapp - Perfect Peace,0.122499
1550,Toots & The Maytals - Sweet And Dandy,0.122243
809,Poppa Hop & His Orchestra (Holiday) - Merry Christmas Darling,0.121923
1653,Jake Schepps - Bluff's Collar,0.121883
1160,"Harry Connick, Jr. - I Could Write A Book",0.121867
548,Liz Story (Holiday) - O Thou Joyful Day - O Little Town of Bethlehem,0.121867
1290,Donnie McClurkin - He's Calling You,0.121837
934,Jackie Wilson - Lonely Teardrops,0.121204
1423,Fastball - Are You Ready For The Fallout?,0.12107
555,Provision - Visualize,0.121054
1052,Shudder To Think - Goat,0.120624
1848,Gerry & The Pacemakers - See You In September,0.120573
1679,Doc Watson - Little Sadie,0.120433
391,Rosalia De Souza - Nem Que Seja A Nado,0.120388
1523,Marvin Gaye - Let's Get It On,0.119903
1820,Sam Bush - Mr. Freddie,0.119883
79,"Schumann, Robert - Cello Concerto in A minor, Op. 129",0.119713
1543,Suffocation - Reincremation,0.11924
850,The Pharcyde - Ya Mama (Instrumental),0.119036
830,Port O'Brien - Tree Bones,0.118811
978,"Lucky Thompson - Take The ""A"" Train",0.118677
752,Tommy Emmanuel - One Mint Julep,0.118331
691,Al Di Meola - Tangata De Alba,0.118282
1431,Eric Harringer & John Paul Lacey - Nature's Lullaby,0.118117
305,XTC - Roads Girdle The Globe,0.118099
1829,Wreckless Eric - Excuse Me,0.118014
1097,Johnny Maestro & The Crests - Angels Listened In,0.117646
1031,"Boccherini, Luigi - Symphony In A Major, G. 498 (Op. 21?6)",0.117181
1529,Marvin Gaye - I Want You,0.117047
487,Irish Rovers (Holiday) - We Wish You A Merry Christmas,0.11683
1157,The Essex - Easier Said Than Done,0.116134
186,Gladys Knight & The Pips - Best Thing That Ever Happened To Me,0.116103
925,Augustus Pablo - Give Praise (Norris Reid),0.115877
500,Anointed - Mighty Long Way,0.115846
1033,"Boccherini, Luigi - Symphony In C Minor, G. 519 (Op. 41)",0.115331
1172,Fairfield Four - How I Got Over,0.115324
183,Chubby Checker - Pony Time,0.114809
1182,La Sonora Dinamita - La Cortina,0.114676
1383,Sade - By Your Side,0.114535
333,Take 6 - Sing A Song,0.114521
1685,Reno & Smiley - Charlotte Breakdown,0.114426
400,The Century's - Hard Times,0.113836
1207,Pete Fountain - While We Danced At The Mardi Gras,0.113315
1717,Junior Brown - Freeborn Man,0.113223
180,Korn - Blind,0.112488
1349,The Beatles - Can't Buy Me Love,0.112452
1696,Charles Wright & The Watts 103rd Street Rhythm Band - Express Yourself,0.112345
1681,Doc Watson - Spike Driver Blues,0.111023
605,The Ray Conniff Singers (Holiday) - Santa Claus Is Coming To town,0.110915
1159,"Harry Connick, Jr. - It Had To Be You",0.110214
1595,Lynyrd Skynyrd - Free Bird (Live),0.110143
282,C.J. Chenier & The Rod Hot Louisiana Band - Bad Luck,0.10926
1212,"Jim Taylor - Little Rose Is Gone, Billy In The Lowground",0.109122
236,Victor Manuelle - Sin Querer Queriendo,0.108808
1153,Patrick Lundy - That's Who He Is (Live),0.10878
1342,The Beatles - She Came In Through The Bathroom Window,0.108695
1151,Converge - The Broken Vow,0.108229
1728,Eddie Fisher (Holiday) - My Favorite Things,0.108109
749,Bobo Thomas - Catfish Blues,0.108027
1369,"Boieldieu, Francois-Adrien - Concerto For Harp & Orchestra In C, Op.77",0.107981
1708,Lee Ann Womack (Holiday) - Let It Snow & Winter Wonderland,0.107876
14,Deuter - Marfa Lights 1,0.107104
449,Arrested Development - People Everyday (Reprise),0.106708
689,Al Di Meola - Black Pearls,0.106603
1643,The Troggs - Wild Thing,0.106234
1100,Novakill - Why Won't You Die!?!,0.106137
224,Melissa Ferrick - Fear And Time,0.106103
1137,Ella Fitzgerald & Louis Armstrong - Love Is Here To Stay,0.105991
432,Pepe Aguilar - Perdoname,0.105689
1605,Frank Sinatra & Bing Crosby (Holiday) - The Christmas Song ? White Christmas,0.105414
211,Leftover Salmon - Midnight Blues (feat. Del & Ronnie McCoury),0.104808
733,Pepe Bradock - Un Pepe Dans La Dentelle,0.104648
1421,The Rolling Stones - Gimme Shelter,0.10452
1515,Furry Lewis - Why Don't You Come Home Blues,0.104375
306,Project 86 - Something We Can't Be,0.104351
1301,Everton Blender - I Love Jah Jah,0.104185
363,Danny Gatton & Tom Principato - I'm On Fire (Live),0.103862
554,Lyle Lovett - That's Right (You're Not From Texas),0.10384
126,Dj Baby Anne & Jen Lasher - Fear2,0.103298
1524,Marvin Gaye - Mercy Mercy Me,0.102979
1063,Nitty Gritty Dirt Band - Fish Song,0.102842
1146,The Offspring - Can't Repeat,0.102787
1352,James Brown - Cold Sweat (Part 1),0.102384
960,Broken Social Scene - Fire Eye'd Boy,0.10228
1573,Andrae Crouch - Soon And Very Soon,0.102045
1833,Endre - Kallocain (Robert Nickson Remix),0.101997
1311,Kenny Loggins - Danger Zone,0.101732
6,Deuter - Buddha Nature,0.101462
453,Chet Atkins & Les Paul - It Had To Be You,0.101124
975,Roni Size & Reprazent - Snapshot,0.100509
1781,Goodie Mob - Soul Food,0.100355
1091,AC?DC - Hells Bells,0.100307
251,The Animals - See See Rider,0.100265
986,"Beck, Ignaz, Franz - Overture (Sinfonia) In G Major, Op. 1?5 (Callen 5)",0.100157
494,Burning Witch - Sea Hag,0.09987
1451,"Mahler, Gustav - Symphony No. 5 in C sharp minor",0.09951
740,Phil Collins - Another Day In Paradise (Live),0.099434
633,"Couperin, Francois - In Lectulo Meo",0.099401
1496,Van Morrison - Days Like This,0.099021
38,Ella Fitzgerald - Mood Indigo,0.098918
1404,Liquid Mind - Lullaby For Grownups,0.098853
657,Jimmy Ruffin - What Becomes Of The Brokenhearted,0.098541
926,Augustus Pablo - Maka,0.098519
1080,AC?DC - Dirty Deeds Done Dirt Cheap,0.097884
1672,Chino Espinoza -Los Duenos Del Son - Hector Lavoe Medley,0.097852
1417,The Rolling Stones - Ruby Tuesday,0.097839
243,The New Colony Six - I Lie Awake,0.097759
336,Bonerama - Freddie,0.097708
15,Freddie Jackson - You Are My Lady,0.097273
1426,Jr. Walker & The All Stars - Cleo's Mood,0.097072
50,Canned Heat (Holiday) - Christmas Blues,0.096725
729,Balearic Bill - Destination Sunshine,0.096414
1669,Brett Dennen - One Who Loves You The Most,0.096331
151,Waylon Jennings - San Francisco Mabel Joy,0.096067
600,Sex Pistols - Problems,0.095857
1618,Public Enemy - Fight The Power,0.095704
92,R.L. Burnside - When My First Wife Left Me,0.095364
376,Willie Nix - Prison Bound Blues,0.095346
76,"Schumann, Robert - Piano Concerto in A minor, Op. 54",0.095308
773,"Baguer, Carlos - Symphony No. 18 In B Flat Major",0.095095
1265,Dead Confederate - Tortured Artist Saint,0.095087
896,Kidz In The Hall - The Pledge,0.095065
1773,David Grisman & Tony Rice - Song For Two Pamelas,0.094678
338,Bonerama - Louie's Perch,0.094292
1276,Kitty Kallen - Little Things Mean A Lot,0.093738
848,The Pharcyde - On The DL (Instrumental),0.093609
1073,Bill Evans & Jim Hall - I Hear A Rhapsody,0.093484
1273,The Roots - Don't Feel Right (Instrumental),0.093218
153,Waylon Jennings - Clyde,0.093171
353,The Bird And The Bee - F*cking Boyfriend (Peaches Remix),0.09295
307,The Paul Butterfield Blues Band - Help Me,0.092612
1068,Nitty Gritty Dirt Band - Mr. Bojangles,0.092574
1772,David Grisman & Tony Rice - O Solo Mio,0.092223
739,Georges Street - The Tartar Frigate,0.092193
911,Dan Crary - Amsterdance,0.091755
1470,Passion - You Never Let Go,0.091665
1188,Lee Sykes - Lock Jaw,0.091312
1684,Doc Watson - Eastbound Train (Live),0.091231
2,Jon Schmidt - Solace,0.091116
1222,David Bowie - Rebel Rebel,0.091082
410,Wumpscut - Golgotha,0.090924
1048,Dire Straits - Once Upon A Time In The West,0.090766
772,"Baguer, Carlos - Symphony No. 13 In E Flat Major",0.090748
841,G. Love & Special Sauce - Love,0.090737
1328,The Beatles - Got To Get You Into My Life,0.090411
549,Lone Ranger - Collie Rock,0.089903
1385,Foghat - Dreamer,0.089897
1722,Junior Brown - Semi-Crazy,0.089737
837,Teddy Wilson - Easy To Love,0.089618
741,Phil Collins - Do You Remember?,0.089607
1715,Junior Brown - Freedome Machine,0.08942
796,Fats Waller (Holiday) - Winter Weather,0.089289
1177,Don Ross - Blue Bear,0.089153
499,"Crosby, Stills, Nash & Young - Woodstock",0.088373
443,David Wilcox - Common As The Rain,0.088072
219,Sevendust - Enemy,0.087835
1208,Big Al Carson (Holiday) - Santa Claus Is Comin' To Town,0.087724
644,Jay Reatard - Oh It's Such A Shame,0.087551
635,Wolfmother - Colossal,0.087524
1353,James Brown - Funky President,0.087367
1171,Cal Tjader - Stardust,0.087283
504,Stars Of The Lid - Broken Harbors? Part 1,0.087101
791,Delroy Wilson - I Can't Help Myself,0.086996
730,Seba & Lo-Tec - So Long,0.086943
1610,Redman - Tonights Da Night,0.086688
1341,The Beatles - Run For Your Life,0.086526
1521,Brian Culbertson - Say What? (feat. Steve Cole),0.08652
639,Dean Martin - Memories Are Made Of This,0.086511
719,"Faure, Gabriel - Impromptu for piano No. 3 in A flat major, Op. 34",0.086495
1857,Nas - Get Down,0.08649
701,Chris Bocast - Hearts' Rest,0.086464
748,The Dead Milkmen - Punk Rock Girl,0.086324
914,Dan Crary - Lime Rock,0.086228
588,Kenny G - The Way You Look Tonight,0.085733
1210,"Khachaturian, Aram - Masquerada, Suite From The Incidental Music For Orchestra (or Piano)",0.085211
562,Alison Krauss - Everytime You Say Goodbye,0.084985
660,Ryan Montbleau Band - Honeymoon Eyes,0.084858
1453,Moby Grape - Lazy Me,0.084747
898,Kidz In The Hall - Don't Stop,0.084625
1213,Les Brown And His Band Of Renown - Moonlight In Vermont,0.08462
832,Gaither Vocal Band - Swing Down Chariot,0.084478
1361,Gyptian - Take Me Higher,0.084407
1459,Del Tha Funkee Homosapien - If You Must,0.084313
1293,Loreena McKennitt (Holiday) - The Stockford Carol,0.084117
1191,Funkadelic - One Nation Under A Groove,0.083948
677,The Commodores - Easy,0.083527
1477,Stevie Wonder - Superstition,0.083369
1689,Filter - The Only Way (Is The Wrong Way),0.083261
1310,Billy Preston - Outa-Space,0.082955
754,Ray Charles & The Count Basie Orchestra - I Can't Stop Loving You,0.082717
1357,James Brown - Soul Power,0.08271
827,Jon Bon Jovi (Holiday) - Please Come Home For Christmas,0.082687
408,Mojo Nixon and the Toadliquors (Holiday) - Boogie Woogie Santa Claus,0.082631
821,!!! (Chk Chk Chk) - Me And Giuliani Down By The School Yard (A True Story),0.082589
1337,The Beatles - Get Back (Love Version),0.082072
488,Larry Carlton - Layla,0.081993
1562,Sarah McLachlan - Train Wreck,0.081959
1670,Brett Dennen - There Is So Much More,0.0817
1019,"Boccherini, Luigi - Quintet For Guitar & Strings In D Minor, G. 445 (arrangement Of Piano Quintet, G. 416)",0.081546
1239,Drive-By Truckers - Sink Hole,0.081533
968,Enanitos Verdes - Luz De Dia,0.081276
1650,Twilight 22 - Electric Kingdom,0.080934
1105,John Butler Trio - Funky Tonight,0.080787
826,4 Haven Knights - In My Lonely Room,0.080766
1138,Ella Fitzgerald & Louis Armstrong - A Foggy Day,0.080601
321,Hilary Stagg - Island Sweets,0.079876
232,Dave Swarbrick - Two Magicians,0.079821
1518,Furry Lewis - Falling Down Blues,0.079688
387,Chayanne - Y Tu Te Vas,0.079647
255,"Mendelssohn, Fanny - String Quartet In E Flat Major",0.0794
1520,The Pointer Sisters - Jump,0.079314
964,Broken Social Scene - Shampoo Suicide,0.079126
523,Labelle - Lady Marmalade,0.078911
613,"Chopin, Fryderyk - Waltzes (3) for piano, Op. 70, CT. 217-219",0.078428
72,The Orb - Once More (Bedrock Dub Mix),0.078367
774,"Baguer, Carlos - Symphony No. 16 In G Major",0.078262
29,Willie Colon & Ruben Blades - Ojos,0.078217
1106,"Verdi, Giuseppe - Sacred Pieces (4), For Chorus & Orchestra (Quattro Pezzi Sacri)",0.078174
901,Kidz In The Hall - Ritalin,0.077733
248,The Animals - Baby Let Me Take You Home,0.077636
1747,Lutan Fyah - No More Suffering,0.077579
1721,Junior Brown - My Wife Thinks Your Dead,0.077561
1578,Death Vessel - Dancers All,0.076839
1538,The Association - Windy,0.076452
727,Fugazi - Suggestion,0.07642
1776,Kate Nash - Habanera,0.076324
1630,Joseph Arthur - Favorite Girl,0.076201
273,Lucy Kaplansky - Written On The Back Of His Hand,0.076125
1288,Donnie McClurkin - Again,0.076116
1011,"Boccherini, Luigi - Cello Concerto In B Flat Major, G. 482",0.076114
1065,Nitty Gritty Dirt Band - You Are My Flower,0.076033
291,Josh White - Jesus Gonna Make Up My Dying Bed,0.075973
581,Mary Chapin Carpenter - Right Now,0.075915
1654,Jake Schepps - In The American West? Rocky Ford,0.075363
776,Boyz II Men (Holiday) - Let It Snow,0.074676
1237,The Young Tradition - Lyke Wake Dirge,0.074367
1139,Ella Fitzgerald & Louis Armstrong - Stars Fell On Alabama,0.074356
0,Jon Schmidt - Night Song,0.074336
792,Delroy Wilson - It's The Same Old Song,0.074146
1809,Marky Ramone - Blitzkrieg Bop,0.073488
435,Lazy Lester - Nothing But The Devil,0.073431
48,Robin Thicke - Complicated,0.073337
1249,Mercyme - Grace Tells Another Story,0.073259
974,Roni Size & Reprazent - Mexican,0.073122
627,Orchestral Manoeuvres In The Dark - Dreaming,0.072529
1566,Boz Scaggs - It All Went Down The Drain (Live),0.072368
569,Lowell Fulson - Everyday I Have The Blues,0.072123
57,Whitney Houston (Holiday) - Joy To The World,0.072002
1683,Doc Watson - Banks Of The Ohio (Live),0.071609
1662,George Acosta - Tranzy State Of Mind (Club Mix),0.07145
1038,"Boccherini, Luigi - Symphony In B Flat Major, G. 493 (Op. 21?1)",0.071389
1243,Midnight Star - Freak-A-Zoid,0.071207
431,Pepe Aguilar - Me Falta Valor,0.071168
1822,Sam Bush - The Dolphin Dance,0.071041
192,Jackson 5 - I Want You Back,0.070944
68,Outkast - Ms. Jackson,0.070876
515,Sonny Rollins - Manhattan,0.070436
1102,Ziggy Marley - Be Free,0.070336
1758,Huracanes Del Norte - Nomas Por Tu Culpa,0.069921
1304,Digital Underground - Doowutchyalike,0.069828
862,Michelle Branch - All You Wanted,0.06929
482,Butch Thompson (Holiday) - We Three Kings,0.069142
158,Richard Hell & The Voidoids - Love Comes In Spurts,0.068917
878,The Monkees - The Monkees,0.068866
1545,Marty Robbins (Holiday) - The Joy Of Christmas,0.068838
1555,Toots & The Maytals - Schooldays,0.068575
1267,Jennifer Haines (Holiday) - Cantique De Noel (O Holy Night),0.068377
1227,The Blakes - Commit,0.068309
1509,Darrell Evans - Trading My Sorrows,0.06824
703,The Royal Guardsmen - Snoopy Vs. The Red Baron,0.067663
421,Hank Williams III - Honky Tonk Girls,0.067581
497,Margot Meets The Melody Maker - Torch (Extrawelt Remix),0.067375
897,Kidz In The Hall - Wassup Jo',0.067181
602,Doc & Merle Watson - Big Spike Hammer,0.066747
598,Sex Pistols - New York,0.066683
1414,The Rolling Stones - Get Off Of My Cloud,0.066661
1012,"Boccherini, Luigi - Cello Concerto In C Major, G. 477",0.066646
1719,Junior Brown - Highway Patrol,0.066605
1006,"Boccherini, Luigi - Symphony In E Flat Major, G. 510 (Op. 35?2)",0.066505
1229,The Blakes - Modern Man,0.066359
855,Corciolli - Mikhael (Angel Of Divine Protection),0.066306
1132,Men Of Steel - In Flagrante (Live),0.066283
564,Alison Krauss - Whiskey Lullaby,0.066147
1292,Donnie McClurkin - Yes You Can,0.065744
619,Foo Fighters - Low,0.065495
116,Sharon Jones & The Dap-Kings - Let Them Knock,0.065426
1350,The Beatles - No Reply,0.065367
103,Bing Crosby - When You Wore A Tulip (live),0.065358
1215,Downhere - Feels Like Winter,0.065178
998,Ruben Studdard - Shout To The Lord,0.065138
532,Kokomo Arnold - Milk Cow Blues,0.065118
1131,Maxine Nightingale - Right Back Where We Started From,0.06489
81,Angelo - Save The Music,0.064678
1367,"The Cambridge Singers & Orchestra (Holiday) - Good Christian Men, Rejoice",0.06451
1762,Lefty Frizzell - I Love You A Thousand Ways,0.064231
1395,Gilberto Gil - Mancada,0.064229
191,Jackson 5 - Dancing Machine,0.063469
1586,Beres Hammond - Rock Away,0.063374
486,Irish Rovers (Holiday) - The Holly Bears The Crown,0.063308
658,Tetsu Inoue - Mini Moon,0.06317
235,Ned Luberecki - Emergency Pulloff,0.063102
1338,The Beatles - Help!,0.062971
883,Duran Duran - Ordinary World,0.062927
1596,Lynyrd Skynyrd - Sweet Home Alabama,0.0629
131,"Rosetti, Antonio - Symphony In C Major, A 9?K 1 No 21",0.062648
524,? And The Mysterians - Can't Get Enough Of You Baby,0.062539
1312,Jerry Jeff Walker - Gettin' By (Live),0.062298
1494,Steve Roach & Robert Rich - Silk Ridge,0.062144
1841,2Pac (Tupac) - How Do U Want It,0.06209
22,RJD2 - Inhale (Remix),0.061782
31,Ella Fitzgerald - I Don't Want To Take A Chance,0.061717
646,Jay Reatard - We Who Wait,0.06164
379,Michael Martin Murphey (Holiday) - Sleigh Ride ? Jingle Bells,0.061525
119,"Sharon Jones & The Dap-Kings - 100 Days, 100 Nights",0.061495
1201,"Kathleen Edwards - I Make The Dough, You Get The Glory",0.061453
606,The Ray Conniff Singers (Holiday) - Silver Bells,0.061412
815,Your Vegas - In My Head,0.061267
1699,Alter Bridge - One By One,0.061179
1258,Prince - Let's Work,0.061047
1530,Marvin Gaye - I'll Be Doggone,0.06104
1397,The Supremes - Love Is Here And Now You're Gone,0.060576
594,"Boyce, William - Trio Sonata No. 6 In B Flat Major",0.060514
1295,Grey Daturas - Hanging Man Is No Peacock,0.060478
587,Kenny G - G-Bop,0.059976
1850,The Del McCoury Band - A Far Cry,0.05988
59,Franco De Vita - Como Decirte No,0.059404
1355,James Brown - Get Up Offa That Thing,0.059372
1709,Antonio Aguilar - Mi Ranchito,0.059312
230,Shalamar - Make That Move,0.058984
1780,Christina Aguilera (Holiday) - This Christmas,0.05871
156,Justin Hinds & The Dominoes - Carry Go Bring Come (Ska Version),0.058582
1455,Say Hi To Your Mom - Your Brains Vs. My Tractorbeam,0.058517
692,The Smokin' Joe Kubek Band - Comin' Home Today,0.058502
1867,Earl Scruggs - Stash It,0.058328
272,Lucy Kaplansky - When I Get To The Border,0.058324
1771,David Grisman & Tony Rice - Morning Sun,0.058284
475,Yellowman - Weed Dem (feat. Beenie Man),0.05814
1241,Shadows Of Knight - I'll Make You Sorry,0.058109
1167,John Prine - Pretty Good,0.057895
118,Sharon Jones & The Dap-Kings - Cut That Line,0.057777
1726,Bond - Space,0.057655
1731,Cardenales De Nuevo Leon - Por Las Damas,0.057653
893,Sonicflood - I Could Sing Of Your Love Forever,0.057625
1703,Flatfoot 56 - Brotherhood,0.057595
579,War - Why Can't We Be Friends,0.057529
678,D - Nox & Beckers - Jet Lag Slave,0.057525
46,The Business - Drinking And Driving,0.057525
21,RJD2 - Ghostwriter (Remix),0.057451
1552,Toots & The Maytals - Never You Change (Reggae Version),0.057357
381,Michael Martin Murphey - Talkin' To The Wrong Man,0.057266
149,Montgomery Gentry - Speed,0.057082
552,Lyle Lovett - North Dakota,0.056973
1567,Staind - For You,0.056841
1256,Prince - Kiss,0.056813
154,Waylon Jennings - Theme From The Dukes Of Hazzard,0.056576
433,Lazy Lester - A Woman,0.056532
398,Dj Alibi - Eglinton West Blues,0.056388
371,Luis Miguel - La Incondicional,0.056337
1017,"Boccherini, Luigi - Quintet For Guitar & Strings In C Major (""La Ritirada Di Madrid""), G. 453 (arrangement Of Piano Quintet, G. 409)",0.05611
1713,Z-Ro - Mo City Don (Freestyle),0.056092
452,Royal Crown Revue (Holiday) - Baby It's Cold Outside (feat. Vicky Tafoya),0.055943
18,Little Milton - Penitentiary Blues,0.055635
1498,Van Morrison - Midnight Special,0.055628
1119,Tony Bennett - She's Funny That Way,0.055543
1767,David Grisman & Tony Rice - I Am A Pilgrim,0.055298
1223,"Cherubini, Luigi - Overtures",0.055197
720,"Faure, Gabriel - Piano Trio In D Minor, Op. 120",0.055077
616,The Crests - Angels Listened In,0.055009
1061,Brian Eno - An Ending (Ascent),0.054931
1300,The Time - Jungle Love,0.054838
1853,The Del McCoury Band - On The Lonesome Wind,0.054776
874,Aterciopelados - Bolero Falaz,0.054775
921,"Palmgren, Selim - May Night, For Piano",0.054401
360,Assemblage 23 - Damaged,0.054384
226,Keith Sweat (Holiday) - It's Christmas Again,0.054378
1339,The Beatles - If I Needed Someone,0.054242
1224,"Cherubini, Luigi - Requiem No.2, For Male Chorus & Orchestra In D Minor",0.054139
237,Victor Manuelle - Tengo,0.054102
296,Herman's Hermits - I'm Henry The VIII I Am,0.053892
30,Willie Colon & Ruben Blades - Pedro Navaja,0.053725
311,Westbam - Elektronische Tanzmusik,0.053584
389,Euge Groove - Get Em Goin',0.053526
582,The High Violets - Sun Baby,0.05347
1760,Lefty Frizzell - Always Late With Your Kisses,0.053197
737,Band Of Horses - The First Song,0.053112
1485,Betty Everett - The Shoop Shoop Song (It's In His Kiss),0.05309
1363,Michael Jackson (Holiday) - Little Christmas Tree,0.05299
1450,"Mahler, Gustav - Symphony No. 10 In F Sharp Minor (realization By Deryck Cooke)",0.052925
854,Corciolli - Forest Spirit,0.052822
1323,The Beatles - When I Get Home,0.052578
1425,Fastball - Which Way To The Top,0.052576
1150,Converge - Homewrecker,0.05247
238,Victor Manuelle - Como Una Estrella,0.052392
1014,"Boccherini, Luigi - Cello Concerto In D Major, G. 483 (Op. 34)",0.052039
1613,The Christmas Jug Band (Holiday) - Boogie Woogie Santa Claus,0.051896
631,"Couperin, Francois - L'Espagnole (La Visionnaire), For 2 Violins & Continuo (Les Nations)",0.051754
1084,AC?DC - Problem Child,0.051678
823,Imogen Heap - The Walk,0.051411
1016,"Boccherini, Luigi - Minuet in A major, arrangements (after String Quintet in E major, Op.11?5 [aka Op. 13?5], G. 275)",0.051357
1130,Beau Jocque & The Zydeco Hi-Rollers - Chere Mignonne (Dear Cute One),0.05096
534,Old Crow Medicine Show - Take 'Em Away,0.050892
1317,Tito - Caile,0.050876
225,The Mars Volta - Roulette Dares (The Haunt Of),0.05059
51,Earthless - Cherry Red,0.050464
798,The Fiery Furnaces - Here Comes The Summer,0.050424
1690,Filter - Welcome To The Fold,0.050229
1480,Stevie Wonder - Overjoyed,0.050196
1136,Roberto Roena - El Pueblo Pide Que Toque,0.049919
480,Butch Thompson (Holiday) - God Rest Ye Merry Gentlemen,0.049899
368,The Seldom Scene - Maybe You Will Change Your Mind,0.049807
1789,Ohio Players - Fire,0.049694
1228,The Blakes - Streets,0.049631
1456,Eggs Over Easy - 111 Avenue C,0.049543
786,Adele - Best For Last,0.049473
442,Little Feat - Oh Atlanta,0.049367
1786,Markus Reuter - A Clue To Reality,0.049303
1399,The Fray - How To Save A Life,0.049204
993,Various Artists? 50 Most Loved Christmas Carols (Holiday) - While Sherherds Watched Their Flocks,0.049096
952,The Black Angels - Bloodhounds On My Trail,0.049007
985,"Beck, Ignaz, Franz - Overture (Sinfonia) In G Minor, Op. 1?1 (Callen 1)",0.048763
85,Question Mark and the Mysterians - 96 Tears,0.048759
687,Michael Spence - Is This Love,0.048524
722,"Faure, Gabriel - Sonata For Cello & Piano No. 2 In G Minor, Op. 117",0.048496
597,Sex Pistols - EMI,0.048365
430,Pepe Aguilar - A Pesar De Todo,0.04832
1259,Prince - Little Red Corvette,0.048125
1092,AC?DC - Highway To Hell,0.048076
1005,"Boccherini, Luigi - Symphony In A Major, G. 508 (Op. 12?6)",0.048025
193,Jackson 5 - Oh How Happy,0.048013
318,Benny Page - Neck Breaker,0.047894
404,The Five Blind Boys Of Mississippi - Thank The Lord I'm Singing Again,0.047879
1590,Ani DiFranco - Little Plastic Castle (Live 1.25.04),0.04775
1173,Kim Wilson - High & Lonesome (live),0.04748
498,Conjure One - Extraordinary Way (Antillas Mix),0.047386
755,Turn Me On Dead Man - 67 Dreams,0.047381
1041,"Boccherini, Luigi - Symphony In D Minor, G. 522 (Op. 45)",0.047293
1778,Christina Aguilera (Holiday) - Have Yourself A Merry Little Christmas,0.047289
39,Ella Fitzgerald - My Man,0.047207
1023,"Boccherini, Luigi - Sonata for cello & continuo in G major, G. 5 (Six Sonatas No. 3)",0.047141
1582,Winters - Mark My Word,0.047137
1651,Ambrosia - How Much I Feel,0.04712
1028,"Boccherini, Luigi - String Quartet In G Minor, G. 205 (Op. 32?5)",0.047085
1800,Bassnectar - Creation Lullabye,0.046678
833,Debbie Reynolds - Love Is A Simple Thing,0.046507
1069,Nitty Gritty Dirt Band - One Sure Honest Line,0.0465
1343,The Beatles - Something,0.046477
913,Dan Crary - Lady's Fantasy,0.046379
1581,Stephen Kellogg & The Sixers - Sweet Sophia,0.046085
955,Neil Young - Cripple Creek Ferry,0.045817
373,Luis Miguel - Hasta Que Me Olvides,0.045787
811,Louis Armstrong (Holiday) - Christmas Night In Harlem,0.045754
1589,Ani DiFranco - As Is (Live 11.16.03),0.045667
963,Broken Social Scene - Our Faces Split The Coast In Half,0.045522
44,"Ella Fitzgerald - For You, For Me, For Evermore",0.045501
308,The Paul Butterfield Blues Band - Piney Brown Blues,0.045474
771,John R. Burr - For The Asking,0.045463
559,Alison Krauss - Can't Find My Way Home,0.045458
704,Al Stewart - Broadway Hotel,0.045445
56,Whitney Houston (Holiday) - Do You Hear What I Hear?,0.045282
1336,The Beatles - Baby You're A Rich Man,0.045246
347,Joe Jackson - Baby Stick Around,0.04493
1460,Del Tha Funkee Homosapien - Phoney Phranchise,0.04485
949,Cat Stevens - Don't Be Shy,0.044802
884,FC Kahuna - Machine Says Yes,0.044777
1333,The Beatles - With A Little Help From My Friends,0.044767
1544,Holly Cole - Christmas Blues,0.044686
331,George Michael - Praying For Time,0.044413
770,Janis Figure - Mechanical Bull,0.04439
1174,Los Lobos - Let's Say Goodnight,0.044338
1449,Ivory Joe Hunter - Shooty Booty,0.044296
1419,The Rolling Stones - 19th Nervous Breakdown,0.04425
824,Sons And Daughters - Johnny Cash,0.0442
1392,Will Ackerman (Holiday) - Emmanuel,0.044193
698,Brother Ali - Blah Blah Blah (feat. Slug),0.044075
1072,Garfield Akers - Cottonfield Blues Part 1,0.043788
134,Kasey Chambers - Nothing At All,0.043683
1114,"Verdi, Giuseppe - Requiem Mass, For Soloists, Chorus & Orchestra (Manzoni Requiem)",0.043647
900,Kidz In The Hall - Mr. Alladatsh*T,0.043421
1661,George Acosta - The Storm,0.043416
212,Leftover Salmon - Steam Powered Aeroplane (Live),0.043216
1149,Converge - For You (Live),0.043107
316,Sara Bareilles - Gravity (2003),0.043004
814,Bryan Mann - Who Put The Bomp (In The Bomp Bomp Bomp),0.0424
130,"Rosetti, Antonio - Symphony In F Major, A 33?K 1 No 24",0.042366
1366,The Cambridge Singers & Orchestra (Holiday) - Angels We Have Heard On High,0.042217
929,Los Rieleros Del Norte - El Amor No Se Vende,0.042095
1018,"Boccherini, Luigi - Quintet For Guitar & Strings In D Major (""Fandango""), G. 448 (Arrangement Of String Quintets, G. 270 & 341)",0.041998
746,Ian Van Dahl - Castle In The Sky,0.041944
1244,Midnight Star - No Parking,0.04194
1040,"Boccherini, Luigi - Symphony In D Major, G. 520 (Op. 42)",0.041916
941,Guns N' Roses - Paradise City,0.041899
690,Al Di Meola - Milonga Del Angel,0.041736
596,"Boyce, William - Ode For St. Cecilia's Day",0.041726
62,Livin' Joy - Don't Stop Movin',0.041703
1181,La Sonora Dinamita - A Mover La Colita,0.041559
1479,Stevie Wonder - My Cherie Amour,0.041538
1764,Tiamat - For Her Pleasure,0.041371
9,Deuter - Earth Shadow,0.041332
1785,Phil Wickham - Spirit Fall,0.041093
989,Rogue Wave - Nourishment Nation,0.041077
1655,Jake Schepps - Origami,0.040947
992,"Various Artists? 50 Most Loved Christmas Carols (Holiday) - Lo, How A Rose E'er Blooming",0.040941
1705,Robert Earl Keen - Corpus Christi Bay,0.040855
459,Jars Of Clay (Holiday) - God Rest Ye Merry Gentlemen,0.040835
1796,Seu Jorge - Rebel Rebel,0.040808
1537,Klute - Oshima,0.040782
267,The Bamboos - Tighten Up,0.040659
132,"Rosetti, Antonio - Symphony In G Major, A 40?K 1 No 22",0.040659
1674,Pamela Williams - Elixir,0.04057
1053,Shudder To Think - Own Me,0.040558
1847,Rilo Kiley - A Man ? Me ? Then Jim,0.040542
1127,Christopher Lawrence - Hot Rod,0.04045
1066,Nitty Gritty Dirt Band - Wildwood Flower,0.040435
1805,Jim Henry+Brooks Williams - On The Rollin' Sea,0.040338
1370,Finger Eleven - First Time,0.040313
415,England Dan & John Ford Coley - Gone Too Far,0.040288
1022,"Boccherini, Luigi - Sonata for cello & continuo in C major, G. 17",0.040262
539,Black Lips - Can't Dance,0.040021
1441,"Dittersdorf, Karl Ditters von - Symphony After Ovid's ""Metamorphoses"" No. 4 In F Major (""Die Rettung Der Andromeda Durch Perseus"")",0.039768
1257,Prince - Let's Work (Dance Mix),0.03976
1514,Furry Lewis - This Time Tomorrow,0.039458
1251,Johnny Horton - Out In New Mexico,0.039415
1103,Ziggy Marley - Drive,0.039415
1611,John Tesh - God Of Wonders,0.039399
1368,The Cambridge Singers & Orchestra (Holiday) - O Little One Sweet,0.039397
601,Bishop Allen - Things Are What You Make Of Them,0.039337
171,"Rachmaninov, Sergey - Moments Musicaux (6) For Piano, Op. 16",0.039335
825,The Wallflowers - 6th Ave Heartache,0.0393
1583,Dennis Alcapone & Prince Jazzbo - Lorna Banana,0.039277
1101,Robert Henke - Signal To Noise II,0.039075
114,Bill Monroe - Molly & Tenbrooks,0.039022
1021,"Boccherini, Luigi - Quintet For Guitar & Strings In G Major, G. 450 (Arrangement Of Quintet For Flute And Strings, G. 531 & String Quartet, G. 240)",0.038947
939,Guns N' Roses - November Rain,0.038885
708,"Cher - Gypsys, Tramps & Thieves",0.038876
676,The Commodores - Brick House,0.038687
1714,Junior Brown - Lookin' For Love,0.03868
1035,"Boccherini, Luigi - Symphony In D Major, G. 503 (Op. 12?1)",0.038631
1617,Public Enemy - Can't Truss It,0.038625
12,Deuter - Marfa Lights 2,0.038615
849,The Pharcyde - Pharcyde (Instrumental),0.03854
910,Dan Crary - Tom & Jerry,0.038498
674,Videos - Trickle Trickle,0.038434
485,Irish Rovers (Holiday) - God Rest Ye Merry Gentlemen,0.038259
1612,John Tesh - Key Of Love (live),0.038243
915,Dan Crary - On The Fritz,0.038041
1186,David Darling - Lady Child's Dream,0.038013
1010,"Boccherini, Luigi - Cello Concerto In A Major, G. 475",0.037912
651,Justin Timberlake - What Goes Around...?...Comes Around (Interlude),0.037875
89,William Clarke - Five Card Hand,0.037695
1510,"Furry Lewis - Furry's Rag (Take Your Time, Baby)",0.037667
1619,Nick Drake - Here Come The Blues,0.037597
583,Jimmy Dorsey - Begin The Beguine,0.037583
1852,The Del McCoury Band - I'm Afraid I Forgot The Feeling,0.037498
563,Alison Krauss - Foolish Heart,0.037435
817,Your Vegas - Troubled Times,0.037226
976,The Wiseguys - Ooh La La,0.037213
1327,The Beatles - Day Tripper,0.037198
870,Anne Murray - Danny's Song,0.037164
650,Justin Timberlake - Rock Your Body,0.037142
1411,Liquid Mind - Zero Degrees Zero,0.03712
178,The Aggrolites - Mr. Misery,0.037026
392,Albert King - Born Under A Bad Sign (Live),0.036934
683,Will Smith - Men In Black,0.036882
1347,The Beatles - Paperback Writer,0.036806
1168,Janet Beazley - White (Long Time Travelin'),0.03646
1693,Wire - Reuters,0.036456
335,Bonerama - Crosstown Traffic,0.036275
1584,Beres Hammond - Come Back Home,0.036063
270,Lucy Kaplansky - Every Single Day,0.036056
1791,The Dirty Projectors - Rise Above,0.036022
969,Enanitos Verdes - Lamento Boliviano,0.03601
1604,Milt Jackson - These Foolish Things,0.035993
1187,Magik Markers - Body Rot,0.035916
1305,Digital Underground - The Humpty Dance,0.035827
41,Ella Fitzgerald - Desafinado (Slightly Out Of Tune),0.035731
409,Wumpscut - Fear In Your Eyes,0.035716
1511,Furry Lewis - Goin' To Kansas City,0.035673
1313,Jerry Jeff Walker - L.A. Freeway,0.035619
1296,Joey Ramone - Like A Drug I Never Did Before,0.035617
685,Bryan Sutton - Grover Glen,0.035601
1862,Nas - Represent,0.035575
65,Outkast - The Way You Move,0.035571
141,Newcleus - Jam On It,0.03543
1570,Staind - Right Here,0.035417
1055,James Cotton - Soul Survivor,0.035364
1803,Jim Henry+Brooks Williams - Gender Bender,0.035291
705,Al Stewart - On The Border,0.035271
195,The Jackson Southernaires - I Need You To Hold My Hand,0.035218
457,Skid Row - Big Guns,0.035089
1512,Furry Lewis - Long Tall Gal Blues,0.034752
812,Louis Armstrong (Holiday) - Winter Wonderland (Mono Recording),0.034721
1531,Marvin Gaye - You're A Wonderful One,0.03459
652,Dan Deacon - Trippy Green Skull,0.034485
1118,Jazzy Jeff & The Fresh Prince - Summertime,0.034457
551,Peter & Gordon (60s) - A World Without Love,0.034302
1810,Marky Ramone - Rockaway Beach,0.034274
1855,The Del McCoury Band - Fire And The Flame,0.034166
100,Deepak Chopra & Adam Plack - Serenity,0.034142
1565,Traffic - Smiling Phases,0.034132
1231,Critters Buggin - 5?4 F.T.D.,0.034095
918,"Dan Crary - The Fermoy Lass, The Man Of The House",0.034079
1491,The Verve - Blue (USA Mix),0.034049
1443,"Dittersdorf, Karl Ditters von - Divertimento Fur Violine, Viola Und Violoncello D Major",0.034014
1632,Rihanna - Break It Off,0.033927
128,Shinedown - Burning Bright,0.033514
1070,Nitty Gritty Dirt Band - Snowballs,0.033513
1519,Clancy Eccles - Sweet Jamaica,0.033384
958,Broken Social Scene - 7?4 (Shoreline),0.033373
407,"Morricone, Ennio - Sergio Leone Suite",0.032984
258,Antonio Carlos Jobim - Por Toda Minha Vida,0.032979
816,Your Vegas - It Makes My Heart Break,0.032952
1096,Patra - Romantic Call,0.032868
1428,Jr. Walker & The All Stars - What Does It Take (To Win Your Love),0.032722
1723,Junior Brown - Where Has All the Money Gone?,0.032709
1220,David Massengill - Shamas Rides,0.032647
1865,Earl Scruggs - Flint Hill Special,0.032594
546,Loudon Wainwright III - Grey In L.A.,0.032497
1134,Matthew West - Get Away,0.032342
977,Lucky Thompson - Jeep's Blues,0.032317
686,Bryan Sutton - Stoney Creek,0.03222
1380,Doyle Dykes - Caleb's Report,0.032147
982,"Trebol Clan, Hector & Joan - Gata Fiera",0.032129
328,George Michael - Fastlove (Forthright Edit),0.032119
285,The Jam - Man In The Corner Shop,0.032101
1359,John Michael Montgomery - Angel In My Eyes,0.031911
540,Black Lips - It Feels Alright,0.031737
1030,"Boccherini, Luigi - String Quintet For 2 Violins, Viola & 2 Cellos In G Minor, G. 351 (Op. 42?4)",0.031658
560,Alison Krauss - Endless Highway,0.031633
54,The League - Hey Conductor,0.031503
150,Waylon Jennings - T For Texas (Blue Yodel No. 1) (live),0.031474
1067,Nitty Gritty Dirt Band - I Saw The Light,0.031356
1486,Betty Everett - It's In His Kiss (The Shoop Shoop Song),0.031149
159,"Strauss, Richard - Der Rosenkavalier, Opera, Op. 59 (TrV 227)",0.031021
1351,The Beatles - Rock And Roll Music,0.030803
271,Lucy Kaplansky - I Had Something,0.030673
352,The Bird And The Bee - The Races,0.030612
395,Albert King - I'll Play The Blues For You (Live),0.030546
777,Daddy Yankee - Cuentame,0.030515
1842,2Pac (Tupac) - Keep Ya Head Up,0.030455
983,B.B. King & John Popper (Holiday) - Back Door Santa,0.030431
1793,The Dirty Projectors - Time Birthed Spilled Blood,0.030376
1076,"Jim Jackson - Bye, Bye, Policeman",0.030266
1062,Nitty Gritty Dirt Band - Togary Mountain,0.030223
383,Simple Plan (Holiday) - My Christmas List,0.030186
1854,The Del McCoury Band - Asheville Turnaround,0.03006
1866,Earl Scruggs - Get In Line Brother,0.030029
731,Lo Fidelity Allstars - Battle Flag,0.030003
1751,la sonora dinamita ? la sonora tropicana - Mi Cucu,0.029965
557,Tristeza - Abrazo Distante,0.029935
1008,"Boccherini, Luigi - Symphony In C Major, G. 505 (Op. 12?3)",0.02992
1340,The Beatles - Let It Be,0.029897
577,Paul Oakenfold - Time Of Your Life (feat. Perry Farrell),0.029877
1209,Joe Diffie - White Lightning,0.029872
70,Light This City - Exile,0.029868
801,Ralph Stanley & The Clinch Mountain Boys - Gonna Paint The Town,0.029827
102,"Bing Crosby - It's Been A Long, Long Time",0.02971
231,Fred Hammond - Celebrate (He Lives),0.029688
927,Los Rieleros Del Norte - Abrazado De Un Poste,0.029664
275,"Jo Dee Messina - Heads Carolina, Tails California",0.029442
1221,David Bowie - Ashes To Ashes,0.029297
736,Band Of Horses - Our Swords,0.029203
1551,Toots & The Maytals - 54-46 That's My Number,0.029182
284,The Jam - Don't Tell Them You're Sane,0.029055
1087,AC?DC - Who Made Who,0.02886
1391,Serena Ryder - Sisters Of Mercy,0.028758
1802,Jim Henry+Brooks Williams - Angie,0.02873
617,The Crests - Sixteen Candles,0.028697
1124,Styx - Renegade,0.028633
322,Hilary Stagg - Spirit Dancers,0.028459
1401,Liquid Mind - Balance,0.028416
800,Ralph Stanley & The Clinch Mountain Boys - Beautiful Star Of Bethlehem,0.028338
319,Jimmy Cliff - Look At The Mountains,0.028314
436,Lazy Lester - Gonna Stick To You Baby,0.028277
58,Classified Project - Resurrection (Original),0.028171
1175,Los Lobos - Shakin' Shakin' Shakes,0.028151
1735,Lee Ann Womack - I'll Think Of A Reason Later,0.028078
246,Kaskade - Honesty,0.027919
589,Mickey Hart & Zakir Hussain - Dances With Wood,0.027853
1568,Staind - It's Been Awhile,0.027702
726,Fugazi - Polish,0.027681
294,Josh White - Trouble,0.027664
1162,Waco Brothers - Missing Link,0.027544
1478,Stevie Wonder - For Once In My Life,0.02753
1783,The Dubs - Chapel Of Dreams,0.027492
1732,Ascend - The Obelisk Of Kolob,0.027348
1542,Mary Lou Lord - Cold Kilburn Rain,0.027336
304,XTC - Chalkhills And Children,0.027229
1277,Lords Of The Underground - Funky Child,0.027227
669,Jack Jones - Luck Be A Lady,0.027204
912,Dan Crary - Hot Pursuit,0.027072
1710,Antonio Aguilar - Triste Recuerdo,0.027055
970,Enanitos Verdes - Tu Carcel,0.026819
1676,Doc Watson - Little Orphan Girl (Live),0.026773
1133,Men Of Steel - O'Carolan's Quarrel With The Landlady (Live),0.026751
1835,Avril Lavigne - I'm With You,0.026679
868,Dave Barker - Don't Let The Sun Catch You Crying,0.026672
1398,The Supremes - Where Did Our Love Go,0.026618
1180,Don Ross - Give Me Seven Reasons,0.026577
779,Daddy Yankee - Machucando,0.026543
951,Cat Stevens - The Wind,0.026539
928,Los Rieleros Del Norte - Caballo De Espadas,0.026435
803,Ralph Stanley & The Clinch Mountain Boys - Man Of Constant Sorrow,0.026396
1548,Toots & The Maytals - Funky Kingston,0.026224
496,Mahalia Jackson - Trouble Of The World,0.026159
668,Jack Jones - Autumn Leaves,0.026142
481,Butch Thompson (Holiday) - Silent Night,0.026037
1329,The Beatles - I'll Follow The Sun,0.025982
1812,Jarabe De Palo - Grita,0.025964
1318,Bruce Molsky - Buckdancer's Choice,0.025937
1291,Donnie McClurkin - We Fall Down (Live),0.025933
1615,Public Enemy - Public Enemy No. 1,0.025872
697,Brother Ali - Uncle Sam Goddamn,0.025819
1262,Our Brother The Native - We Are The Living,0.025813
813,Louis Armstrong (Holiday) - Winter Wonderland,0.025792
509,Tim Sparks - Trap Hill Breakdown,0.025754
384,Chayanne - Atado A Tu Amor,0.025735
1629,Michael Burns - The Ambience,0.025706
419,Lorie Line - Norwegian Wood,0.025702
991,Various Artists? 50 Most Loved Christmas Carols (Holiday) - In The Bleak Midwinter,0.025644
1166,John Prine - It's A Cheating Situation,0.025637
451,Arrested Development - Mr. Wendal,0.025469
1577,Mike Dowling - Ragged And Dirty,0.025425
1775,Mar-Keys - Pop-Eye Rider,0.025281
1680,Doc Watson - Walk On Boy,0.025246
1642,The Troggs - My Lady,0.02522
49,Dan Crary (Holiday) - What Child Is This (USA),0.025135
218,Blind Blake - Depression's Gone From Me Blues,0.025128
818,Brenda Lee (Holiday) - White Christmas,0.025077
1736,Preston Reed - Ladies Night,0.025
484,Alc (A Lo Cubano) - Vanilla Y Chocolate,0.024923
490,Catie Curtis - Fall Away,0.024859
904,Loquat - It's Yours To Keep,0.024839
1282,Ratt - Slip Of The Lip,0.02482
380,Rhianna (Holiday) - It Just Don't Feel Like Xmas (Without You),0.02474
778,Daddy Yankee - Gasolina,0.024725
1636,Rihanna - Umbrella,0.024667
630,New York Dolls - Mystery Girls (Planet Studios Demo),0.024657
448,"Pichl, Vaclav - Symphony In C Major, Z21",0.024636
695,L.T.D. - Jam,0.024515
1546,Toots & The Maytals - Monkey Man,0.024355
622,Hank Williams Jr. - All My Rowdy Friends Are Coming Over Tonight,0.024347
1644,Tokyo Police Club - Citizens Of Tomorrow,0.024294
656,Trey Anastasio - Sleep Again,0.024243
1252,Johnny Horton - I'm Ready If You're Willing,0.02423
405,The Five Blind Boys Of Mississippi - Where He Leads Me,0.024198
1365,The Cambridge Singers & Orchestra (Holiday) - 'Twas In The Moon Of Winter Time,0.02407
1120,Tony Bennett - I Wanna Be Around,0.023891
1202,Kathleen Edwards - Oh Canada,0.023837
1859,Nas - Street Dreams,0.023653
767,Indigo Girls - She's Saving Me,0.023624
1254,Prince - Controversy,0.023607
529,John Danley - Atlas Bone,0.023527
785,Adele - Right As Rain,0.023497
330,George Michael - Father Figure,0.023383
987,Rogue Wave - Endgame,0.023375
1471,Raveonettes (Holiday) - The Christmas Song,0.023333
829,Port O'Brien - I Won't Look Back,0.023313
1761,Lefty Frizzell - My Rough And Rowdy Ways,0.023255
1593,Elefante - El Abandonao,0.023189
222,Starfield - Can I Stay Here Forever?,0.023183
1746,Nine Inch Nails - Closer,0.023067
931,Los Rieleros Del Norte - Me Quieres Matar De Celos,0.022893
1495,Steve Roach & Robert Rich - Going Inland,0.022836
1253,Prince - Kiss (Extended Version),0.022823
793,Delroy Wilson - Pretty Girl,0.02277
1549,Toots & The Maytals - Pressure Drop,0.02268
1026,"Boccherini, Luigi - String Quartet In E Flat Major, G. 201 (Op. 32?1)",0.022675
1331,The Beatles - Things We Said Today,0.022652
1077,AC?DC - Back In Black,0.022456
942,Guns N' Roses - Patience,0.022376
370,Luis Miguel - Ahora Te Puedes Marchar (I Only Want To Be With You),0.022326
1700,Alter Bridge - Open Your Eyes,0.022304
762,Christa DeErynn - Sweet Lies,0.022205
599,Sex Pistols - Pretty Vacant,0.022182
465,Frank Cornelius - Brick House,0.022172
1579,Stephen Kellogg & The Sixers - A Cabin In The Woods,0.022126
148,Montgomery Gentry - My Town,0.021973
454,Skid Row - I Remember You,0.021836
412,Wumpscut - Rusty Nails From Hell,0.021663
200,The Cars - My Best Friends Girl,0.021621
1117,Jazzy Jeff & The Fresh Prince - Summertime '98 (SoulPower Remix),0.021608
483,Butch Thompson (Holiday) - Ave Maria,0.021533
181,Korn - Make Me Bad,0.021514
715,The National - Start A War,0.021475
88,Christmas Cookies (Holiday) - White Christmas,0.02146
194,Jackson 5 - Abc,0.021391
805,Ralph Stanley & The Clinch Mountain Boys - Pretty Polly,0.021324
1285,Parts & Labor - Long Way Down,0.021281
1250,Mercyme - Here With Me,0.021241
244,Jason Aldean - Laughed Until We Cried,0.021224
1071,Nitty Gritty Dirt Band - Way Downtown,0.021147
1154,Lindsay Lohan - Black Hole,0.0211
1534,Klute - Crosby,0.021036
1801,The Grinder - Man Into Space,0.021026
1488,Rissi Palmer - Anybody Out There,0.020986
1819,Sam Bush - Girl Of The North Country (live),0.020965
585,Boys From Indiana - Atlanta Is Burning,0.020955
1373,Descendents - Suburban Home,0.020916
1702,Ronnie Earl & Duke Robillard - Lookin For Trouble,0.020902
234,Sterling (Electronica) - Desperation,0.020884
1560,Sarah McLachlan - Fallen,0.020852
1281,Ratt - Lay It Down,0.020786
945,Guns N' Roses - Live And Let Die,0.020765
1588,Yuri Buenaventura - Salsa,0.02073
1784,Phil Wickham - Jesus Lord Of Heaven,0.020728
742,Phil Collins - You'll Be In My Heart,0.020715
508,Gospel Four - It's Just A Matter Of Time,0.020648
1769,David Grisman & Tony Rice - The Prisoner's Waltz,0.020646
45,Ella Fitzgerald - Love Walked In,0.020615
33,Ella Fitzgerald - Aren't You Kind Of Glad We Did,0.020516
1,Jon Schmidt - Passages,0.020466
1178,Don Ross - First Ride,0.020447
753,Tommy Emmanuel - Windy & Warm,0.020269
1183,"Yolanda Kondonassis (Holiday) - Bring A Torch, Jeannette, Isabella",0.020257
1211,Mixmaster Mike - Bazooka Kanyon,0.020251
1712,Z-Ro - Keep On (Chopped & Screwed),0.020191
1622,Iron & Wine - Communion Cups And Someone's Coat,0.020179
1283,Ratt - You Should Know By Now,0.020152
445,David Wilcox - Rusty Old American Dream,0.020051
1004,Sodom - Procession To Golgotha,0.020004
1727,Rachel Harrington - Shoeless Joe,0.019987
1416,The Rolling Stones - Street Fighting Man,0.019942
533,Rise Against - The Good Left Undone,0.019887
1388,"Foghat - Ride, Ride, Ride",0.019871
115,Steve Earle & The Supersuckers - Before They Make Me Run,0.019832
1050,Dire Straits - Walk Of Life,0.019809
434,Lazy Lester - My Home Is A Prison,0.019795
1563,Sarah McLachlan - Building A Mystery,0.019775
721,"Faure, Gabriel - Sonata For Cello & Piano No. 1 In D Minor, Op. 109",0.019749
1025,"Boccherini, Luigi - String Quartet In D Major, G. 203 (Op. 32?3)",0.019724
1626,Kill Memory Crash - Riyout,0.019674
1574,Joe Camilleri & Nicky Bomba - Better Must Come,0.01946
77,"Schumann, Robert - Kreisleriana, 8 fantasies for piano, Op. 16",0.019451
861,Michelle Branch - Everywhere,0.019407
1389,Foghat - Slow Ride,0.019406
1490,Rissi Palmer - Leavin' On Your Mind,0.01939
1126,Groove Coverage - The End,0.019186
1125,Groove Coverage - Runaway,0.019089
1192,Guardian - Let It Roll,0.019084
990,Rogue Wave - Perfect,0.018999
61,"Funck, David - Suite In D",0.018986
781,Katalyst - Break Up,0.018902
531,John Danley - Whispering Blue,0.018863
241,The Kingsmen - Louie Louie,0.018809
1344,The Beatles - Two Of Us,0.018776
919,Dan Crary - Cape Foulweather,0.018759
663,The Whigs - Written Invitation,0.018754
954,Neil Young - Ohio,0.018752
1387,Foghat - Night Shift,0.018699
1448,DJ Drama & Lil' Wayne - Gettin' Some Head,0.018678
1824,Soulfly - Babylon,0.018669
401,Vince Gill - When I Call Your Name,0.018645
877,The Monkees - Look Out (Here Comes Tomorrow),0.018619
661,Ryan Montbleau Band - It's All Been Done Before,0.018545
1325,The Beatles - If I Fell,0.018535
1845,2Pac (Tupac) - Never Had A Friend Like Me,0.018509
206,J-Dilla - Make Em Nv,0.01848
207,J-Dilla - Make'em Nv [Instrumental],0.01848
1461,Del Tha Funkee Homosapien - Jaw Gymnastics (feat. Casual),0.018469
428,Scorpions - Rock You Like A Hurricane,0.018463
145,Starkillers - Discoteka (Austin Leeds & Terranova Remix),0.018404
1429,Antonio Pinana - Cuando Llora La Guitarra,0.018403
1093,AC?DC - Thunderstruck,0.018399
1378,Gordon Bok - Jericho,0.018378
135,Butch Engle & The Styx - Hey I'm Lost,0.018297
1412,K-Ci & JoJo - Crazy,0.018227
214,Chuck Loeb - Fundamentally Sound,0.018206
545,Ronnie Earl - Ronnie Johnnie,0.018133
1377,Gordon Bok - Herring Croon,0.018116
1558,Sarah McLachlan - Homeless,0.018096
1294,Hillsong - God He Reigns ? All I Need Is You (Live),0.018038
1504,)EIB( - Forgotten,0.018021
254,Flyleaf - I'm So Sick,0.01801
1695,Robert Cray - Nothin' But A Woman,0.018004
1738,Preston Reed - Tractor Pull,0.017925
1371,Finger Eleven - Lost My Way,0.017858
1806,El Lebrijano - Presidiarios Con Sus Caenas,0.017847
349,Seal - Love's Divine (Live),0.017818
871,Mars Lasar - Untouchable,0.017801
667,Uncle Earl - Booth Shot Lincoln,0.01779
688,Brodsky Quartet - I've Seen It All,0.017723
124,Lifehouse - First Time,0.017685
276,Jo Dee Messina - Lesson In Leavin',0.017549
766,Indigo Girls - Left Me A Fool,0.017502
1438,Eric Clapton & Duane Allman - Mean Old World,0.017499
152,Waylon Jennings - Are You Sure Hank Done It This Way,0.017348
1798,Paul Baloche - Your Name,0.017344
339,Bonerama - Ocean,0.017257
1104,Ziggy Marley - Friend,0.017082
891,Dan The Automator - Lyrics To Go (Remix) (Instrumental),0.017081
1284,Ratt - You're In Trouble,0.016995
866,The Allman Brothers Band - Little Martha,0.016869
580,Architecture In Helsinki - Spring 2008,0.016833
623,Hank Williams Jr. - Whiskey Bent And Hell Bound,0.016808
1463,Sever Your Ties - Hand In Hand,0.016625
876,The Monkees - I'm A Believer (Mono),0.01661
1752,Meg Hutchinson - Vanishing Points,0.016559
340,"Brand New - Okay I Believe You, But My Tommy Gun Don't",0.016555
845,The Pharcyde - Runnin',0.01655
507,Stars Of The Lid - Even If You're Never Awake,0.016539
302,Tranquility Base - Surrender,0.016495
74,Nice & Smooth - Sometimes I Rhyme Slow,0.016451
999,"Ruben Studdard - Fix it, Jesus (feat. Harvey Watkins Jr.)",0.016449
1516,Furry Lewis - Baby You Don't Want Me,0.016416
745,Ian Van Dahl - Inspiration,0.016403
1556,Sarah McLachlan - Adia,0.016391
906,Loquat - Serial Mess,0.016285
1792,The Dirty Projectors - Since I Opened,0.016273
444,David Wilcox - Language Of The Heart,0.016243
247,Kaskade - Move For Me,0.016228
1860,Nas - The Message,0.016207
889,Dan The Automator - Bang The Ball (Instrumental),0.016143
1623,Iron & Wine - Each Coming Night,0.016113
1408,Liquid Mind - Gently Down,0.016107
1638,Lauryn Hill - Can't Take My Eyes Off Of You,0.016084
1668,Brett Dennen - Ain't No Reason,0.016064
603,Doc & Merle Watson - Gambler's Yodel,0.015968
882,Duran Duran - Come Undone,0.015866
456,Skid Row - 18 And Life,0.015825
1297,Joey Ramone - What A Wonderful World,0.015825
397,Smokie Norful - I Understand,0.015815
1379,Gordon Bok - Sailor's Carol,0.015707
940,Guns N' Roses - Chinese Democracy,0.015618
346,Lisa Loeb (Holiday) - Jingle Bells,0.015613
1324,The Beatles - Within You Without You,0.01558
723,Fugazi - Reprovisional,0.015564
1307,Hilltop Hoods - The Soul Of The Beat,0.015561
1646,Tokyo Police Club - In A Cave,0.015558
1161,Robin Bullock - Rigler's March-Rex's Rambles,0.015548
1757,Huracanes Del Norte - Falsas Ilusiones,0.015546
1144,"Diego El Cigala - Ana, Dolores Y Aurora",0.01552
418,Lorie Line - Faith Of Our Fathers,0.015508
1415,The Rolling Stones - Shake Your Hips,0.0154
1447,DJ Drama & Lil' Wayne - Get 'Em,0.015392
1261,A Teens - S.O.S,0.015371
1665,Grandmaster Flash & The Furious Five - Freedom,0.015351
1272,The Roots - You Got Me,0.01535
804,Ralph Stanley & The Clinch Mountain Boys - Stone Walls And Steel Bars,0.015266
565,Alison Krauss - Don't Follow Me,0.015256
108,Celia Cruz & Tito Puente - La Plena Bomba Me Llama,0.015253
269,Raekwon - Ice Cream,0.015209
36,Ella Fitzgerald - I Concentrate On You,0.014984
1128,Christopher Lawrence - October's Child,0.014983
544,Black Lips - Burried Alive,0.014878
252,Flyleaf - All Around Me,0.014831
1553,Toots & The Maytals - Still Is Still Moving To Me (feat. Willie Nelson),0.014692
196,The Jackson Southernaires - Lead Me,0.014624
707,Al Stewart - Year Of The Cat,0.014622
493,Byron Cage - Breathe,0.014562
199,Sheryl Crow (Holiday) - Run Rudolph Run,0.014524
675,The Commodores - Lady (You Bring Me Up),0.01451
1176,Don Ross - Berkley Springs,0.014494
922,Rev Theory - Hell Yeah,0.014469
20,RJD2 - Get It,0.014229
1830,Wreckless Eric - Whole Wide World,0.014212
784,Adele - Hometown Glory,0.01412
385,Chayanne - Dejaria Todo,0.014117
123,Hooverphonic - 2Wicky,0.014103
1319,Fergie - Big Girls Don't Cry,0.014094
1770,David Grisman & Tony Rice - Grandfather's Clock,0.014084
1467,Passion - All Creatures Of Our God And King,0.014076
1129,Christopher Lawrence - Ride The Light,0.014006
1851,The Del McCoury Band - Dry My Tears And Move On,0.01398
959,Broken Social Scene - Cause = Time,0.013934
1616,Public Enemy - Rebel Without A Pause,0.013892
1354,James Brown - Get Up Offa That Thing  (Ali Dee Remix),0.013877
1554,Toots & The Maytals - Time Tough,0.01386
799,Ralph Stanley & The Clinch Mountain Boys - Calling My Children Home,0.013854
1064,Nitty Gritty Dirt Band - Get Back,0.013762
1356,"James Brown - Hot Pants, PT.1",0.013746
1271,The Roots - Stay Cool,0.013737
1089,AC?DC - Shot Down In Flames,0.013714
946,Guns N' Roses - Sweet Child O' Mine,0.013687
1536,Klute - Now Always Forever,0.013672
75,Laura Pausini - Viveme,0.013651
1734,Lee Ann Womack - I Hope You Dance,0.013481
1660,George Acosta - Save Me (Push Remix),0.0134
647,Serj Tankian - Sky Is Over,0.013374
666,DJ Khaled - We Takin' Over,0.01332
902,Dredg - Sang Real (Live),0.013298
1730,See You Next Tuesday - Forever On Deaf Ears,0.013281
1427,Jr. Walker & The All Stars - What Does It Take,0.013267
1816,Sam Bush - Sailin' Shoes,0.013134
1054,James Cotton - Mighty Long Time,0.013118
223,Gleisberg - Indian Garden,0.013114
795,Carlton Pearson - We've Come This Far By Faith,0.013069
1135,Matthew West - More,0.012976
399,R. Kelly - Half On A Baby,0.012955
643,Dean Martin - Return To Me,0.012769
298,Herman's Hermits - Listen People,0.012667
334,Bonerama - Cabbage Alley,0.012599
424,Scorpions - Don't Stop At The Top,0.01249
1027,"Boccherini, Luigi - String Quartet In E Minor, G. 202 (Op. 32?2)",0.012471
1184,Angelo Debarre Et Ludovic Beier - Passion (En Duo),0.012459
120,Sharon Jones & The Dap-Kings - How Long Do I Have To Wait For You?,0.012393
1218,The Handshake Murders - New Enemy,0.01239
378,"Michael Martin Murphey (Holiday) - Corn, Water And Wood",0.012306
440,Three Days Wait - Beautiful Baby,0.012302
1557,Sarah McLachlan - Hold On (Live),0.01228
286,The Jam - In The City,0.012264
1484,Young Jeezy - Soul Survivor,0.012233
1217,Guitar Shorty - Loosen Up,0.012201
187,Gladys Knight & The Pips - I Heard It Through The Grapevine,0.012191
1846,Rilo Kiley - Breakin' Up,0.012152
1440,"Dittersdorf, Karl Ditters von - Symphony After Ovid's ""Metamorphoses"" No. 1 In C Major (""Die Vier Weltalter"")",0.012139
1697,Alter Bridge - Before Tomorrow Comes,0.01211
1418,The Rolling Stones - Start Me Up,0.0121
1744,Nine Inch Nails - The Only Time,0.012095
55,Eazy-E - Eazy-Er Said Than Dunn,0.012066
1547,Toots & The Maytals - 54-56 Was My Number,0.012039
1506,Juno Reactor - Silver,0.011993
1465,Passion - No One Like You ? David Crowder Band,0.011959
682,Will Smith - Gettin' Jiggy Wit It,0.011884
1766,David Grisman & Tony Rice - Banks Of The Ohio,0.011792
1082,AC?DC - Have A Drink On Me,0.011785
142,"Slim Harpo - Tip On In, Part 1",0.011764
205,J-Dilla - Crushin' [Instrumental],0.011731
1165,John Prine - Everything Is Cool,0.011727
903,Loquat - Change The Station,0.011676
140,Say Anything - Surgically Removing The Tracking Device,0.011674
1844,2Pac (Tupac) - All Eyez On Me,0.011614
469,Soda Stereo - Sueles Dejarme Solo,0.011566
780,Daddy Yankee - Rompe,0.011534
1302,Everton Blender - It's My Time,0.01153
1580,Stephen Kellogg & The Sixers - Maria,0.011511
1634,Rihanna - Hate That I Love You,0.011486
217,Children Of Bodom - Living Dead Beat,0.011465
1711,The Heavenly Music Association - Alain,0.011453
66,Outkast - The Whole World,0.011443
190,Decal - Some Kind Of Random,0.011386
615,Grand Ole Party - Look Out Young Son,0.011339
425,Scorpions - New Generation,0.011231
649,Justin Timberlake - Like I Love You (feat. Clipse),0.011227
1143,Diego El Cigala - Amar Y Vivir,0.011221
923,Augustus Pablo - Black Gunn,0.011203
1194,Guardian - Sister Wisdom,0.011167
806,Hazel Dickens & Alice Gerrard - I Just Got Wise,0.011105
1569,Staind - Outside,0.011064
1517,Furry Lewis - Big Chief Blues,0.011046
1345,The Beatles - You Won't See Me,0.011036
1024,"Boccherini, Luigi - String Quartet In D Major, G. 165 (Op. 8?1)",0.011013
873,The Bronx - False Alarm,0.010983
1116,Jazzy Jeff & The Fresh Prince - Parents Just Don't Understand,0.010939
1045,Blackmore's Night (Holiday) - We Three Kings,0.010936
111,Robert Johnson - Walkin' Blues,0.010925
561,Alison Krauss - Wish I Still Had You,0.010898
1013,"Boccherini, Luigi - Cello Concerto In D Major, G. 476",0.010882
362,Assemblage 23 - Opened,0.010825
461,Worm Is Green - Army Of Them,0.010784
393,Albert King - Can't You See What You're Doing To Me,0.010782
1804,Jim Henry+Brooks Williams - Malted Milk,0.010776
23,RJD2 - Solomon Jones,0.010764
1828,Allure - Rejected,0.010741
699,Entombed - Full Of Hell,0.010662
69,"Outkast - So Fresh, So Clean",0.01066
961,Broken Social Scene - Stars And Sons,0.010639
620,Ben Jelen - Not My Plan,0.010632
87,Christmas Cookies (Holiday) - The Christmas Song,0.010615
980,Steve Earle & Reckless Kelly - Reconsider Me,0.010571
747,Ian Van Dahl - Castles In The Sky,0.010537
1777,Kate Nash - Pumpkin Soup,0.010498
787,Adele - Melt My Heart To Stone,0.010447
1002,Cornel Campbell - Concrete Jungle,0.010438
268,Raekwon - Verbal Intercourse,0.01039
1532,No Age - I Wanna Sleep,0.010291
1464,Jennie Arnau - Float On,0.01027
930,Los Rieleros Del Norte - Fue Mentira,0.010255
1838,Avril Lavigne - Sk8er Boi,0.010183
423,Scorpions - Big City Nights,0.010063
420,Lorie Line - I Surrender All,0.009955
1664,Gnarls Barkley - Smiley Faces [Live On Later With Jools Holland],0.009916
1508,Peter Mulvey - Bloomington,0.009907
788,Dave & Ansel Collins - Nuclear Weapon,0.009897
372,Luis Miguel - Por Debajo De La Mesa,0.009857
756,Kate Rusby - A Rose In April,0.009769
1576,Mike Dowling - Mean Old Frisco,0.009707
655,Trey Anastasio - Come As Melody,0.009635
1648,Tokyo Police Club - Be Good,0.00961
1682,Doc Watson - Down In The Valley To Pray,0.00953
160,"Strauss, Richard - Salome, opera, Op. 54 (TrV 215)",0.009524
1561,Sarah McLachlan - Perfect Girl,0.009477
1346,The Beatles - Love Me Do,0.009471
1263,Plastic Little - Hola Plastique,0.009467
665,DJ Khaled - Out Here Grindin',0.009398
820,!!! (Chk Chk Chk) - All My Heroes Are Wierdos,0.009396
47,Robin Thicke - Lost Without U,0.009384
765,Indigo Girls - Cold Beer And Remote Control,0.009372
905,Loquat - Need Air,0.009361
215,O-Shen - Tropically Fine,0.00934
1164,Reik - Me Duele Amarte,0.009312
758,Unwound - Laugh Track,0.009309
386,Chayanne - Un Siglo Sin Ti,0.0092
11,Deuter - Empty Shore,0.009162
944,Guns N' Roses - Knockin' On Heaven's Door,0.009093
807,C+C Music Factory - Things That Make You Go Hmmmm?..,0.009086
711,The National - Fake Empire,0.009079
681,Mudvayne - Fall Into Sleep,0.009075
466,Soda Stereo - Cuando Pase El Temblor,0.009074
1240,Drive-By Truckers - The Day John Henry Died,0.009053
696,Brother Ali - Forest Whitiker,0.009034
1060,Brian Eno - Stars,0.00903
1457,Del Tha Funkee Homosapien - Mistadobalina,0.008986
1046,Blackmore's Night (Holiday) - Hark The Herald Angels Sing ? Come All Ye Faithful,0.008851
332,Take 6 - Come On,0.008847
586,The Mark Inside - Carousel,0.008806
797,Tomasa La Macanita - Yo Soy De Jerez (Bulerias De Cai),0.008785
256,Fosforito - Nunca Te He Mendtido (Bulerias De Cadiz),0.008667
220,Sevendust - Shine,0.008661
91,Robbie Seay Band - Love Wins,0.008637
1193,Guardian - Power Of Love,0.008632
852,Talib Kweli - Supreme Supreme,0.008566
106,John Renbourn - Trotto ? Saltarello,0.008557
1787,Markus Reuter - Read Aloud In Cold Blood,0.008544
185,Chubby Checker - Limbo Rock,0.008542
86,"JoJo - Too Little, Too Late",0.008508
288,Cedric Im Brooks - Emavungweni,0.008504
1725,The Pogues - The Band Played Waltzing Matilda,0.008476
1386,Foghat - Drivin' Wheel,0.008465
1749,Explosions In The Sky - A Slow Dance,0.00843
1381,Granite & Phunk - Knock You Over,0.008406
1663,Gnarls Barkley - Crazy,0.008379
714,The National - Slow Show,0.008326
1043,Blackmore's Night (Holiday) - Emmanuel,0.008302
1834,Avril Lavigne - Contagious,0.008241
188,Dimmu Borgir - Allegiance,0.008197
1823,Roger - I Want To Be Your Man,0.008172
447,Vengaboys - We Like To Party!,0.008166
1472,Sourvein - Septic Werewolves,0.008123
648,Justin Timberlake - SexyBack,0.008122
790,Gotan Project - El Capitalismo Foraneo,0.008073
1606,Botch - Japan (live),0.008066
1422,Fastball - 'Til I Get It Right,0.008061
505,Stars Of The Lid - Gasfarming,0.008003
1698,Alter Bridge - Buried Alive,0.008001
1015,"Boccherini, Luigi - Cello Concerto In E Flat Major, G. 474",0.007999
768,P.M. Dawn - I'd Die Without You,0.00799
382,Michael Martin Murphey - Tumbling Tumbleweeds,0.007981
1647,Tokyo Police Club - Nature Of The Experiment,0.007971
396,Smokie Norful - Celebrate,0.007925
899,Kidz In The Hall - Dumb*ss Tales,0.007904
52,Beres Hammond? Flourgon - Bounce,0.007814
1216,The Five Blind Boys Of Alabama - Let Me Hear My Mother Pray Again,0.007813
8,Deuter - Yellow Mandala,0.007792
455,Skid Row - Youth Gone Wild,0.007772
750,Tommy Emmanuel - Endless Road,0.007703
1148,Converge - Distance And Meaning,0.007683
802,Ralph Stanley & The Clinch Mountain Boys - I Am Weary,0.007679
1185,Hillsong & Delirious? - I Could Sing Of Your Love Forever,0.007664
725,Fugazi - Merchandise,0.007634
1109,"Verdi, Giuseppe - La Forza Del Destino, Opera",0.007553
1836,Avril Lavigne - Keep Holding On,0.007517
1088,AC?DC - Dirty Deeds Done Dirt Cheap (Live),0.007423
26,Secret Machines - All At Once (It's Not Important),0.007402
670,Jack Jones - Somewhere My Love,0.007363
593,"Boyce, William - Trio Sonata No. 4 In G Minor",0.007356
1839,Kalmah - Withering Away,0.007317
1741,Nine Inch Nails - Kinda I Want To,0.007306
253,Flyleaf - Sorrow,0.007292
388,Willa Ford - I Wanna Be Bad,0.007256
664,DJ Khaled - I'm So Hood,0.007233
1754,Todd Collins (Holiday) - Angels We Have Heard On High,0.00722
125,Deep Purple - Smoke On The Water (Live 1973),0.007204
1278,Whodini - One Love,0.00719
1085,AC?DC - Rock And Roll Ain't Noise Pollution,0.007159
783,Katalyst - Time Bomb,0.007147
710,Krum Bums - Misery,0.007145
229,Trentemoller - Prana,0.007068
547,Loudon Wainwright III - The Swimming Song,0.007041
880,The Monkees - Daydream Believer,0.007029
881,The Monkees - She,0.006945
1666,Grandmaster Flash & The Furious Five - Scorpio,0.006921
1348,The Beatles - Here Comes The Sun ? The Inner Light (Transition) (Love Version),0.006897
179,Tim Bluhm - California Way,0.00688
1407,Liquid Mind - Breathe In Me,0.006873
1405,Liquid Mind - My Silent Knowing,0.006852
1620,Justifide - Escape,0.006833
403,Red - Wasting Time,0.006801
146,Seven Day Jesus - I Will Find You,0.006788
1086,AC?DC - Who Made Who (Live),0.006747
1572,Leona Lewis - Bleeding Love,0.006706
1390,Serena Ryder - Coconut Grove,0.006618
27,Secret Machines - Lightning Blue Eyes,0.006606
628,Moonspell - Sons Of Earth,0.006599
831,Peggy Seeger - O The Wind And Rain,0.006526
636,Behemoth - Slaves Shall Serve,0.006451
828,Port O'Brien - Anchor,0.006403
566,Alison Krauss - When You Say Nothing At All,0.006394
744,Don Carlos - Booming Ball,0.00639
233,Vendredi 13 - Frequency 7,0.006359
943,Guns N' Roses - Don't Cry,0.006355
1756,Huracanes Del Norte - El Perro De Tu Marido,0.006282
314,Dom & Roland - Dance All Night (Calyx remix),0.006235
1107,"Verdi, Giuseppe - Il Trovatore, Opera",0.006155
16,Jerry Douglas?Russ Barenberg?Edgar Meyer - Big Bug Shuffle,0.006102
1439,Hezekiah Jones - Postpone,0.006079
553,Lyle Lovett - Simple Song,0.006074
1706,Natasha Bedingfield - Pocketful Of Sunshine,0.006021
962,Broken Social Scene - KC Accidental,0.005996
578,Jose Zamora & Damian DP - Transatlantic (feat. Paleday),0.00597
1507,Los Checkmates - I Think We're Alone Now,0.005952
329,George Michael - Faith,0.005834
1279,Devil Sold His Soul - Between Two Words,0.005833
1360,Gyptian - My Fadah Seh,0.00581
592,The Mission UK - Love Me To Death,0.005787
239,Empirical Labs - Turtle Beach (Original Mix),0.00575
345,KMFDM - Don't Blow Your Top,0.005739
1095,Kruger Brothers - Up18north,0.005737
201,The Cars - Since You're Gone,0.005719
28,Coles Whalen - The Hand That Gives The Rose,0.005708
1559,Sarah McLachlan - I Love You,0.005684
1269,The Roots - Guns Are Drawn,0.005578
4,Deuter - Nada Himalaya 2,0.005565
1645,Tokyo Police Club - Graves,0.005512
843,The Pharcyde - On The DL,0.005468
492,In Flames - Take This Life,0.005468
1308,Compulsion - Rapejacket,0.005438
213,DJ Muggs Vs GZA - Unstoppable Threats (Instrumental),0.005413
1079,AC?DC - You Shook Me All Night Long,0.005399
320,Hilary Stagg - Land Of Oz,0.005394
394,Albert King - Jam In A-Flat,0.005332
1493,ABORTED - Ingenuity In Genocide,0.005318
502,Fireball Ministry - In The Mourning,0.005305
988,Rogue Wave - Ghost,0.005299
1607,Botch - Liquored Up And Laid,0.005271
1320,Fergie - Glamorous,0.005245
591,Mickey Hart & Zakir Hussain - Tars,0.005202
894,Sonicflood - I Want To Know You (In The Secret),0.005188
1286,Parts & Labor - The Gold We're Digging,0.005159
1594,The Duskfall - Trust Is Overrated,0.005148
576,Paul Oakenfold - Sex 'n' Money,0.005135
1287,The Coup - Wear Clean Draws,0.005124
164,Finbar & Eddie Furey - Curragh Of Kildare,0.005051
775,Azzido Da Bass - Dooms Night,0.005038
1831,Zion - Fantasma,0.005035
1044,Blackmore's Night (Holiday) - Ma-O-Tzur,0.005022
375,Creed - Higher,0.005008
351,The Bird And The Bee - How Deep Is Your Love,0.004992
458,Jars Of Clay (Holiday) - I Heard The Bells On Christmas Day,0.004977
1858,Nas - Nas Is Like,0.004964
680,God-Des - Debate,0.004939
947,At The Gates - Blinded By Fear,0.004932
1090,AC?DC - What Do You Do For Money Honey,0.004868
621,Ben Jelen - Where Do We Go,0.004865
995,Kumbia Altarz - Chiquilla,0.004864
1635,Rihanna - Pon De Replay,0.004849
735,Band Of Horses - No One's Gonna Love You,0.004821
1195,Lismore - Tremolo,0.004733
1571,Staind - Take This,0.004633
1270,The Roots - Love Of My Life (Live),0.004617
1525,Marvin Gaye - How Sweet It Is (To Be Loved By You),0.004585
879,The Monkees - Tomorrow's Gonna Be Another Day,0.004557
530,John Danley - Dust For Sparrows,0.004536
556,The Adverts - Safety In Numbers (Live),0.004485
1535,Klute - I'll Do Anything (You Want Me To),0.004479
1625,Generation J - Jesus Loves Me Medley,0.004451
413,Wumpscut - Wir Warten,0.004402
1739,Nine Inch Nails - Big Man With A Gun,0.004393
1335,The Beatles - All You Need Is Love,0.004386
1639,Lauryn Hill - Doo Wop (That Thing),0.004304
734,Band Of Horses - Is There A Ghost,0.004277
757,Kate Rusby - The Lark,0.004199
473,Yellowman - Build A Roof Over Your Head,0.004186
359,Assemblage 23 - Cocoon,0.004142
1362,Clarence Fountain - I Want To Go,0.004138
1469,Passion - Here I Am To Worship,0.004134
1489,Rissi Palmer - Hold On To Me,0.004124
1856,Nas - Ether,0.004114
920,Dan Crary - Reedie's Blues,0.004057
13,Deuter - Black Velvet Flirt,0.004041
1147,"Raina Rose - Evergreen House, 2nd Floor",0.003985
1624,Iron & Wine - Faded From The Winter,0.003914
1742,"Nine Inch Nails - No, You Don't",0.003908
216,The Warlocks - Gypsy Nightmare,0.003864
1001,Brandi Carlile - Throw It All Away,0.003844
724,Fugazi - Target,0.003813
1152,Converge - You Fail Me,0.003767
1042,Blackmore's Night (Holiday) - Ding Dong Merrily On High,0.003754
527,John Danley - Hickory,0.003748
133,Kasey Chambers - Falling Into You,0.003685
1003,Cornel Campbell - Screwface,0.003664
1275,Laurie Z. - The Mysterious Painter,0.003662
886,Mice Parade - Circle None,0.00362
406,"Morricone, Ennio - Giuseppe Tornatore Suite",0.003573
99,Deepak Chopra & Adam Plack - Valentine To Tagore,0.003557
1790,The Dirty Projectors - On The Beach,0.003548
1266,Paul Siebel - My Town,0.003544
1468,Passion - Awesome Is The Lord Most High,0.003461
198,The Sword - Freya,0.003458
53,Beres Hammond? Flourgon - Feel Like,0.003437
7,Deuter - Earthlight,0.003418
712,The National - Green Gloves,0.003279
1396,LFO (Pop) - Summer Girls,0.003266
10,Deuter - Waves Of Light,0.003235
1163,Corrina Repp - No One's Telling,0.003134
916,Dan Crary - Reuben,0.003134
713,The National - Fake Empire (Live),0.003133
1289,Donnie McClurkin - Church Medley,0.003122
1316,Nachtmystium - Code Negative,0.003112
1274,The Roots - No Alibi,0.00311
702,Chris Bocast - Quantum Entanglement,0.003087
1649,Tokyo Police Club - Juno,0.003059
1627,Tim Hughes - Here I am to Worship,0.003037
402,The Rivieras - Count Every Star,0.003032
867,Kate Havnevik - Sleepless,0.002961
764,Indigo Girls - Blood And Fire,0.002897
1827,Clint Mansell & Kronos Quartet - Lux Aeterna,0.002853
842,Pavement - Baptist Blacktick,0.002708
618,Foo Fighters - No Way Back,0.002696
1815,Sam Bush - Ozzie & Max,0.002656
303,XTC - The Rhythm (Live),0.002645
1268,Rockapella (Holiday) - Home For The Holidays,0.002637
953,The Black Angels - You On The Run,0.002621
1621,Justifide - Pointing Fingers,0.002603
437,Lazy Lester - I'm Gonna Miss You (Like The Devil),0.002568
1081,AC?DC - For Those About To Rock (We Salute You),0.002483
439,Reuben Morgan - Hear Our Praises,0.002464
1483,Young Jeezy - My Hood,0.002454
364,Laurence Juber (Holiday) - Away In A Manger,0.002451
1788,Markus Reuter - The Increase Of Faith,0.002413
1242,Thalia - Me Pones Sexy (I Want You) (feat. Fat Joe),0.002403
846,The Pharcyde - Bullsh*t (Instrumental),0.0024
1078,AC?DC - It's A Long Way To The Top (If You Wanna Rock 'n' Roll),0.002392
709,Krum Bums - Fall,0.002315
782,Katalyst - Dangerous,0.002298
367,Laurence Juber (Holiday) - Prelude & Silent Night,0.002297
1837,Avril Lavigne - Nobody's Home,0.002293
1155,Lindsay Lohan - Rumors,0.002238
1158,Fred McDowell - Write Me A Few Of Your Lines,0.002209
1864,An Albatross - Death Rides A Brown Horse,0.002199
67,Outkast - I'll Call Before I Come (feat. Eco & Gangsta Boo),0.002172
197,The Sword - Celestial Crown,0.002118
426,Scorpions - Still Loving You,0.002057
274,Lucy Kaplansky - Land Of The Living,0.002009
542,Black Lips - Veni Vidi Vici,0.001959
157,Justin Hinds & The Dominoes - Over The River,0.00195
1737,Preston Reed - Love In The Old Country,0.001928
1402,Liquid Mind - In The Stillness,0.001894
98,Retrosic - Desperate Youth,0.001752
872,The Bronx - Cobra Lucha,0.001742
73,Jens Lekman - The Wrong Hands,0.001726
1321,The Beatles - I Feel Fine,0.001709
1641,Lil Scrappy & Trillville - No Problem,0.001689
1667,SubtractiveLAD - My Quadrant,0.001486
573,Jesse Harris - Morning In A Strange City (Cafe),0.001467
446,Lady Saw - I've Got Your Man,0.001466
1633,Rihanna - Don't Stop The Music,0.001392
1482,Young Jeezy - And Then What,0.001359
535,John Hammond - Little Rain Falling,0.001313
438,Reuben Morgan - My Redeemer Lives,0.001286
1406,Liquid Mind - Thought Museum,0.001274
1492,ABORTED - Clinical Colostomy,0.001174
1410,Liquid Mind - Moment Of Grace,0.001123
1729,Charlie Lincoln - Depot Blues,0.001098
1688,Filter - Spent,0.001089
972,Roni Size & Reprazent - Down,0.001057
1631,Rihanna - Shut Up And Drive,0.001051
1230,Ronan Hardiman - Celtic Dream,0.001026
909,John McEuen - Ryan William's Arrival In America,0.001
245,Catherine Maclellan - River Valley Plains,0.000952
1743,Nine Inch Nails - Slipping Away,0.000912
1094,AC?DC - For Those About To Rock,0.000891
1585,Beres Hammond - Who Say (feat. Buju Banton),0.00089
1400,Liquid Mind - My Orchid Spirit,0.000866
1108,"Verdi, Giuseppe - Falstaff, Opera",0.000864
1403,Liquid Mind - Continuity,0.000824
491,In Flames - The Hive,0.000819
1861,Nas - Got Ur Self A...,0.000807
574,Paul Oakenfold - Faster Kill Pussycat,0.000743
738,Band Of Horses - The Funeral,0.000738
1533,No Age - My Life's Alright Without You,0.000717
528,John Danley - Lorianne,0.000705
1849,Charanga La Tapa - Vamono's Pa'l Monte,0.00065
625,Iron Maiden Tribute Band - Run To The Hills,0.000637
1000,Thou - I Was Ignored. And Judged. And Cast Down,0.000625
810,Powder (Holiday) - Christmas Don't be Late (Chipmunk Song),0.00062
366,Laurence Juber (Holiday) - Good King Wenceslaus,0.000545
1597,Vicious Circles - Vicious Circles (Ryan Blair Mix),0.000538
503,Stars Of The Lid - A Lovesong (For Cubs)+? Part 3,0.000523
653,Dan Deacon - Wooody Woodpecker,0.000453
1372,Finger Eleven - Stay And Drown,0.000404
1656,Rose Cousins - One Love,0.000373
202,Will Ackerman - If You Look,0.000264
460,Various Artists? Songs Of December - Hailee's Moment,0.000234
1755,Todd Collins (Holiday) - Hailee's Moment,0.000234
365,Laurence Juber (Holiday) - God Rest Ye Merry Gentlemen,0.000228
474,Yellowman - Hold On To Your Woman,0.000172
624,Loscil - Kursk,0.000143
1409,Liquid Mind - I Am Willing,0.000125
933,"Breather Resist - Long Nights, Short Fuses",0.000096
1058,Brian Eno - Neroli,0.000001