song,jazz
Corciolli - Rain,0.979566
Steve Lacy - Alone Together,0.948645
Corciolli - Work (Water),0.935583
Peggy Lee & Art Lund (Holiday) - Winter Weather,0.935409
Daevid Allen - Untitled,0.93442
Sonny Rollins - Paradox,0.896609
Robin Guthrie & Harold Budd - Childhood Lost,0.892139
Corciolli - Children (Lake),0.889127
Verdi. Giuseppe - Luisa Miller. Opera,0.882352
The Allman Brothers Band - Mountain Jam (Live),0.880513
Skafish (Holiday) - Joy To The World,0.870807
Rachmaninov. Sergey - Etudes-tableaux. For Piano. Op. 33,0.863726
Dan Gibson - Adventureous Spirit,0.859942
Corciolli - Friends (Sky),0.853639
Chopin. Fryderyk - Nocturnes (3) for piano. Op. 15. CT. 111-113,0.848981
Jimmy Forrest - By The River Sainte Marie,0.825276
Cannonball Adderley - Autumn Leaves,0.821844
Harry James & Benny Goodman - Life Goes To A Party,0.819238
Eric Harringer & John Paul Lacey - Ageless,0.816154
Milt Jackson - Namesake,0.811628
Teddy Wilson - Flyin' Home,0.77966
Teddy Wilson - In The Mood,0.775603
Caia - Afterwards @ The Bar,0.773022
Lou Blackburn - Secret Love,0.77108
James P. Johnson - What Is This Thing Called Love,0.769619
Dan Gibson - The Fallen Leaves,0.768474
Donald Byrd & Doug Watkins - If I Love Again,0.768075
Skafish (Holiday) - O Come. O Come Emmanuel,0.749951
Lee Morgan - Hocus Pocus,0.742453
Bunny Berigan - Plantation Moods,0.739387
Chopin. Fryderyk - Nocturnes (2) for piano. Op. 48. CT. 120-121,0.738824
Scott Solter - Desert Trains,0.736083
Jean-Luc Ponty - Eulogy To Oscar Romero,0.735793
Junior Mance Trio - Smokey Blues (Live),0.733955
Sonny Rollins - St. Thomas,0.727758
Teddy Wilson - King Porter Stomp,0.727274
Milt Jackson - Enigma,0.721995
Toshiko Akiyoshi - 52nd St. Theme,0.718956
Keith Oxman - Serenity,0.718915
Craig Pilo - Early Cynical Mystery,0.717492
Paul Bley - Time On My Hands,0.716742
Clifford Brown - Hymn Of The Orient,0.716099
Sonny Rollins - On Green Dolphin Street,0.715963
Ella Fitzgerald - These Foolish Things,0.708114
Bunny Berigan - Sobbin' Blues,0.707107
Wes Montgomery - Full House (Live),0.701719
The Sons Of The West - Panhandle Shuffle,0.691489
The Youth Choir Of Saint-Francois De Versailles (Holiday) - Guillo Take Your Tambourine,0.69143
Eric Harringer & John Paul Lacey - Nature's Way,0.688079
Dan Gibson - Cool Forest Rain,0.687258
Verdi. Giuseppe - Nabucco. Opera (Nabucodonosor),0.686702
Lou Blackburn - I Cover The Waterfront,0.678286
Lowell Fulson - Guitar Shuffle,0.676809
Lee Morgan Quintet - The Gigolo,0.672409
Deuter - Coral Gardens,0.666353
Branford Marsalis - Swingin' At The Haven,0.660442
Tommy Flanagan - Rough Ridin',0.646222
Sonny Rollins - There Are Such Things,0.644252
Antonio Carlos Jobim - Agua De Beber (Live),0.643811
Pete Fountain - The Darktown Strutters' Ball,0.643552
The Four Aces - Mister Sandman,0.642724
The George Lewis Band - Pork Chop,0.642683
Flip Phillips - Dream A Little Dream Of Me,0.64006
Otis Spann - Mule Kicking In My Stall,0.639283
Ella Fitzgerald - Crying Mood,0.631714
Lester Young - Six Cats And A Prince (Master Take),0.630898
Kai Winding - Impulse,0.630546
Will Bradley & His Orchestra - When You And I Were Young. Maggie,0.630138
Antonio Carlos Jobim - Vivo Sonhando,0.624342
Chick Corea Elektric Band - Lifescape,0.621681
"Eddie ""Lockjaw"" Davis - Trane Whistle",0.620602
Frank Foster - John R. And Garfield,0.61568
Tommy Johnson - Maggie Campbell,0.613942
The Beatles - A Day In The Life,0.613489
Pee Wee Hunt & His Orchestra - Charleston,0.612253
Michael Burns - Into Nothing (Hamel's Last Time For 9 Mix),0.609138
Clifford Brown - Brownie Speaks,0.606776
Skafish (Holiday) - Jingle Bells,0.606033
Tommy Flanagan Trio - Eclypso,0.605685
Sonny Rollins - Ev'ry Time We Say Goodbye,0.603141
Digital Underground - Same Song,0.602537
Milt Jackson - Sweet And Lovely,0.594036
Clifford Brown - Love Is A Many Splendored Thing,0.591999
Jerry Bergonzi - Outhouse,0.591942
Sonny Rollins - Striver's Row (Live),0.586687
Haden. Charlie. And Quartet West - Moonlight Serenade,0.576514
Antonio Carlos Jobim - Agua De Beber,0.566215
Eric Harringer & John Paul Lacey - Morning Dew,0.564158
Eric Harringer & John Paul Lacey - Whispering Winds,0.562806
Ben Webster - Someone To Watch Over Me,0.556208
Tommy Johnson - Lonesome Home Blues (Take 2),0.549622
Sonny Rollins - A Nightingale Sang In Berkeley Square (Live),0.548497
Pete Fountain - Just A Closer Walk With Thee,0.546347
Sonny Rollins - Pent Up House,0.544075
Rachmaninov. Sergey - Piano Concerto No. 3 In D Minor. Op. 30,0.530369
James P. Johnson - Keepin' Out Of Mischief Now,0.525537
Sound Providers - Autumn's Evening Breeze,0.524744
Milt Jackson - Bags Of Blue (Live),0.52198
Sonny Rollins - Moritat (Mack The Knife),0.521336
Verdi. Giuseppe - Macbeth. Opera,0.521085
Bill Connors - It Be FM,0.519287
Toquinho & Paulinho Da Viola - Tarde Em Itapoa (live),0.518925
Cab Calloway - Limehouse Blues,0.511123
Tommy Flanagan - While You Are Gone,0.506678
Augustus Pablo - East Africa,0.504106
Jurgen Paape - Take That,0.496025
Pete Fountain - Someday Sweetheart,0.490927
John Scofield - A Go Go,0.490148
J-Dilla - Take Notice,0.4897
Robert Johnson - Last Fair Deal Gone Down,0.482722
Leroy Carr - Sloppy Drunk Blues,0.482002
Rachmaninov. Sergey - Rhapsody On A Theme Of Paganini (Introduction And 24 Variations). In A Minor For Piano & Orchestra. Op. 43,0.479351
Mildred Bailey (Holiday) - I've Got My Love To Keep Me Warm (feat. Red Norvo),0.462578
J-Dilla - Won't Do (Instrumental),0.461998
Jean-Luc Ponty - Still In Love,0.45019
Dave Holland - Blue,0.449074
Wes Montgomery - If I Should Lose You (Take 2-Alternate),0.448552
Sonny Rollins - 'Round Midnight,0.447023
Verdi. Giuseppe - La Traviata. Opera,0.446844
Antonio Carlos Jobim - O Grande Amor,0.444796
Kai Winding - Trombone For Two,0.442682
Lester Young - Foggy Day (Live At Birdland),0.441439
Glen Brown - Wicked Tumbling Version,0.436574
Booker Ervin - Lynn's Tune,0.432726
Furry Lewis - Mistreatin' Mama,0.432555
James P. Johnson - I've Got A Feeling I'm Falling,0.432199
Sonny Rollins - Like Someone In Love,0.431479
The Cotton Pickers - Hot Lips,0.427563
Covenant - Dead Stars (Version),0.425955
Cat Stevens - Moonshadow (Live),0.425718
The Gene Harris Quartet - Sweet And Lovely,0.425393
The Beatles - A Day In The Life (Love Version),0.425137
Mumbles - Prema's Dilema,0.418451
Stevie Wonder - I Wish (Live),0.41203
Anthony Wonsey Trio - Just You. Just Me,0.410429
Chopin. Fryderyk - Etudes (12) for piano. Op. 25. CT. 26-37,0.409751
Leftover Salmon - Bend In The River (Live),0.407067
Marcus Johnson - Just Doing What I Do,0.40174
Cal Tjader - Mambo In Miami,0.401731
The Brand New Heavies - BNH,0.40161
Sade - Paradise,0.399213
Tony Bennett - Steppin' Out With My Baby,0.398187
Lee Morgan - Sneaky Pete,0.397853
Filter - Hey Man Nice Shot,0.393055
John Scofield - Boozer,0.386168
The Pharcyde - Passing Me By,0.385654
Larry Carlton - Roll With It,0.380497
The Gene Harris Quartet - The Song Is Ended,0.377565
Peter White - What Does It Take To Win Your Love,0.374233
Teddy Wilson - Mean To Me,0.372578
Pete Robbins - Screwgun,0.372329
Cedar Walton Trio - I Mean You,0.369564
Chopin. Fryderyk - Impromptu for piano in G flat major. Op. 51. CT. 45,0.366072
Tommy Johnson - Big Fat Mama Blues,0.362088
Lee Ritenour & Larry Carlton - Crosstown Kids,0.351759
Scorpions - No One Like You,0.350993
Kai Winding - Doodlin',0.350822
Chopin. Fryderyk - Piano Sonata No. 3 in B minor. Op. 58. CT. 203,0.349593
Robert Johnson - I'm A Steady Rollin' Man,0.346959
Leftfield - Swords,0.346706
Dave Biller & Jeremy Wakefield - Martian Guts,0.343867
Eric Harringer & John Paul Lacey - Romance,0.343346
Jay Reatard - Turning Blue,0.342863
Josh White - New Milk Cow Blues,0.342128
Junior Brown - Broke Down South Of Dallas,0.340997
Eddie Boyd - Best I Could,0.339346
Marvin Sapp - Give Thanks,0.335881
Lester Young - Jump. Lester. Jump,0.334522
Jeff Lorber - Chopsticks,0.332116
Tex Beneke - I Know,0.328181
As One - Contours,0.327312
Cal Tjader - Sambo Do Suenho,0.326603
The David Grisman Quintet - Cedar Hill (live),0.326447
Rah - Wave,0.323173
Les Brown And His Band Of Renown - The Sweetheart Of Sigma Chi,0.322446
Schumann. Robert - Romances (3) for piano. Op. 28,0.319045
Justin Hinds & The Dominoes - Carry Go Bring Come (Rocksteady),0.315157
Milt Jackson - Little Girl Blue (Live),0.31349
Marvin Gaye - Got To Give It Up. Part 1 ( Live),0.312885
Sonorous - Pronotonic,0.31275
Otis Spann - Rock Me Mama,0.310619
Antonio Carlos Jobim - Children's Games,0.310157
Robert Johnson - I Believe I'll Dust My Broom,0.308672
Fiorillo. Federigo - Concerto For Violin & Orchestra No 1 In F,0.305098
Willie Banks - God's Goodness,0.302354
Mickey Hart & Zakir Hussain - Funky Zena,0.301168
Kenny Clarke's Sextet - Oblique,0.300037
Sonny Rollins - On A Slow Boat To China,0.299848
Van Morrison - Gloria (Performed By Them),0.296883
Orchestral Manoeuvres In The Dark - If You Leave,0.296825
James Brown - Super Bad. PTS.1&2,0.29294
Kit McClure Band - One O'clock Jump,0.291349
John Zorn - Zhakor,0.286266
Black Lips - Boone,0.285417
Tim O'Brien - Johnny Don't Get Drunk ? Rye Straw,0.284333
Rachmaninov. Sergey - Symphony No. 2 in E minor. Op. 27,0.28361
Gotan Project - Vuelvo Al Sur,0.278912
Marvin Gaye - Got To Give It Up,0.277583
Kidz In The Hall - The In Crowd,0.277265
Hugo Montenegro & His Orchestra - Theme From A Fistful Of Dollars,0.276805
Asleep At The Wheel - Stay All Night,0.275356
Ben Webster - Tenderly,0.274736
Jimmy Buffett - Come Monday,0.274431
Fastball - Morning Star,0.2733
Asleep At The Wheel - Cotton-Eyed Joe,0.27267
Rachmaninov. Sergey - Preludes (13) For Piano. Op. 32,0.272613
Doc Watson - Billy In The Low Ground (Live),0.271814
Rachmaninov. Sergey - Preludes (10) For Piano. Op. 23,0.271219
Brian Eno - Zawinul ? Lava,0.271038
Wes Montgomery - Watch What Happens,0.270768
Cherubini. Luigi - String Quartet No. 6 In A Minor,0.270447
Ella Fitzgerald - Guilty,0.270076
Gene Ammons - My Romance,0.269768
Wes Montgomery - Road Song,0.269554
Heritage Hall Jazz Band (Holiday) - Silver Bells,0.26878
Sam Bush - Big Mon,0.268585
Dean Martin - You're Nobody Till Somebody Loves You,0.267867
George Acosta - Precious,0.267823
Ruben Studdard - Goin' Up Yonder,0.265945
Leroy Carr - My Woman's Gone Wrong,0.265875
Traffic - Pearly Queen,0.265558
Sam Bush - Harbor Docks,0.263489
Cal Bennett - Whole Soul Stroll (Live),0.263318
HH - Planetary,0.263214
Alexander O'Neal (Holiday) - The Christmas Song (Chestnuts Roasting On An Open Fire),0.262999
George Acosta - Silence (DJ Tiesto's In Search Of Sunrise Remix),0.262887
Antonio Carlos Jobim - Amor Em Paz (Once I Loved),0.262084
Houston Person - Two Rb's,0.261641
Sam Bush - Same Ol' River (live),0.261553
Little Walter - Blue Baby Hard Times,0.260142
Benny Carter - Long Ago And Far Away,0.259747
Cannonball Adderley - You' re A Weaver Of Dreams,0.258983
Herman's Hermits - I'm Into Something Good,0.257361
Benny Carter - Laura,0.256874
Maynard Ferguson - The Wailing Boat (Live),0.254941
Chick Corea Elektric Band - Beneath The Mask,0.254776
The Smokin' Joe Kubek Band - Mean Old World,0.253267
Rachmaninov. Sergey - Piano Concerto No. 2 In C Minor. Op. 18,0.252075
Black Lips - O Katrina!,0.251689
The Association - Never My Love,0.250478
Paul Horn - Now Hear This,0.250003
Melvin Taylor - Texas Flood,0.249373
"Berwald. Franz - Symphony No. 2 In D. ""Sinfonie Capricieuse""",0.248636
Marvin Gaye - Sexual healing,0.247114
Creative Music Services Musicians (Holiday) - O Christmas Tree,0.246371
Nate Dogg (Holiday) - Be Thankful,0.246311
Cat Stevens - Wild World,0.246103
Sugarloaf - Green-Eyed Lady,0.245883
Boccherini. Luigi - Symphony In B Flat Major. G. 497 (Op. 21?5),0.245661
Tex Atchison - Tennessee Hound Dog,0.245553
Spyro Gyra - Believe,0.244784
Milt Jackson - The Song Is Ended,0.243429
Sharon Jones & The Dap-Kings - Be Easy,0.242918
Del Tha Funkee Homosapien - Burnt (feat. The Hyrogliphics),0.24189
Scratch - Square One (feat. Bilal),0.239549
Tim Track - Panic Voice,0.238388
"Dittersdorf. Karl Ditters von - Sinfonia In D Major. (""Il Combatiimento Delle Passioni Umani""). Grave D16",0.238152
Van Morrison - Tupelo Honey,0.237549
Tommy Jarrell - The Drunken Hiccups,0.237188
The Nomads - Situations,0.23501
Anita Ward - Ring My Bell,0.234765
Visionaries - Love (Hip-Hop),0.234667
John Scofield - Beep Beep,0.231694
Goodie Mob - The Day After,0.231212
Binary Finary - 1999,0.230927
The Animals - I Put A Spell On You,0.230355
Lowell Fulson - Reconsider Baby,0.229751
Stars Of The Lid - A Meaningful Moment Through A Meaning(Less) Process,0.229604
Dire Straits - So Far Away,0.22851
Mr. Scruff - Chipmunk,0.228298
Stevie Wonder - Do I Do,0.226917
"Mahler. Gustav - Symphony No. 6 in A minor (""Tragic"")",0.226505
John Scofield - Rule Of Thumb,0.226467
Rachmaninov. Sergey - Symphonic Dances. for orchestra (or 2 pianos). Op. 45,0.226233
Bing Crosby - You Must Have Been A Beautiful Baby,0.226189
Rachmaninov. Sergey - Piano Concerto No. 4 In G Minor. Op. 40,0.225034
The Soul Survivors - Hey Gyp,0.223909
David Massengill - My First Kiss,0.22339
Antonio Carlos Jobim - Tide,0.223321
Bunny Berigan - The Buzzard,0.222346
Lefty Frizzell - Saginaw. Michigan,0.220698
Robert Johnson - Traveling Riverside Blues,0.220504
Stevie Wonder - Higher Ground,0.220425
Rachmaninov. Sergey - The Isle of the Dead. symphonic poem. Op. 29,0.2198
Peaches & Herb - Shake Your Groove Thing,0.218865
Dittersdorf. Karl Ditters von - Concerto For Viola & Orchestra In F,0.218214
Seu Jorge - O Samba Tai,0.217491
Boccherini. Luigi - String Quartet in A major. G. 213 (Op. 39),0.216414
Glen Gray & The Casa Loma Orchestra - Who's Sorry Now?,0.215998
Seal - Wild,0.215834
Marvin Gaye - What's Going On,0.214857
Boccherini. Luigi - Symphony In C Major. G. 495 (Op. 21?3),0.214612
BBC Big Band Orchestra - On The Sunny Side Of The Street,0.214254
J.B. Lenoir - Louise,0.214082
Prince - I Wanna Be Your Lover,0.213715
Omens - Searching,0.211183
Covenant - Figurehead,0.211046
Strauss. Richard - Macbeth. Tone Poem For Orchestra. Op. 23 (TrV 163),0.209533
N.W.A. - Real Niggaz Don't Die,0.208947
The Manhattans - Kiss And Say Goodbye,0.208413
Gouryella - Walhalla,0.207873
The Paul Butterfield Blues Band - Love Her With A Feeling,0.207415
Otis Spann - Home To Mississippi,0.206985
Junior Brown - I Hung It Up,0.205268
Pete Fountain - High Society,0.205183
Jimmy Somerville - To Love Somebody,0.204333
Clifford Brown - Donna Lee (live),0.201933
Schumann. Robert - String Quartet No. 2 in F major. Op. 41?2,0.201407
Chick Corea Elektric Band - Passage,0.199637
Nine Inch Nails - Zero Sum (Stephen Morris & Gillian Gilbert Remix),0.199015
Buddy Bregman - Derek's Blues,0.197863
Harold Melvin & The Blue Notes - Don't Leave Me This Way,0.197076
Tony Bennett - What A Wonderful World,0.196004
Little Milton - My Back Scratcher,0.195304
As One - In The Arms Of You,0.194839
Josh White - Bonbons. Chocolate. And Chewing Gum,0.193905
Dan The Automator - Sleep,0.193286
Boccherini. Luigi - Symphony In D Major. G. 496 (Op. 21?4),0.192203
"Dittersdorf. Karl Ditters von - Sinfonia In A Major. (""Sinfonia Nazionale Nel Gusto Di Cinque Nazioni""). Grave A10",0.192061
The Allman Brothers Band - Long Time Gone,0.191907
Boccherini. Luigi - Symphony In E Flat Major. G. 513 (Op. 35?5),0.191364
The Dukes Of Dixieland - Sunrise. Sunset,0.191001
James Cotton - Take Me Back,0.190173
Boyce. William - Trio Sonata No. 9 In C Major,0.189602
"Mealli. Giovanni - Sonata For Violin & Continuo. Op. 3?6 (""La Sabbatina"")",0.189207
Lowell Fulson - No More. Pt. 1,0.187693
Ella Fitzgerald - Bidin' My Time,0.186988
Bonerama - Funky Miracle,0.186218
Juno Reactor - Conga Fury (Animatrix Mix),0.186162
Rosetti. Antonio - Symphony In D Major. A 12?K 1 No 12,0.185062
Teddy Wilson - Body And Soul,0.185017
Say Hi To Your Mom - Blah Blah Blah,0.184808
Kenny Rogers (Holiday) - White Christmas,0.184667
Bill Haley & His Comets - (We're Gonna) Rock Around The Clock,0.18452
Ella Fitzgerald - A Fine Romance,0.182834
Spyro Gyra - Summer Fling,0.182651
Corona - Rythym Of The Night,0.181795
Toots Thielemans & Elis Regina - Aquarela Do Brasil,0.181082
Al Stewart - Time Passages,0.180522
Dire Straits - Sultans Of Swing,0.180214
Lauryn Hill - Ex-Factor,0.179745
Lee Ann Womack (Holiday) - Baby It's Cold Outside (feat. Harry Connick. Jr.),0.179518
Tricky - Aftermath,0.179436
Down To The Bone - Cellar Funk,0.179231
Dead Confederate - Shadow The Walls,0.179215
Rachmaninov. Sergey - Symphony No. 1 in D minor. Op. 13 (lost; reconstructed from piano duets and orch. fragments),0.178628
Stevie Wonder - Ribbon In The Sky,0.178343
Dean Martin - Ain't That A Kick In The Head,0.178167
Robert Shaw Chorale (Holiday) - Carol Of The Bells ? Deck The Halls,0.177406
Assemblage 23 - Longevity,0.175615
Lowell Fulson - Western Union Blues,0.174896
BR549 - Georgia On A Fast Train,0.174855
Social Distortion - Cold Feelings,0.17406
The Pharcyde - Groupie Therapy (Instrumental),0.173547
Chubby Checker - Let' Stwist Again,0.172386
Sam Bush - Song For Roy,0.171452
Soda Stereo - Paseando Por Roma,0.171426
Dean Martin - Mr. Wonderful (Live),0.17119
The Allman Brothers Band - Can't Take It With You,0.171092
Boccherini. Luigi - Quintet For Guitar & Strings In E Minor. G. 451 (arrangement Piano Quintet. G. 407),0.170588
Junior Brown - Gotta Get Up Everymorning,0.169471
Christina Aguilera (Holiday) - The Christmas Song,0.168815
Sean Hayes - Rattlesnake Charm (Dream Machine),0.168745
Jarabe De Palo - Agua,0.168184
Otis Spann - I'm Ready,0.168075
Boccherini. Luigi - Cello Concerto In C Major. G. 573,0.168008
Little Walter - Bad Acting Woman,0.167624
Ella Fitzgerald & Louis Armstrong - Cheek To Cheek,0.167386
Bob Brookmeyer - Skylark,0.166992
Pee Wee Hunt & His Orchestra - Twelfth Street Rag,0.166676
Robert Earl Keen - Feelin' Good Again (Live),0.166365
Eric Harringer & John Paul Lacey - Morning Sun,0.166229
The Beatles - Michelle,0.165326
Ella Fitzgerald - It's Only A Paper Moon,0.164441
Hank Williams III - Crazed Country Rebel,0.163401
Les Paul & Mary Ford - How High The Moon,0.163274
Doc Watson - Liitle Orphan Girl (Live),0.162499
Tipica 73 - Cachita,0.162085
Josh White - Uncle Sam Says,0.162046
Passion - Glorious,0.161609
Dan Crary - Senso Unico,0.161189
Strauss. Richard - Eine Alpensinfonie (An Alpine Symphony) For Orchestra. Op. 64 (TrV 233),0.160967
The Beatles - Maxwell's Silver Hammer,0.160298
Bing Crosby - I Don't Know Why (live),0.158623
Steve Winwood - While You See A Chance,0.158596
Rachmaninov. Sergey - Piano Concerto No. 1 In F Sharp Minor. Op. 1,0.158473
James P. Johnson - You've Got To Be Modernistic,0.157989
Ryan Montbleau Band - Stretch,0.157964
Sharon Jones & The Dap-Kings - Nobody's Baby,0.156852
System F - Out Of The Blue,0.156439
Slim Harpo - You Can't Make It,0.155927
Lorie Line - Think Of Me,0.153807
Maynard Ferguson - Everybody Moan,0.153617
Josh White - One For My Baby,0.152902
2Pac (Tupac) - Against All Odds,0.152269
Antonio Carlos Jobim - Insensatez (How Insensitive),0.151958
Silberbart - Head Tear Of The Drunken Sun,0.151436
Antonio Carlos Jobim - The Girl From Ipanema,0.150801
Chopin. Fryderyk - Nocturnes (3) For Piano. Op. 9. Ct. 108-110,0.15079
Dean Martin - Everybody Loves Somebody,0.150473
Dean Martin - On The Street Where You Live,0.149805
Ella Fitzgerald - Darn That Dream,0.149786
Junior Brown - You Didn't Have To Go All The Way,0.149631
Dittersdorf. Karl Ditters von - Concerto For Harp. 2 Oboes. 2 Horns & Stringorchestra In A Major,0.148977
John Jacob Niles (Holiday) - Jesus. Jesus. Rest Your Head,0.148572
Zion - Zun Da Da,0.148425
Herman's Hermits - There's A Kind Of Hush,0.148288
Soda Stereo - Ella Uso Mi Cabeza Como Un Revolver,0.1481
AC?DC - Moneytalks,0.147463
Rosalia De Souza - Ao Amigo Tom,0.147314
Mose Andrews - Ten Pound Hammer,0.147048
RJD2 - Things Go Better,0.146734
The Rolling Stones - Complicated,0.146492
BBC Big Band Orchestra - I'm Getting Sentimental Over You,0.145225
2Pac (Tupac) - Death Around The Corner,0.145047
Sky Saxon - Love Dog,0.145011
Wumpscut - Opening The Gates Of Hell,0.144929
George Acosta - Another Way (Club Mix),0.144873
Boccherini. Luigi - Symphony In D Major. G. 509 (Op. 35?1),0.144484
Deuter - Sea And Silence,0.144368
David Grisman & Tony Rice - Swing '42,0.143368
Don Ross - Klimbim,0.143129
Daryl Coley - I Will Bless Your Name,0.142349
Lowell Fulson - I'm A Night Owl (Part 2),0.142052
Black Sheep - The Choice Is Yours (Revisited),0.1419
Johnny Adams - Not Trustworthy (A Lyin' Woman),0.141755
Bessie Smith (Holiday) - At The Christmas Ball,0.140713
Loquat - Slow Fast Wait & See,0.140693
Tommy Emmanuel - The Hunt,0.140647
Otis Spann - Mr. Highway Man,0.140587
Van Morrison - Domino,0.140486
The Animals - Don't Bring Me Down,0.140394
Tommy Johnson - Cool Drink Of Water Blues,0.140006
Bryan Lee - Just Like A Fish,0.139782
Arrested Development - Tennessee,0.139563
Doc Watson - Jimmy's Texas Blues (Live),0.13934
Roomful Of Blues (Holiday) - Have Yourself A Merry Little Christmas,0.13885
Tom Rush - Mole's Moan,0.138581
Howard Roberts - Watermelon Man,0.138427
Roni Size & Reprazent - Brown Paper Bag (Roni Size Full Rap Remix),0.138264
Cold Grits - It's Your Thing,0.138136
Antonio Vivaldi (Holiday) - Gloria In D Major. Et In Terra Pax,0.137817
!!! (Chk Chk Chk) - Hello? Is This Thing On,0.137608
The Beatles - Ob-La-Di. Ob-La-Da,0.13655
Doctor Ross - Tailor Made,0.134918
Tex Ritter - I've Found A New Baby (Instrumental),0.134605
Underworld - Born Slippy,0.134527
"Boccherini. Luigi - Symphony In D Minor (""La Casa Del Diavolo""). G. 506 (Op. 12?4)",0.13422
John Scofield - Drop And Roll,0.13391
Talib Kweli - I Try,0.133898
Dan The Automator - Champions (Instrumental),0.13377
Johannes Linstead - Cielo Azul,0.133558
Tony Bennett - The Best Man,0.133446
The Jam - Absolute Beginners,0.132096
Roni Size & Reprazent - Hi-Potent,0.131947
Public Enemy - Don't Believe The Hype,0.131711
Maria Bethania & Gal Gosta - Sonho Meu,0.131328
James Cotton - Blues For Jacklyn,0.131117
Johannes Linstead - La Rumbita,0.130437
The Clovers - Devil Or Angel,0.130345
Cherubini. Luigi - Symphony In D Major,0.129994
Naama Hillman - Falling,0.129764
Don Carlos & Golo - Tear Drops,0.128588
RJD2 - All For You,0.128559
Teddy Wilson - I've Got A Crush On You,0.128557
L.T.D. - Back In Love Again,0.127813
Bill Haley & His Comets - Shake. Rattle And Roll,0.125895
Reno & Smiley - I Saw Your Face In The Moon,0.12531
The Rolling Stones - I'm Free,0.124486
Bob Baldwin - I Wanna Be Where You Are,0.124468
Sam Bush - Spooky Lane,0.124385
Lester Young - Prisoner Of Love,0.124155
Couperin. Francois - Ignitum Eloquium Tuum. Motet Verset For 2 Sopranos. 2 Violins & Continuo (4 Versets D'un Motet),0.123907
Nine Inch Nails - Heresy,0.123749
Chuck Berry (Holiday) - Run Rudolph Run,0.123544
Black Sheep - The Choice Is Yours (Album Version),0.12343
Social Distortion - Bad Luck,0.123293
Paul Oakenfold - Amsterdam,0.123279
Marvin Sapp - Perfect Peace,0.122499
Toots & The Maytals - Sweet And Dandy,0.122243
Poppa Hop & His Orchestra (Holiday) - Merry Christmas Darling,0.121923
Jake Schepps - Bluff's Collar,0.121883
Liz Story (Holiday) - O Thou Joyful Day - O Little Town of Bethlehem,0.121867
Harry Connick. Jr. - I Could Write A Book,0.121867
Donnie McClurkin - He's Calling You,0.121837
Jackie Wilson - Lonely Teardrops,0.121204
Fastball - Are You Ready For The Fallout?,0.12107
Provision - Visualize,0.121054
Shudder To Think - Goat,0.120624
Gerry & The Pacemakers - See You In September,0.120573
Doc Watson - Little Sadie,0.120433
Rosalia De Souza - Nem Que Seja A Nado,0.120388
Marvin Gaye - Let's Get It On,0.119903
Sam Bush - Mr. Freddie,0.119883
Schumann. Robert - Cello Concerto in A minor. Op. 129,0.119713
Suffocation - Reincremation,0.11924
The Pharcyde - Ya Mama (Instrumental),0.119036
Port O'Brien - Tree Bones,0.118811
"Lucky Thompson - Take The ""A"" Train",0.118677
Tommy Emmanuel - One Mint Julep,0.118331
Al Di Meola - Tangata De Alba,0.118282
Eric Harringer & John Paul Lacey - Nature's Lullaby,0.118117
XTC - Roads Girdle The Globe,0.118099
Wreckless Eric - Excuse Me,0.118014
Johnny Maestro & The Crests - Angels Listened In,0.117646
Boccherini. Luigi - Symphony In A Major. G. 498 (Op. 21?6),0.117181
Marvin Gaye - I Want You,0.117047
Irish Rovers (Holiday) - We Wish You A Merry Christmas,0.11683
The Essex - Easier Said Than Done,0.116134
Gladys Knight & The Pips - Best Thing That Ever Happened To Me,0.116103
Augustus Pablo - Give Praise (Norris Reid),0.115877
Anointed - Mighty Long Way,0.115846
Boccherini. Luigi - Symphony In C Minor. G. 519 (Op. 41),0.115331
Fairfield Four - How I Got Over,0.115324
Chubby Checker - Pony Time,0.114809
La Sonora Dinamita - La Cortina,0.114676
Sade - By Your Side,0.114535
Take 6 - Sing A Song,0.114521
Reno & Smiley - Charlotte Breakdown,0.114426
The Century's - Hard Times,0.113836
Pete Fountain - While We Danced At The Mardi Gras,0.113315
Junior Brown - Freeborn Man,0.113223
Korn - Blind,0.112488
The Beatles - Can't Buy Me Love,0.112452
Charles Wright & The Watts 103rd Street Rhythm Band - Express Yourself,0.112345
Doc Watson - Spike Driver Blues,0.111023
The Ray Conniff Singers (Holiday) - Santa Claus Is Coming To town,0.110915
Harry Connick. Jr. - It Had To Be You,0.110214
Lynyrd Skynyrd - Free Bird (Live),0.110143
C.J. Chenier & The Rod Hot Louisiana Band - Bad Luck,0.10926
Jim Taylor - Little Rose Is Gone. Billy In The Lowground,0.109122
Victor Manuelle - Sin Querer Queriendo,0.108808
Patrick Lundy - That's Who He Is (Live),0.10878
The Beatles - She Came In Through The Bathroom Window,0.108695
Converge - The Broken Vow,0.108229
Eddie Fisher (Holiday) - My Favorite Things,0.108109
Bobo Thomas - Catfish Blues,0.108027
Boieldieu. Francois-Adrien - Concerto For Harp & Orchestra In C. Op.77,0.107981
Lee Ann Womack (Holiday) - Let It Snow & Winter Wonderland,0.107876
Deuter - Marfa Lights 1,0.107104
Arrested Development - People Everyday (Reprise),0.106708
Al Di Meola - Black Pearls,0.106603
The Troggs - Wild Thing,0.106234
Novakill - Why Won't You Die!?!,0.106137
Melissa Ferrick - Fear And Time,0.106103
Ella Fitzgerald & Louis Armstrong - Love Is Here To Stay,0.105991
Pepe Aguilar - Perdoname,0.105689
Frank Sinatra & Bing Crosby (Holiday) - The Christmas Song ? White Christmas,0.105414
Leftover Salmon - Midnight Blues (feat. Del & Ronnie McCoury),0.104808
Pepe Bradock - Un Pepe Dans La Dentelle,0.104648
The Rolling Stones - Gimme Shelter,0.10452
Furry Lewis - Why Don't You Come Home Blues,0.104375
Project 86 - Something We Can't Be,0.104351
Everton Blender - I Love Jah Jah,0.104185
Danny Gatton & Tom Principato - I'm On Fire (Live),0.103862
Lyle Lovett - That's Right (You're Not From Texas),0.10384
Dj Baby Anne & Jen Lasher - Fear2,0.103298
Marvin Gaye - Mercy Mercy Me,0.102979
Nitty Gritty Dirt Band - Fish Song,0.102842
The Offspring - Can't Repeat,0.102787
James Brown - Cold Sweat (Part 1),0.102384
Broken Social Scene - Fire Eye'd Boy,0.10228
Andrae Crouch - Soon And Very Soon,0.102045
Endre - Kallocain (Robert Nickson Remix),0.101997
Kenny Loggins - Danger Zone,0.101732
Deuter - Buddha Nature,0.101462
Chet Atkins & Les Paul - It Had To Be You,0.101124
Roni Size & Reprazent - Snapshot,0.100509
Goodie Mob - Soul Food,0.100355
AC?DC - Hells Bells,0.100307
The Animals - See See Rider,0.100265
Beck. Ignaz. Franz - Overture (Sinfonia) In G Major. Op. 1?5 (Callen 5),0.100157
Burning Witch - Sea Hag,0.09987
Mahler. Gustav - Symphony No. 5 in C sharp minor,0.09951
Phil Collins - Another Day In Paradise (Live),0.099434
Couperin. Francois - In Lectulo Meo,0.099401
Van Morrison - Days Like This,0.099021
Ella Fitzgerald - Mood Indigo,0.098918
Liquid Mind - Lullaby For Grownups,0.098853
Jimmy Ruffin - What Becomes Of The Brokenhearted,0.098541
Augustus Pablo - Maka,0.098519
AC?DC - Dirty Deeds Done Dirt Cheap,0.097884
Chino Espinoza -Los Duenos Del Son - Hector Lavoe Medley,0.097852
The Rolling Stones - Ruby Tuesday,0.097839
The New Colony Six - I Lie Awake,0.097759
Bonerama - Freddie,0.097708
Freddie Jackson - You Are My Lady,0.097273
Jr. Walker & The All Stars - Cleo's Mood,0.097072
Canned Heat (Holiday) - Christmas Blues,0.096725
Balearic Bill - Destination Sunshine,0.096414
Brett Dennen - One Who Loves You The Most,0.096331
Waylon Jennings - San Francisco Mabel Joy,0.096067
Sex Pistols - Problems,0.095857
Public Enemy - Fight The Power,0.095704
R.L. Burnside - When My First Wife Left Me,0.095364
Willie Nix - Prison Bound Blues,0.095346
Schumann. Robert - Piano Concerto in A minor. Op. 54,0.095308
Baguer. Carlos - Symphony No. 18 In B Flat Major,0.095095
Dead Confederate - Tortured Artist Saint,0.095087
Kidz In The Hall - The Pledge,0.095065
David Grisman & Tony Rice - Song For Two Pamelas,0.094678
Bonerama - Louie's Perch,0.094292
Kitty Kallen - Little Things Mean A Lot,0.093738
The Pharcyde - On The DL (Instrumental),0.093609
Bill Evans & Jim Hall - I Hear A Rhapsody,0.093484
The Roots - Don't Feel Right (Instrumental),0.093218
Waylon Jennings - Clyde,0.093171
The Bird And The Bee - F*cking Boyfriend (Peaches Remix),0.09295
The Paul Butterfield Blues Band - Help Me,0.092612
Nitty Gritty Dirt Band - Mr. Bojangles,0.092574
David Grisman & Tony Rice - O Solo Mio,0.092223
Georges Street - The Tartar Frigate,0.092193
Dan Crary - Amsterdance,0.091755
Passion - You Never Let Go,0.091665
Lee Sykes - Lock Jaw,0.091312
Doc Watson - Eastbound Train (Live),0.091231
Jon Schmidt - Solace,0.091116
David Bowie - Rebel Rebel,0.091082
Wumpscut - Golgotha,0.090924
Dire Straits - Once Upon A Time In The West,0.090766
Baguer. Carlos - Symphony No. 13 In E Flat Major,0.090748
G. Love & Special Sauce - Love,0.090737
The Beatles - Got To Get You Into My Life,0.090411
Lone Ranger - Collie Rock,0.089903
Foghat - Dreamer,0.089897
Junior Brown - Semi-Crazy,0.089737
Teddy Wilson - Easy To Love,0.089618
Phil Collins - Do You Remember?,0.089607
Junior Brown - Freedome Machine,0.08942
Fats Waller (Holiday) - Winter Weather,0.089289
Don Ross - Blue Bear,0.089153
Crosby. Stills. Nash & Young - Woodstock,0.088373
David Wilcox - Common As The Rain,0.088072
Sevendust - Enemy,0.087835
Big Al Carson (Holiday) - Santa Claus Is Comin' To Town,0.087724
Jay Reatard - Oh It's Such A Shame,0.087551
Wolfmother - Colossal,0.087524
James Brown - Funky President,0.087367
Cal Tjader - Stardust,0.087283
Stars Of The Lid - Broken Harbors? Part 1,0.087101
Delroy Wilson - I Can't Help Myself,0.086996
Seba & Lo-Tec - So Long,0.086943
Redman - Tonights Da Night,0.086688
The Beatles - Run For Your Life,0.086526
Brian Culbertson - Say What? (feat. Steve Cole),0.08652
Dean Martin - Memories Are Made Of This,0.086511
Faure. Gabriel - Impromptu for piano No. 3 in A flat major. Op. 34,0.086495
Nas - Get Down,0.08649
Chris Bocast - Hearts' Rest,0.086464
The Dead Milkmen - Punk Rock Girl,0.086324
Dan Crary - Lime Rock,0.086228
Kenny G - The Way You Look Tonight,0.085733
Khachaturian. Aram - Masquerada. Suite From The Incidental Music For Orchestra (or Piano),0.085211
Alison Krauss - Everytime You Say Goodbye,0.084985
Ryan Montbleau Band - Honeymoon Eyes,0.084858
Moby Grape - Lazy Me,0.084747
Kidz In The Hall - Don't Stop,0.084625
Les Brown And His Band Of Renown - Moonlight In Vermont,0.08462
Gaither Vocal Band - Swing Down Chariot,0.084478
Gyptian - Take Me Higher,0.084407
Del Tha Funkee Homosapien - If You Must,0.084313
Loreena McKennitt (Holiday) - The Stockford Carol,0.084117
Funkadelic - One Nation Under A Groove,0.083948
The Commodores - Easy,0.083527
Stevie Wonder - Superstition,0.083369
Filter - The Only Way (Is The Wrong Way),0.083261
Billy Preston - Outa-Space,0.082955
Ray Charles & The Count Basie Orchestra - I Can't Stop Loving You,0.082717
James Brown - Soul Power,0.08271
Jon Bon Jovi (Holiday) - Please Come Home For Christmas,0.082687
Mojo Nixon and the Toadliquors (Holiday) - Boogie Woogie Santa Claus,0.082631
!!! (Chk Chk Chk) - Me And Giuliani Down By The School Yard (A True Story),0.082589
The Beatles - Get Back (Love Version),0.082072
Larry Carlton - Layla,0.081993
Sarah McLachlan - Train Wreck,0.081959
Brett Dennen - There Is So Much More,0.0817
Boccherini. Luigi - Quintet For Guitar & Strings In D Minor. G. 445 (arrangement Of Piano Quintet. G. 416),0.081546
Drive-By Truckers - Sink Hole,0.081533
Enanitos Verdes - Luz De Dia,0.081276
Twilight 22 - Electric Kingdom,0.080934
John Butler Trio - Funky Tonight,0.080787
4 Haven Knights - In My Lonely Room,0.080766
Ella Fitzgerald & Louis Armstrong - A Foggy Day,0.080601
Hilary Stagg - Island Sweets,0.079876
Dave Swarbrick - Two Magicians,0.079821
Furry Lewis - Falling Down Blues,0.079688
Chayanne - Y Tu Te Vas,0.079647
Mendelssohn. Fanny - String Quartet In E Flat Major,0.0794
The Pointer Sisters - Jump,0.079314
Broken Social Scene - Shampoo Suicide,0.079126
Labelle - Lady Marmalade,0.078911
Chopin. Fryderyk - Waltzes (3) for piano. Op. 70. CT. 217-219,0.078428
The Orb - Once More (Bedrock Dub Mix),0.078367
Baguer. Carlos - Symphony No. 16 In G Major,0.078262
Willie Colon & Ruben Blades - Ojos,0.078217
Verdi. Giuseppe - Sacred Pieces (4). For Chorus & Orchestra (Quattro Pezzi Sacri),0.078174
Kidz In The Hall - Ritalin,0.077733
The Animals - Baby Let Me Take You Home,0.077636
Lutan Fyah - No More Suffering,0.077579
Junior Brown - My Wife Thinks Your Dead,0.077561
Death Vessel - Dancers All,0.076839
The Association - Windy,0.076452
Fugazi - Suggestion,0.07642
Kate Nash - Habanera,0.076324
Joseph Arthur - Favorite Girl,0.076201
Lucy Kaplansky - Written On The Back Of His Hand,0.076125
Donnie McClurkin - Again,0.076116
Boccherini. Luigi - Cello Concerto In B Flat Major. G. 482,0.076114
Nitty Gritty Dirt Band - You Are My Flower,0.076033
Josh White - Jesus Gonna Make Up My Dying Bed,0.075973
Mary Chapin Carpenter - Right Now,0.075915
Jake Schepps - In The American West? Rocky Ford,0.075363
Boyz II Men (Holiday) - Let It Snow,0.074676
The Young Tradition - Lyke Wake Dirge,0.074367
Ella Fitzgerald & Louis Armstrong - Stars Fell On Alabama,0.074356
Jon Schmidt - Night Song,0.074336
Delroy Wilson - It's The Same Old Song,0.074146
Marky Ramone - Blitzkrieg Bop,0.073488
Lazy Lester - Nothing But The Devil,0.073431
Robin Thicke - Complicated,0.073337
Mercyme - Grace Tells Another Story,0.073259
Roni Size & Reprazent - Mexican,0.073122
Orchestral Manoeuvres In The Dark - Dreaming,0.072529
Boz Scaggs - It All Went Down The Drain (Live),0.072368
Lowell Fulson - Everyday I Have The Blues,0.072123
Whitney Houston (Holiday) - Joy To The World,0.072002
Doc Watson - Banks Of The Ohio (Live),0.071609
George Acosta - Tranzy State Of Mind (Club Mix),0.07145
Boccherini. Luigi - Symphony In B Flat Major. G. 493 (Op. 21?1),0.071389
Midnight Star - Freak-A-Zoid,0.071207
Pepe Aguilar - Me Falta Valor,0.071168
Sam Bush - The Dolphin Dance,0.071041
Jackson 5 - I Want You Back,0.070944
Outkast - Ms. Jackson,0.070876
Sonny Rollins - Manhattan,0.070436
Ziggy Marley - Be Free,0.070336
Huracanes Del Norte - Nomas Por Tu Culpa,0.069921
Digital Underground - Doowutchyalike,0.069828
Michelle Branch - All You Wanted,0.06929
Butch Thompson (Holiday) - We Three Kings,0.069142
Richard Hell & The Voidoids - Love Comes In Spurts,0.068917
The Monkees - The Monkees,0.068866
Marty Robbins (Holiday) - The Joy Of Christmas,0.068838
Toots & The Maytals - Schooldays,0.068575
Jennifer Haines (Holiday) - Cantique De Noel (O Holy Night),0.068377
The Blakes - Commit,0.068309
Darrell Evans - Trading My Sorrows,0.06824
The Royal Guardsmen - Snoopy Vs. The Red Baron,0.067663
Hank Williams III - Honky Tonk Girls,0.067581
Margot Meets The Melody Maker - Torch (Extrawelt Remix),0.067375
Kidz In The Hall - Wassup Jo',0.067181
Doc & Merle Watson - Big Spike Hammer,0.066747
Sex Pistols - New York,0.066683
The Rolling Stones - Get Off Of My Cloud,0.066661
Boccherini. Luigi - Cello Concerto In C Major. G. 477,0.066646
Junior Brown - Highway Patrol,0.066605
Boccherini. Luigi - Symphony In E Flat Major. G. 510 (Op. 35?2),0.066505
The Blakes - Modern Man,0.066359
Corciolli - Mikhael (Angel Of Divine Protection),0.066306
Men Of Steel - In Flagrante (Live),0.066283
Alison Krauss - Whiskey Lullaby,0.066147
Donnie McClurkin - Yes You Can,0.065744
Foo Fighters - Low,0.065495
Sharon Jones & The Dap-Kings - Let Them Knock,0.065426
The Beatles - No Reply,0.065367
Bing Crosby - When You Wore A Tulip (live),0.065358
Downhere - Feels Like Winter,0.065178
Ruben Studdard - Shout To The Lord,0.065138
Kokomo Arnold - Milk Cow Blues,0.065118
Maxine Nightingale - Right Back Where We Started From,0.06489
Angelo - Save The Music,0.064678
The Cambridge Singers & Orchestra (Holiday) - Good Christian Men. Rejoice,0.06451
Lefty Frizzell - I Love You A Thousand Ways,0.064231
Gilberto Gil - Mancada,0.064229
Jackson 5 - Dancing Machine,0.063469
Beres Hammond - Rock Away,0.063374
Irish Rovers (Holiday) - The Holly Bears The Crown,0.063308
Tetsu Inoue - Mini Moon,0.06317
Ned Luberecki - Emergency Pulloff,0.063102
The Beatles - Help!,0.062971
Duran Duran - Ordinary World,0.062927
Lynyrd Skynyrd - Sweet Home Alabama,0.0629
Rosetti. Antonio - Symphony In C Major. A 9?K 1 No 21,0.062648
? And The Mysterians - Can't Get Enough Of You Baby,0.062539
Jerry Jeff Walker - Gettin' By (Live),0.062298
Steve Roach & Robert Rich - Silk Ridge,0.062144
2Pac (Tupac) - How Do U Want It,0.06209
RJD2 - Inhale (Remix),0.061782
Ella Fitzgerald - I Don't Want To Take A Chance,0.061717
Jay Reatard - We Who Wait,0.06164
Michael Martin Murphey (Holiday) - Sleigh Ride ? Jingle Bells,0.061525
Sharon Jones & The Dap-Kings - 100 Days. 100 Nights,0.061495
Kathleen Edwards - I Make The Dough. You Get The Glory,0.061453
The Ray Conniff Singers (Holiday) - Silver Bells,0.061412
Your Vegas - In My Head,0.061267
Alter Bridge - One By One,0.061179
Prince - Let's Work,0.061047
Marvin Gaye - I'll Be Doggone,0.06104
The Supremes - Love Is Here And Now You're Gone,0.060576
Boyce. William - Trio Sonata No. 6 In B Flat Major,0.060514
Grey Daturas - Hanging Man Is No Peacock,0.060478
Kenny G - G-Bop,0.059976
The Del McCoury Band - A Far Cry,0.05988
Franco De Vita - Como Decirte No,0.059404
James Brown - Get Up Offa That Thing,0.059372
Antonio Aguilar - Mi Ranchito,0.059312
Shalamar - Make That Move,0.058984
Christina Aguilera (Holiday) - This Christmas,0.05871
Justin Hinds & The Dominoes - Carry Go Bring Come (Ska Version),0.058582
Say Hi To Your Mom - Your Brains Vs. My Tractorbeam,0.058517
The Smokin' Joe Kubek Band - Comin' Home Today,0.058502
Earl Scruggs - Stash It,0.058328
Lucy Kaplansky - When I Get To The Border,0.058324
David Grisman & Tony Rice - Morning Sun,0.058284
Yellowman - Weed Dem (feat. Beenie Man),0.05814
Shadows Of Knight - I'll Make You Sorry,0.058109
John Prine - Pretty Good,0.057895
Sharon Jones & The Dap-Kings - Cut That Line,0.057777
Bond - Space,0.057655
Cardenales De Nuevo Leon - Por Las Damas,0.057653
Sonicflood - I Could Sing Of Your Love Forever,0.057625
Flatfoot 56 - Brotherhood,0.057595
War - Why Can't We Be Friends,0.057529
The Business - Drinking And Driving,0.057525
D - Nox & Beckers - Jet Lag Slave,0.057525
RJD2 - Ghostwriter (Remix),0.057451
Toots & The Maytals - Never You Change (Reggae Version),0.057357
Michael Martin Murphey - Talkin' To The Wrong Man,0.057266
Montgomery Gentry - Speed,0.057082
Lyle Lovett - North Dakota,0.056973
Staind - For You,0.056841
Prince - Kiss,0.056813
Waylon Jennings - Theme From The Dukes Of Hazzard,0.056576
Lazy Lester - A Woman,0.056532
Dj Alibi - Eglinton West Blues,0.056388
Luis Miguel - La Incondicional,0.056337
"Boccherini. Luigi - Quintet For Guitar & Strings In C Major (""La Ritirada Di Madrid""). G. 453 (arrangement Of Piano Quintet. G. 409)",0.05611
Z-Ro - Mo City Don (Freestyle),0.056092
Royal Crown Revue (Holiday) - Baby It's Cold Outside (feat. Vicky Tafoya),0.055943
Little Milton - Penitentiary Blues,0.055635
Van Morrison - Midnight Special,0.055628
Tony Bennett - She's Funny That Way,0.055543
David Grisman & Tony Rice - I Am A Pilgrim,0.055298
Cherubini. Luigi - Overtures,0.055197
Faure. Gabriel - Piano Trio In D Minor. Op. 120,0.055077
The Crests - Angels Listened In,0.055009
Brian Eno - An Ending (Ascent),0.054931
The Time - Jungle Love,0.054838
The Del McCoury Band - On The Lonesome Wind,0.054776
Aterciopelados - Bolero Falaz,0.054775
Palmgren. Selim - May Night. For Piano,0.054401
Assemblage 23 - Damaged,0.054384
Keith Sweat (Holiday) - It's Christmas Again,0.054378
The Beatles - If I Needed Someone,0.054242
Cherubini. Luigi - Requiem No.2. For Male Chorus & Orchestra In D Minor,0.054139
Victor Manuelle - Tengo,0.054102
Herman's Hermits - I'm Henry The VIII I Am,0.053892
Willie Colon & Ruben Blades - Pedro Navaja,0.053725
Westbam - Elektronische Tanzmusik,0.053584
Euge Groove - Get Em Goin',0.053526
The High Violets - Sun Baby,0.05347
Lefty Frizzell - Always Late With Your Kisses,0.053197
Band Of Horses - The First Song,0.053112
Betty Everett - The Shoop Shoop Song (It's In His Kiss),0.05309
Michael Jackson (Holiday) - Little Christmas Tree,0.05299
Mahler. Gustav - Symphony No. 10 In F Sharp Minor (realization By Deryck Cooke),0.052925
Corciolli - Forest Spirit,0.052822
The Beatles - When I Get Home,0.052578
Fastball - Which Way To The Top,0.052576
Converge - Homewrecker,0.05247
Victor Manuelle - Como Una Estrella,0.052392
Boccherini. Luigi - Cello Concerto In D Major. G. 483 (Op. 34),0.052039
The Christmas Jug Band (Holiday) - Boogie Woogie Santa Claus,0.051896
Couperin. Francois - L'Espagnole (La Visionnaire). For 2 Violins & Continuo (Les Nations),0.051754
AC?DC - Problem Child,0.051678
Imogen Heap - The Walk,0.051411
Boccherini. Luigi - Minuet in A major. arrangements (after String Quintet in E major. Op.11?5 [aka Op. 13?5]. G. 275),0.051357
Beau Jocque & The Zydeco Hi-Rollers - Chere Mignonne (Dear Cute One),0.05096
Old Crow Medicine Show - Take 'Em Away,0.050892
Tito - Caile,0.050876
The Mars Volta - Roulette Dares (The Haunt Of),0.05059
Earthless - Cherry Red,0.050464
The Fiery Furnaces - Here Comes The Summer,0.050424
Filter - Welcome To The Fold,0.050229
Stevie Wonder - Overjoyed,0.050196
Roberto Roena - El Pueblo Pide Que Toque,0.049919
Butch Thompson (Holiday) - God Rest Ye Merry Gentlemen,0.049899
The Seldom Scene - Maybe You Will Change Your Mind,0.049807
Ohio Players - Fire,0.049694
The Blakes - Streets,0.049631
Eggs Over Easy - 111 Avenue C,0.049543
Adele - Best For Last,0.049473
Little Feat - Oh Atlanta,0.049367
Markus Reuter - A Clue To Reality,0.049303
The Fray - How To Save A Life,0.049204
Various Artists? 50 Most Loved Christmas Carols (Holiday) - While Sherherds Watched Their Flocks,0.049096
The Black Angels - Bloodhounds On My Trail,0.049007
Beck. Ignaz. Franz - Overture (Sinfonia) In G Minor. Op. 1?1 (Callen 1),0.048763
Question Mark and the Mysterians - 96 Tears,0.048759
Michael Spence - Is This Love,0.048524
Faure. Gabriel - Sonata For Cello & Piano No. 2 In G Minor. Op. 117,0.048496
Sex Pistols - EMI,0.048365
Pepe Aguilar - A Pesar De Todo,0.04832
Prince - Little Red Corvette,0.048125
AC?DC - Highway To Hell,0.048076
Boccherini. Luigi - Symphony In A Major. G. 508 (Op. 12?6),0.048025
Jackson 5 - Oh How Happy,0.048013
Benny Page - Neck Breaker,0.047894
The Five Blind Boys Of Mississippi - Thank The Lord I'm Singing Again,0.047879
Ani DiFranco - Little Plastic Castle (Live 1.25.04),0.04775
Kim Wilson - High & Lonesome (live),0.04748
Conjure One - Extraordinary Way (Antillas Mix),0.047386
Turn Me On Dead Man - 67 Dreams,0.047381
Boccherini. Luigi - Symphony In D Minor. G. 522 (Op. 45),0.047293
Christina Aguilera (Holiday) - Have Yourself A Merry Little Christmas,0.047289
Ella Fitzgerald - My Man,0.047207
Boccherini. Luigi - Sonata for cello & continuo in G major. G. 5 (Six Sonatas No. 3),0.047141
Winters - Mark My Word,0.047137
Ambrosia - How Much I Feel,0.04712
Boccherini. Luigi - String Quartet In G Minor. G. 205 (Op. 32?5),0.047085
Bassnectar - Creation Lullabye,0.046678
Debbie Reynolds - Love Is A Simple Thing,0.046507
Nitty Gritty Dirt Band - One Sure Honest Line,0.0465
The Beatles - Something,0.046477
Dan Crary - Lady's Fantasy,0.046379
Stephen Kellogg & The Sixers - Sweet Sophia,0.046085
Neil Young - Cripple Creek Ferry,0.045817
Luis Miguel - Hasta Que Me Olvides,0.045787
Louis Armstrong (Holiday) - Christmas Night In Harlem,0.045754
Ani DiFranco - As Is (Live 11.16.03),0.045667
Broken Social Scene - Our Faces Split The Coast In Half,0.045522
Ella Fitzgerald - For You. For Me. For Evermore,0.045501
The Paul Butterfield Blues Band - Piney Brown Blues,0.045474
John R. Burr - For The Asking,0.045463
Alison Krauss - Can't Find My Way Home,0.045458
Al Stewart - Broadway Hotel,0.045445
Whitney Houston (Holiday) - Do You Hear What I Hear?,0.045282
The Beatles - Baby You're A Rich Man,0.045246
Joe Jackson - Baby Stick Around,0.04493
Del Tha Funkee Homosapien - Phoney Phranchise,0.04485
Cat Stevens - Don't Be Shy,0.044802
FC Kahuna - Machine Says Yes,0.044777
The Beatles - With A Little Help From My Friends,0.044767
Holly Cole - Christmas Blues,0.044686
George Michael - Praying For Time,0.044413
Janis Figure - Mechanical Bull,0.04439
Los Lobos - Let's Say Goodnight,0.044338
Ivory Joe Hunter - Shooty Booty,0.044296
The Rolling Stones - 19th Nervous Breakdown,0.04425
Sons And Daughters - Johnny Cash,0.0442
Will Ackerman (Holiday) - Emmanuel,0.044193
Brother Ali - Blah Blah Blah (feat. Slug),0.044075
Garfield Akers - Cottonfield Blues Part 1,0.043788
Kasey Chambers - Nothing At All,0.043683
Verdi. Giuseppe - Requiem Mass. For Soloists. Chorus & Orchestra (Manzoni Requiem),0.043647
Kidz In The Hall - Mr. Alladatsh*T,0.043421
George Acosta - The Storm,0.043416
Leftover Salmon - Steam Powered Aeroplane (Live),0.043216
Converge - For You (Live),0.043107
Sara Bareilles - Gravity (2003),0.043004
Bryan Mann - Who Put The Bomp (In The Bomp Bomp Bomp),0.0424
Rosetti. Antonio - Symphony In F Major. A 33?K 1 No 24,0.042366
The Cambridge Singers & Orchestra (Holiday) - Angels We Have Heard On High,0.042217
Los Rieleros Del Norte - El Amor No Se Vende,0.042095
"Boccherini. Luigi - Quintet For Guitar & Strings In D Major (""Fandango""). G. 448 (Arrangement Of String Quintets. G. 270 & 341)",0.041998
Ian Van Dahl - Castle In The Sky,0.041944
Midnight Star - No Parking,0.04194
Boccherini. Luigi - Symphony In D Major. G. 520 (Op. 42),0.041916
Guns N' Roses - Paradise City,0.041899
Al Di Meola - Milonga Del Angel,0.041736
Boyce. William - Ode For St. Cecilia's Day,0.041726
Livin' Joy - Don't Stop Movin',0.041703
La Sonora Dinamita - A Mover La Colita,0.041559
Stevie Wonder - My Cherie Amour,0.041538
Tiamat - For Her Pleasure,0.041371
Deuter - Earth Shadow,0.041332
Phil Wickham - Spirit Fall,0.041093
Rogue Wave - Nourishment Nation,0.041077
Jake Schepps - Origami,0.040947
Various Artists? 50 Most Loved Christmas Carols (Holiday) - Lo. How A Rose E'er Blooming,0.040941
Robert Earl Keen - Corpus Christi Bay,0.040855
Jars Of Clay (Holiday) - God Rest Ye Merry Gentlemen,0.040835
Seu Jorge - Rebel Rebel,0.040808
Klute - Oshima,0.040782
Rosetti. Antonio - Symphony In G Major. A 40?K 1 No 22,0.040659
The Bamboos - Tighten Up,0.040659
Pamela Williams - Elixir,0.04057
Shudder To Think - Own Me,0.040558
Rilo Kiley - A Man ? Me ? Then Jim,0.040542
Christopher Lawrence - Hot Rod,0.04045
Nitty Gritty Dirt Band - Wildwood Flower,0.040435
Jim Henry+Brooks Williams - On The Rollin' Sea,0.040338
Finger Eleven - First Time,0.040313
England Dan & John Ford Coley - Gone Too Far,0.040288
Boccherini. Luigi - Sonata for cello & continuo in C major. G. 17,0.040262
Black Lips - Can't Dance,0.040021
"Dittersdorf. Karl Ditters von - Symphony After Ovid's ""Metamorphoses"" No. 4 In F Major (""Die Rettung Der Andromeda Durch Perseus"")",0.039768
Prince - Let's Work (Dance Mix),0.03976
Furry Lewis - This Time Tomorrow,0.039458
Ziggy Marley - Drive,0.039415
Johnny Horton - Out In New Mexico,0.039415
John Tesh - God Of Wonders,0.039399
The Cambridge Singers & Orchestra (Holiday) - O Little One Sweet,0.039397
Bishop Allen - Things Are What You Make Of Them,0.039337
Rachmaninov. Sergey - Moments Musicaux (6) For Piano. Op. 16,0.039335
The Wallflowers - 6th Ave Heartache,0.0393
Dennis Alcapone & Prince Jazzbo - Lorna Banana,0.039277
Robert Henke - Signal To Noise II,0.039075
Bill Monroe - Molly & Tenbrooks,0.039022
Boccherini. Luigi - Quintet For Guitar & Strings In G Major. G. 450 (Arrangement Of Quintet For Flute And Strings. G. 531 & String Quartet. G. 240),0.038947
Guns N' Roses - November Rain,0.038885
Cher - Gypsys. Tramps & Thieves,0.038876
The Commodores - Brick House,0.038687
Junior Brown - Lookin' For Love,0.03868
Boccherini. Luigi - Symphony In D Major. G. 503 (Op. 12?1),0.038631
Public Enemy - Can't Truss It,0.038625
Deuter - Marfa Lights 2,0.038615
The Pharcyde - Pharcyde (Instrumental),0.03854
Dan Crary - Tom & Jerry,0.038498
Videos - Trickle Trickle,0.038434
Irish Rovers (Holiday) - God Rest Ye Merry Gentlemen,0.038259
John Tesh - Key Of Love (live),0.038243
Dan Crary - On The Fritz,0.038041
David Darling - Lady Child's Dream,0.038013
Boccherini. Luigi - Cello Concerto In A Major. G. 475,0.037912
Justin Timberlake - What Goes Around...?...Comes Around (Interlude),0.037875
William Clarke - Five Card Hand,0.037695
Furry Lewis - Furry's Rag (Take Your Time. Baby),0.037667
Nick Drake - Here Come The Blues,0.037597
Jimmy Dorsey - Begin The Beguine,0.037583
The Del McCoury Band - I'm Afraid I Forgot The Feeling,0.037498
Alison Krauss - Foolish Heart,0.037435
Your Vegas - Troubled Times,0.037226
The Wiseguys - Ooh La La,0.037213
The Beatles - Day Tripper,0.037198
Anne Murray - Danny's Song,0.037164
Justin Timberlake - Rock Your Body,0.037142
Liquid Mind - Zero Degrees Zero,0.03712
The Aggrolites - Mr. Misery,0.037026
Albert King - Born Under A Bad Sign (Live),0.036934
Will Smith - Men In Black,0.036882
The Beatles - Paperback Writer,0.036806
Janet Beazley - White (Long Time Travelin'),0.03646
Wire - Reuters,0.036456
Bonerama - Crosstown Traffic,0.036275
Beres Hammond - Come Back Home,0.036063
Lucy Kaplansky - Every Single Day,0.036056
The Dirty Projectors - Rise Above,0.036022
Enanitos Verdes - Lamento Boliviano,0.03601
Milt Jackson - These Foolish Things,0.035993
Magik Markers - Body Rot,0.035916
Digital Underground - The Humpty Dance,0.035827
Ella Fitzgerald - Desafinado (Slightly Out Of Tune),0.035731
Wumpscut - Fear In Your Eyes,0.035716
Furry Lewis - Goin' To Kansas City,0.035673
Jerry Jeff Walker - L.A. Freeway,0.035619
Joey Ramone - Like A Drug I Never Did Before,0.035617
Bryan Sutton - Grover Glen,0.035601
Nas - Represent,0.035575
Outkast - The Way You Move,0.035571
Newcleus - Jam On It,0.03543
Staind - Right Here,0.035417
James Cotton - Soul Survivor,0.035364
Jim Henry+Brooks Williams - Gender Bender,0.035291
Al Stewart - On The Border,0.035271
The Jackson Southernaires - I Need You To Hold My Hand,0.035218
Skid Row - Big Guns,0.035089
Furry Lewis - Long Tall Gal Blues,0.034752
Louis Armstrong (Holiday) - Winter Wonderland (Mono Recording),0.034721
Marvin Gaye - You're A Wonderful One,0.03459
Dan Deacon - Trippy Green Skull,0.034485
Jazzy Jeff & The Fresh Prince - Summertime,0.034457
Peter & Gordon (60s) - A World Without Love,0.034302
Marky Ramone - Rockaway Beach,0.034274
The Del McCoury Band - Fire And The Flame,0.034166
Deepak Chopra & Adam Plack - Serenity,0.034142
Traffic - Smiling Phases,0.034132
Critters Buggin - 5?4 F.T.D.,0.034095
Dan Crary - The Fermoy Lass. The Man Of The House,0.034079
The Verve - Blue (USA Mix),0.034049
Dittersdorf. Karl Ditters von - Divertimento Fur Violine. Viola Und Violoncello D Major,0.034014
Rihanna - Break It Off,0.033927
Shinedown - Burning Bright,0.033514
Nitty Gritty Dirt Band - Snowballs,0.033513
Clancy Eccles - Sweet Jamaica,0.033384
Broken Social Scene - 7?4 (Shoreline),0.033373
Morricone. Ennio - Sergio Leone Suite,0.032984
Antonio Carlos Jobim - Por Toda Minha Vida,0.032979
Your Vegas - It Makes My Heart Break,0.032952
Patra - Romantic Call,0.032868
Jr. Walker & The All Stars - What Does It Take (To Win Your Love),0.032722
Junior Brown - Where Has All the Money Gone?,0.032709
David Massengill - Shamas Rides,0.032647
Earl Scruggs - Flint Hill Special,0.032594
Loudon Wainwright III - Grey In L.A.,0.032497
Matthew West - Get Away,0.032342
Lucky Thompson - Jeep's Blues,0.032317
Bryan Sutton - Stoney Creek,0.03222
Doyle Dykes - Caleb's Report,0.032147
Trebol Clan. Hector & Joan - Gata Fiera,0.032129
George Michael - Fastlove (Forthright Edit),0.032119
The Jam - Man In The Corner Shop,0.032101
John Michael Montgomery - Angel In My Eyes,0.031911
Black Lips - It Feels Alright,0.031737
Boccherini. Luigi - String Quintet For 2 Violins. Viola & 2 Cellos In G Minor. G. 351 (Op. 42?4),0.031658
Alison Krauss - Endless Highway,0.031633
The League - Hey Conductor,0.031503
Waylon Jennings - T For Texas (Blue Yodel No. 1) (live),0.031474
Nitty Gritty Dirt Band - I Saw The Light,0.031356
Betty Everett - It's In His Kiss (The Shoop Shoop Song),0.031149
Strauss. Richard - Der Rosenkavalier. Opera. Op. 59 (TrV 227),0.031021
The Beatles - Rock And Roll Music,0.030803
Lucy Kaplansky - I Had Something,0.030673
The Bird And The Bee - The Races,0.030612
Albert King - I'll Play The Blues For You (Live),0.030546
Daddy Yankee - Cuentame,0.030515
2Pac (Tupac) - Keep Ya Head Up,0.030455
B.B. King & John Popper (Holiday) - Back Door Santa,0.030431
The Dirty Projectors - Time Birthed Spilled Blood,0.030376
Jim Jackson - Bye. Bye. Policeman,0.030266
Nitty Gritty Dirt Band - Togary Mountain,0.030223
Simple Plan (Holiday) - My Christmas List,0.030186
The Del McCoury Band - Asheville Turnaround,0.03006
Earl Scruggs - Get In Line Brother,0.030029
Lo Fidelity Allstars - Battle Flag,0.030003
la sonora dinamita ? la sonora tropicana - Mi Cucu,0.029965
Tristeza - Abrazo Distante,0.029935
Boccherini. Luigi - Symphony In C Major. G. 505 (Op. 12?3),0.02992
The Beatles - Let It Be,0.029897
Paul Oakenfold - Time Of Your Life (feat. Perry Farrell),0.029877
Joe Diffie - White Lightning,0.029872
Light This City - Exile,0.029868
Ralph Stanley & The Clinch Mountain Boys - Gonna Paint The Town,0.029827
Bing Crosby - It's Been A Long. Long Time,0.02971
Fred Hammond - Celebrate (He Lives),0.029688
Los Rieleros Del Norte - Abrazado De Un Poste,0.029664
Jo Dee Messina - Heads Carolina. Tails California,0.029442
David Bowie - Ashes To Ashes,0.029297
Band Of Horses - Our Swords,0.029203
Toots & The Maytals - 54-46 That's My Number,0.029182
The Jam - Don't Tell Them You're Sane,0.029055
AC?DC - Who Made Who,0.02886
Serena Ryder - Sisters Of Mercy,0.028758
Jim Henry+Brooks Williams - Angie,0.02873
The Crests - Sixteen Candles,0.028697
Styx - Renegade,0.028633
Hilary Stagg - Spirit Dancers,0.028459
Liquid Mind - Balance,0.028416
Ralph Stanley & The Clinch Mountain Boys - Beautiful Star Of Bethlehem,0.028338
Jimmy Cliff - Look At The Mountains,0.028314
Lazy Lester - Gonna Stick To You Baby,0.028277
Classified Project - Resurrection (Original),0.028171
Los Lobos - Shakin' Shakin' Shakes,0.028151
Lee Ann Womack - I'll Think Of A Reason Later,0.028078
Kaskade - Honesty,0.027919
Mickey Hart & Zakir Hussain - Dances With Wood,0.027853
Staind - It's Been Awhile,0.027702
Fugazi - Polish,0.027681
Josh White - Trouble,0.027664
Waco Brothers - Missing Link,0.027544
Stevie Wonder - For Once In My Life,0.02753
The Dubs - Chapel Of Dreams,0.027492
Ascend - The Obelisk Of Kolob,0.027348
Mary Lou Lord - Cold Kilburn Rain,0.027336
XTC - Chalkhills And Children,0.027229
Lords Of The Underground - Funky Child,0.027227
Jack Jones - Luck Be A Lady,0.027204
Dan Crary - Hot Pursuit,0.027072
Antonio Aguilar - Triste Recuerdo,0.027055
Enanitos Verdes - Tu Carcel,0.026819
Doc Watson - Little Orphan Girl (Live),0.026773
Men Of Steel - O'Carolan's Quarrel With The Landlady (Live),0.026751
Avril Lavigne - I'm With You,0.026679
Dave Barker - Don't Let The Sun Catch You Crying,0.026672
The Supremes - Where Did Our Love Go,0.026618
Don Ross - Give Me Seven Reasons,0.026577
Daddy Yankee - Machucando,0.026543
Cat Stevens - The Wind,0.026539
Los Rieleros Del Norte - Caballo De Espadas,0.026435
Ralph Stanley & The Clinch Mountain Boys - Man Of Constant Sorrow,0.026396
Toots & The Maytals - Funky Kingston,0.026224
Mahalia Jackson - Trouble Of The World,0.026159
Jack Jones - Autumn Leaves,0.026142
Butch Thompson (Holiday) - Silent Night,0.026037
The Beatles - I'll Follow The Sun,0.025982
Jarabe De Palo - Grita,0.025964
Bruce Molsky - Buckdancer's Choice,0.025937
Donnie McClurkin - We Fall Down (Live),0.025933
Public Enemy - Public Enemy No. 1,0.025872
Brother Ali - Uncle Sam Goddamn,0.025819
Our Brother The Native - We Are The Living,0.025813
Louis Armstrong (Holiday) - Winter Wonderland,0.025792
Tim Sparks - Trap Hill Breakdown,0.025754
Chayanne - Atado A Tu Amor,0.025735
Michael Burns - The Ambience,0.025706
Lorie Line - Norwegian Wood,0.025702
Various Artists? 50 Most Loved Christmas Carols (Holiday) - In The Bleak Midwinter,0.025644
John Prine - It's A Cheating Situation,0.025637
Arrested Development - Mr. Wendal,0.025469
Mike Dowling - Ragged And Dirty,0.025425
Mar-Keys - Pop-Eye Rider,0.025281
Doc Watson - Walk On Boy,0.025246
The Troggs - My Lady,0.02522
Dan Crary (Holiday) - What Child Is This (USA),0.025135
Blind Blake - Depression's Gone From Me Blues,0.025128
Brenda Lee (Holiday) - White Christmas,0.025077
Preston Reed - Ladies Night,0.025
Alc (A Lo Cubano) - Vanilla Y Chocolate,0.024923
Catie Curtis - Fall Away,0.024859
Loquat - It's Yours To Keep,0.024839
Ratt - Slip Of The Lip,0.02482
Rhianna (Holiday) - It Just Don't Feel Like Xmas (Without You),0.02474
Daddy Yankee - Gasolina,0.024725
Rihanna - Umbrella,0.024667
New York Dolls - Mystery Girls (Planet Studios Demo),0.024657
Pichl. Vaclav - Symphony In C Major. Z21,0.024636
L.T.D. - Jam,0.024515
Toots & The Maytals - Monkey Man,0.024355
Hank Williams Jr. - All My Rowdy Friends Are Coming Over Tonight,0.024347
Tokyo Police Club - Citizens Of Tomorrow,0.024294
Trey Anastasio - Sleep Again,0.024243
Johnny Horton - I'm Ready If You're Willing,0.02423
The Five Blind Boys Of Mississippi - Where He Leads Me,0.024198
The Cambridge Singers & Orchestra (Holiday) - 'Twas In The Moon Of Winter Time,0.02407
Tony Bennett - I Wanna Be Around,0.023891
Kathleen Edwards - Oh Canada,0.023837
Nas - Street Dreams,0.023653
Indigo Girls - She's Saving Me,0.023624
Prince - Controversy,0.023607
John Danley - Atlas Bone,0.023527
Adele - Right As Rain,0.023497
George Michael - Father Figure,0.023383
Rogue Wave - Endgame,0.023375
Raveonettes (Holiday) - The Christmas Song,0.023333
Port O'Brien - I Won't Look Back,0.023313
Lefty Frizzell - My Rough And Rowdy Ways,0.023255
Elefante - El Abandonao,0.023189
Starfield - Can I Stay Here Forever?,0.023183
Nine Inch Nails - Closer,0.023067
Los Rieleros Del Norte - Me Quieres Matar De Celos,0.022893
Steve Roach & Robert Rich - Going Inland,0.022836
Prince - Kiss (Extended Version),0.022823
Delroy Wilson - Pretty Girl,0.02277
Toots & The Maytals - Pressure Drop,0.02268
Boccherini. Luigi - String Quartet In E Flat Major. G. 201 (Op. 32?1),0.022675
The Beatles - Things We Said Today,0.022652
AC?DC - Back In Black,0.022456
Guns N' Roses - Patience,0.022376
Luis Miguel - Ahora Te Puedes Marchar (I Only Want To Be With You),0.022326
Alter Bridge - Open Your Eyes,0.022304
Christa DeErynn - Sweet Lies,0.022205
Sex Pistols - Pretty Vacant,0.022182
Frank Cornelius - Brick House,0.022172
Stephen Kellogg & The Sixers - A Cabin In The Woods,0.022126
Montgomery Gentry - My Town,0.021973
Skid Row - I Remember You,0.021836
Wumpscut - Rusty Nails From Hell,0.021663
The Cars - My Best Friends Girl,0.021621
Jazzy Jeff & The Fresh Prince - Summertime '98 (SoulPower Remix),0.021608
Butch Thompson (Holiday) - Ave Maria,0.021533
Korn - Make Me Bad,0.021514
The National - Start A War,0.021475
Christmas Cookies (Holiday) - White Christmas,0.02146
Jackson 5 - Abc,0.021391
Ralph Stanley & The Clinch Mountain Boys - Pretty Polly,0.021324
Parts & Labor - Long Way Down,0.021281
Mercyme - Here With Me,0.021241
Jason Aldean - Laughed Until We Cried,0.021224
Nitty Gritty Dirt Band - Way Downtown,0.021147
Lindsay Lohan - Black Hole,0.0211
Klute - Crosby,0.021036
The Grinder - Man Into Space,0.021026
Rissi Palmer - Anybody Out There,0.020986
Sam Bush - Girl Of The North Country (live),0.020965
Boys From Indiana - Atlanta Is Burning,0.020955
Descendents - Suburban Home,0.020916
Ronnie Earl & Duke Robillard - Lookin For Trouble,0.020902
Sterling (Electronica) - Desperation,0.020884
Sarah McLachlan - Fallen,0.020852
Ratt - Lay It Down,0.020786
Guns N' Roses - Live And Let Die,0.020765
Yuri Buenaventura - Salsa,0.02073
Phil Wickham - Jesus Lord Of Heaven,0.020728
Phil Collins - You'll Be In My Heart,0.020715
Gospel Four - It's Just A Matter Of Time,0.020648
David Grisman & Tony Rice - The Prisoner's Waltz,0.020646
Ella Fitzgerald - Love Walked In,0.020615
Ella Fitzgerald - Aren't You Kind Of Glad We Did,0.020516
Jon Schmidt - Passages,0.020466
Don Ross - First Ride,0.020447
Tommy Emmanuel - Windy & Warm,0.020269
Yolanda Kondonassis (Holiday) - Bring A Torch. Jeannette. Isabella,0.020257
Mixmaster Mike - Bazooka Kanyon,0.020251
Z-Ro - Keep On (Chopped & Screwed),0.020191
Iron & Wine - Communion Cups And Someone's Coat,0.020179
Ratt - You Should Know By Now,0.020152
David Wilcox - Rusty Old American Dream,0.020051
Sodom - Procession To Golgotha,0.020004
Rachel Harrington - Shoeless Joe,0.019987
The Rolling Stones - Street Fighting Man,0.019942
Rise Against - The Good Left Undone,0.019887
Foghat - Ride. Ride. Ride,0.019871
Steve Earle & The Supersuckers - Before They Make Me Run,0.019832
Dire Straits - Walk Of Life,0.019809
Lazy Lester - My Home Is A Prison,0.019795
Sarah McLachlan - Building A Mystery,0.019775
Faure. Gabriel - Sonata For Cello & Piano No. 1 In D Minor. Op. 109,0.019749
Boccherini. Luigi - String Quartet In D Major. G. 203 (Op. 32?3),0.019724
Kill Memory Crash - Riyout,0.019674
Joe Camilleri & Nicky Bomba - Better Must Come,0.01946
Schumann. Robert - Kreisleriana. 8 fantasies for piano. Op. 16,0.019451
Michelle Branch - Everywhere,0.019407
Foghat - Slow Ride,0.019406
Rissi Palmer - Leavin' On Your Mind,0.01939
Groove Coverage - The End,0.019186
Groove Coverage - Runaway,0.019089
Guardian - Let It Roll,0.019084
Rogue Wave - Perfect,0.018999
Funck. David - Suite In D,0.018986
Katalyst - Break Up,0.018902
John Danley - Whispering Blue,0.018863
The Kingsmen - Louie Louie,0.018809
The Beatles - Two Of Us,0.018776
Dan Crary - Cape Foulweather,0.018759
The Whigs - Written Invitation,0.018754
Neil Young - Ohio,0.018752
Foghat - Night Shift,0.018699
DJ Drama & Lil' Wayne - Gettin' Some Head,0.018678
Soulfly - Babylon,0.018669
Vince Gill - When I Call Your Name,0.018645
The Monkees - Look Out (Here Comes Tomorrow),0.018619
Ryan Montbleau Band - It's All Been Done Before,0.018545
The Beatles - If I Fell,0.018535
2Pac (Tupac) - Never Had A Friend Like Me,0.018509
J-Dilla - Make Em Nv,0.01848
J-Dilla - Make'em Nv [Instrumental],0.01848
Del Tha Funkee Homosapien - Jaw Gymnastics (feat. Casual),0.018469
Scorpions - Rock You Like A Hurricane,0.018463
Starkillers - Discoteka (Austin Leeds & Terranova Remix),0.018404
Antonio Pinana - Cuando Llora La Guitarra,0.018403
AC?DC - Thunderstruck,0.018399
Gordon Bok - Jericho,0.018378
Butch Engle & The Styx - Hey I'm Lost,0.018297
K-Ci & JoJo - Crazy,0.018227
Chuck Loeb - Fundamentally Sound,0.018206
Ronnie Earl - Ronnie Johnnie,0.018133
Gordon Bok - Herring Croon,0.018116
Sarah McLachlan - Homeless,0.018096
Hillsong - God He Reigns ? All I Need Is You (Live),0.018038
)EIB( - Forgotten,0.018021
Flyleaf - I'm So Sick,0.01801
Robert Cray - Nothin' But A Woman,0.018004
Preston Reed - Tractor Pull,0.017925
Finger Eleven - Lost My Way,0.017858
El Lebrijano - Presidiarios Con Sus Caenas,0.017847
Seal - Love's Divine (Live),0.017818
Mars Lasar - Untouchable,0.017801
Uncle Earl - Booth Shot Lincoln,0.01779
Brodsky Quartet - I've Seen It All,0.017723
Lifehouse - First Time,0.017685
Jo Dee Messina - Lesson In Leavin',0.017549
Indigo Girls - Left Me A Fool,0.017502
Eric Clapton & Duane Allman - Mean Old World,0.017499
Waylon Jennings - Are You Sure Hank Done It This Way,0.017348
Paul Baloche - Your Name,0.017344
Bonerama - Ocean,0.017257
Ziggy Marley - Friend,0.017082
Dan The Automator - Lyrics To Go (Remix) (Instrumental),0.017081
Ratt - You're In Trouble,0.016995
The Allman Brothers Band - Little Martha,0.016869
Architecture In Helsinki - Spring 2008,0.016833
Hank Williams Jr. - Whiskey Bent And Hell Bound,0.016808
Sever Your Ties - Hand In Hand,0.016625
The Monkees - I'm A Believer (Mono),0.01661
Meg Hutchinson - Vanishing Points,0.016559
Brand New - Okay I Believe You. But My Tommy Gun Don't,0.016555
The Pharcyde - Runnin',0.01655
Stars Of The Lid - Even If You're Never Awake,0.016539
Tranquility Base - Surrender,0.016495
Nice & Smooth - Sometimes I Rhyme Slow,0.016451
Ruben Studdard - Fix it. Jesus (feat. Harvey Watkins Jr.),0.016449
Furry Lewis - Baby You Don't Want Me,0.016416
Ian Van Dahl - Inspiration,0.016403
Sarah McLachlan - Adia,0.016391
Loquat - Serial Mess,0.016285
The Dirty Projectors - Since I Opened,0.016273
David Wilcox - Language Of The Heart,0.016243
Kaskade - Move For Me,0.016228
Nas - The Message,0.016207
Dan The Automator - Bang The Ball (Instrumental),0.016143
Iron & Wine - Each Coming Night,0.016113
Liquid Mind - Gently Down,0.016107
Lauryn Hill - Can't Take My Eyes Off Of You,0.016084
Brett Dennen - Ain't No Reason,0.016064
Doc & Merle Watson - Gambler's Yodel,0.015968
Duran Duran - Come Undone,0.015866
Skid Row - 18 And Life,0.015825
Joey Ramone - What A Wonderful World,0.015825
Smokie Norful - I Understand,0.015815
Gordon Bok - Sailor's Carol,0.015707
Guns N' Roses - Chinese Democracy,0.015618
Lisa Loeb (Holiday) - Jingle Bells,0.015613
The Beatles - Within You Without You,0.01558
Fugazi - Reprovisional,0.015564
Hilltop Hoods - The Soul Of The Beat,0.015561
Tokyo Police Club - In A Cave,0.015558
Robin Bullock - Rigler's March-Rex's Rambles,0.015548
Huracanes Del Norte - Falsas Ilusiones,0.015546
Diego El Cigala - Ana. Dolores Y Aurora,0.01552
Lorie Line - Faith Of Our Fathers,0.015508
The Rolling Stones - Shake Your Hips,0.0154
DJ Drama & Lil' Wayne - Get 'Em,0.015392
A Teens - S.O.S,0.015371
Grandmaster Flash & The Furious Five - Freedom,0.015351
The Roots - You Got Me,0.01535
Ralph Stanley & The Clinch Mountain Boys - Stone Walls And Steel Bars,0.015266
Alison Krauss - Don't Follow Me,0.015256
Celia Cruz & Tito Puente - La Plena Bomba Me Llama,0.015253
Raekwon - Ice Cream,0.015209
Ella Fitzgerald - I Concentrate On You,0.014984
Christopher Lawrence - October's Child,0.014983
Black Lips - Burried Alive,0.014878
Flyleaf - All Around Me,0.014831
Toots & The Maytals - Still Is Still Moving To Me (feat. Willie Nelson),0.014692
The Jackson Southernaires - Lead Me,0.014624
Al Stewart - Year Of The Cat,0.014622
Byron Cage - Breathe,0.014562
Sheryl Crow (Holiday) - Run Rudolph Run,0.014524
The Commodores - Lady (You Bring Me Up),0.01451
Don Ross - Berkley Springs,0.014494
Rev Theory - Hell Yeah,0.014469
RJD2 - Get It,0.014229
Wreckless Eric - Whole Wide World,0.014212
Adele - Hometown Glory,0.01412
Chayanne - Dejaria Todo,0.014117
Hooverphonic - 2Wicky,0.014103
Fergie - Big Girls Don't Cry,0.014094
David Grisman & Tony Rice - Grandfather's Clock,0.014084
Passion - All Creatures Of Our God And King,0.014076
Christopher Lawrence - Ride The Light,0.014006
The Del McCoury Band - Dry My Tears And Move On,0.01398
Broken Social Scene - Cause = Time,0.013934
Public Enemy - Rebel Without A Pause,0.013892
James Brown - Get Up Offa That Thing  (Ali Dee Remix),0.013877
Toots & The Maytals - Time Tough,0.01386
Ralph Stanley & The Clinch Mountain Boys - Calling My Children Home,0.013854
Nitty Gritty Dirt Band - Get Back,0.013762
James Brown - Hot Pants. PT.1,0.013746
The Roots - Stay Cool,0.013737
AC?DC - Shot Down In Flames,0.013714
Guns N' Roses - Sweet Child O' Mine,0.013687
Klute - Now Always Forever,0.013672
Laura Pausini - Viveme,0.013651
Lee Ann Womack - I Hope You Dance,0.013481
George Acosta - Save Me (Push Remix),0.0134
Serj Tankian - Sky Is Over,0.013374
DJ Khaled - We Takin' Over,0.01332
Dredg - Sang Real (Live),0.013298
See You Next Tuesday - Forever On Deaf Ears,0.013281
Jr. Walker & The All Stars - What Does It Take,0.013267
Sam Bush - Sailin' Shoes,0.013134
James Cotton - Mighty Long Time,0.013118
Gleisberg - Indian Garden,0.013114
Carlton Pearson - We've Come This Far By Faith,0.013069
Matthew West - More,0.012976
R. Kelly - Half On A Baby,0.012955
Dean Martin - Return To Me,0.012769
Herman's Hermits - Listen People,0.012667
Bonerama - Cabbage Alley,0.012599
Scorpions - Don't Stop At The Top,0.01249
Boccherini. Luigi - String Quartet In E Minor. G. 202 (Op. 32?2),0.012471
Angelo Debarre Et Ludovic Beier - Passion (En Duo),0.012459
Sharon Jones & The Dap-Kings - How Long Do I Have To Wait For You?,0.012393
The Handshake Murders - New Enemy,0.01239
Michael Martin Murphey (Holiday) - Corn. Water And Wood,0.012306
Three Days Wait - Beautiful Baby,0.012302
Sarah McLachlan - Hold On (Live),0.01228
The Jam - In The City,0.012264
Young Jeezy - Soul Survivor,0.012233
Guitar Shorty - Loosen Up,0.012201
Gladys Knight & The Pips - I Heard It Through The Grapevine,0.012191
Rilo Kiley - Breakin' Up,0.012152
"Dittersdorf. Karl Ditters von - Symphony After Ovid's ""Metamorphoses"" No. 1 In C Major (""Die Vier Weltalter"")",0.012139
Alter Bridge - Before Tomorrow Comes,0.01211
The Rolling Stones - Start Me Up,0.0121
Nine Inch Nails - The Only Time,0.012095
Eazy-E - Eazy-Er Said Than Dunn,0.012066
Toots & The Maytals - 54-56 Was My Number,0.012039
Juno Reactor - Silver,0.011993
Passion - No One Like You ? David Crowder Band,0.011959
Will Smith - Gettin' Jiggy Wit It,0.011884
David Grisman & Tony Rice - Banks Of The Ohio,0.011792
AC?DC - Have A Drink On Me,0.011785
Slim Harpo - Tip On In. Part 1,0.011764
J-Dilla - Crushin' [Instrumental],0.011731
John Prine - Everything Is Cool,0.011727
Loquat - Change The Station,0.011676
Say Anything - Surgically Removing The Tracking Device,0.011674
2Pac (Tupac) - All Eyez On Me,0.011614
Soda Stereo - Sueles Dejarme Solo,0.011566
Daddy Yankee - Rompe,0.011534
Everton Blender - It's My Time,0.01153
Stephen Kellogg & The Sixers - Maria,0.011511
Rihanna - Hate That I Love You,0.011486
Children Of Bodom - Living Dead Beat,0.011465
The Heavenly Music Association - Alain,0.011453
Outkast - The Whole World,0.011443
Decal - Some Kind Of Random,0.011386
Grand Ole Party - Look Out Young Son,0.011339
Scorpions - New Generation,0.011231
Justin Timberlake - Like I Love You (feat. Clipse),0.011227
Diego El Cigala - Amar Y Vivir,0.011221
Augustus Pablo - Black Gunn,0.011203
Guardian - Sister Wisdom,0.011167
Hazel Dickens & Alice Gerrard - I Just Got Wise,0.011105
Staind - Outside,0.011064
Furry Lewis - Big Chief Blues,0.011046
The Beatles - You Won't See Me,0.011036
Boccherini. Luigi - String Quartet In D Major. G. 165 (Op. 8?1),0.011013
The Bronx - False Alarm,0.010983
Jazzy Jeff & The Fresh Prince - Parents Just Don't Understand,0.010939
Blackmore's Night (Holiday) - We Three Kings,0.010936
Robert Johnson - Walkin' Blues,0.010925
Alison Krauss - Wish I Still Had You,0.010898
Boccherini. Luigi - Cello Concerto In D Major. G. 476,0.010882
Assemblage 23 - Opened,0.010825
Worm Is Green - Army Of Them,0.010784
Albert King - Can't You See What You're Doing To Me,0.010782
Jim Henry+Brooks Williams - Malted Milk,0.010776
RJD2 - Solomon Jones,0.010764
Allure - Rejected,0.010741
Entombed - Full Of Hell,0.010662
Outkast - So Fresh. So Clean,0.01066
Broken Social Scene - Stars And Sons,0.010639
Ben Jelen - Not My Plan,0.010632
Christmas Cookies (Holiday) - The Christmas Song,0.010615
Steve Earle & Reckless Kelly - Reconsider Me,0.010571
Ian Van Dahl - Castles In The Sky,0.010537
Kate Nash - Pumpkin Soup,0.010498
Adele - Melt My Heart To Stone,0.010447
Cornel Campbell - Concrete Jungle,0.010438
Raekwon - Verbal Intercourse,0.01039
No Age - I Wanna Sleep,0.010291
Jennie Arnau - Float On,0.01027
Los Rieleros Del Norte - Fue Mentira,0.010255
Avril Lavigne - Sk8er Boi,0.010183
Scorpions - Big City Nights,0.010063
Lorie Line - I Surrender All,0.009955
Gnarls Barkley - Smiley Faces [Live On Later With Jools Holland],0.009916
Peter Mulvey - Bloomington,0.009907
Dave & Ansel Collins - Nuclear Weapon,0.009897
Luis Miguel - Por Debajo De La Mesa,0.009857
Kate Rusby - A Rose In April,0.009769
Mike Dowling - Mean Old Frisco,0.009707
Trey Anastasio - Come As Melody,0.009635
Tokyo Police Club - Be Good,0.00961
Doc Watson - Down In The Valley To Pray,0.00953
Strauss. Richard - Salome. opera. Op. 54 (TrV 215),0.009524
Sarah McLachlan - Perfect Girl,0.009477
The Beatles - Love Me Do,0.009471
Plastic Little - Hola Plastique,0.009467
DJ Khaled - Out Here Grindin',0.009398
!!! (Chk Chk Chk) - All My Heroes Are Wierdos,0.009396
Robin Thicke - Lost Without U,0.009384
Indigo Girls - Cold Beer And Remote Control,0.009372
Loquat - Need Air,0.009361
O-Shen - Tropically Fine,0.00934
Reik - Me Duele Amarte,0.009312
Unwound - Laugh Track,0.009309
Chayanne - Un Siglo Sin Ti,0.0092
Deuter - Empty Shore,0.009162
Guns N' Roses - Knockin' On Heaven's Door,0.009093
C+C Music Factory - Things That Make You Go Hmmmm?..,0.009086
The National - Fake Empire,0.009079
Mudvayne - Fall Into Sleep,0.009075
Soda Stereo - Cuando Pase El Temblor,0.009074
Drive-By Truckers - The Day John Henry Died,0.009053
Brother Ali - Forest Whitiker,0.009034
Brian Eno - Stars,0.00903
Del Tha Funkee Homosapien - Mistadobalina,0.008986
Blackmore's Night (Holiday) - Hark The Herald Angels Sing ? Come All Ye Faithful,0.008851
Take 6 - Come On,0.008847
The Mark Inside - Carousel,0.008806
Tomasa La Macanita - Yo Soy De Jerez (Bulerias De Cai),0.008785
Fosforito - Nunca Te He Mendtido (Bulerias De Cadiz),0.008667
Sevendust - Shine,0.008661
Robbie Seay Band - Love Wins,0.008637
Guardian - Power Of Love,0.008632
Talib Kweli - Supreme Supreme,0.008566
John Renbourn - Trotto ? Saltarello,0.008557
Markus Reuter - Read Aloud In Cold Blood,0.008544
Chubby Checker - Limbo Rock,0.008542
JoJo - Too Little. Too Late,0.008508
Cedric Im Brooks - Emavungweni,0.008504
The Pogues - The Band Played Waltzing Matilda,0.008476
Foghat - Drivin' Wheel,0.008465
Explosions In The Sky - A Slow Dance,0.00843
Granite & Phunk - Knock You Over,0.008406
Gnarls Barkley - Crazy,0.008379
The National - Slow Show,0.008326
Blackmore's Night (Holiday) - Emmanuel,0.008302
Avril Lavigne - Contagious,0.008241
Dimmu Borgir - Allegiance,0.008197
Roger - I Want To Be Your Man,0.008172
Vengaboys - We Like To Party!,0.008166
Sourvein - Septic Werewolves,0.008123
Justin Timberlake - SexyBack,0.008122
Gotan Project - El Capitalismo Foraneo,0.008073
Botch - Japan (live),0.008066
Fastball - 'Til I Get It Right,0.008061
Stars Of The Lid - Gasfarming,0.008003
Alter Bridge - Buried Alive,0.008001
Boccherini. Luigi - Cello Concerto In E Flat Major. G. 474,0.007999
P.M. Dawn - I'd Die Without You,0.00799
Michael Martin Murphey - Tumbling Tumbleweeds,0.007981
Tokyo Police Club - Nature Of The Experiment,0.007971
Smokie Norful - Celebrate,0.007925
Kidz In The Hall - Dumb*ss Tales,0.007904
Beres Hammond? Flourgon - Bounce,0.007814
The Five Blind Boys Of Alabama - Let Me Hear My Mother Pray Again,0.007813
Deuter - Yellow Mandala,0.007792
Skid Row - Youth Gone Wild,0.007772
Tommy Emmanuel - Endless Road,0.007703
Converge - Distance And Meaning,0.007683
Ralph Stanley & The Clinch Mountain Boys - I Am Weary,0.007679
Hillsong & Delirious? - I Could Sing Of Your Love Forever,0.007664
Fugazi - Merchandise,0.007634
Verdi. Giuseppe - La Forza Del Destino. Opera,0.007553
Avril Lavigne - Keep Holding On,0.007517
AC?DC - Dirty Deeds Done Dirt Cheap (Live),0.007423
Secret Machines - All At Once (It's Not Important),0.007402
Jack Jones - Somewhere My Love,0.007363
Boyce. William - Trio Sonata No. 4 In G Minor,0.007356
Kalmah - Withering Away,0.007317
Nine Inch Nails - Kinda I Want To,0.007306
Flyleaf - Sorrow,0.007292
Willa Ford - I Wanna Be Bad,0.007256
DJ Khaled - I'm So Hood,0.007233
Todd Collins (Holiday) - Angels We Have Heard On High,0.00722
Deep Purple - Smoke On The Water (Live 1973),0.007204
Whodini - One Love,0.00719
AC?DC - Rock And Roll Ain't Noise Pollution,0.007159
Katalyst - Time Bomb,0.007147
Krum Bums - Misery,0.007145
Trentemoller - Prana,0.007068
Loudon Wainwright III - The Swimming Song,0.007041
The Monkees - Daydream Believer,0.007029
The Monkees - She,0.006945
Grandmaster Flash & The Furious Five - Scorpio,0.006921
The Beatles - Here Comes The Sun ? The Inner Light (Transition) (Love Version),0.006897
Tim Bluhm - California Way,0.00688
Liquid Mind - Breathe In Me,0.006873
Liquid Mind - My Silent Knowing,0.006852
Justifide - Escape,0.006833
Red - Wasting Time,0.006801
Seven Day Jesus - I Will Find You,0.006788
AC?DC - Who Made Who (Live),0.006747
Leona Lewis - Bleeding Love,0.006706
Serena Ryder - Coconut Grove,0.006618
Secret Machines - Lightning Blue Eyes,0.006606
Moonspell - Sons Of Earth,0.006599
Peggy Seeger - O The Wind And Rain,0.006526
Behemoth - Slaves Shall Serve,0.006451
Port O'Brien - Anchor,0.006403
Alison Krauss - When You Say Nothing At All,0.006394
Don Carlos - Booming Ball,0.00639
Vendredi 13 - Frequency 7,0.006359
Guns N' Roses - Don't Cry,0.006355
Huracanes Del Norte - El Perro De Tu Marido,0.006282
Dom & Roland - Dance All Night (Calyx remix),0.006235
Verdi. Giuseppe - Il Trovatore. Opera,0.006155
Jerry Douglas?Russ Barenberg?Edgar Meyer - Big Bug Shuffle,0.006102
Hezekiah Jones - Postpone,0.006079
Lyle Lovett - Simple Song,0.006074
Natasha Bedingfield - Pocketful Of Sunshine,0.006021
Broken Social Scene - KC Accidental,0.005996
Jose Zamora & Damian DP - Transatlantic (feat. Paleday),0.00597
Los Checkmates - I Think We're Alone Now,0.005952
George Michael - Faith,0.005834
Devil Sold His Soul - Between Two Words,0.005833
Gyptian - My Fadah Seh,0.00581
The Mission UK - Love Me To Death,0.005787
Empirical Labs - Turtle Beach (Original Mix),0.00575
KMFDM - Don't Blow Your Top,0.005739
Kruger Brothers - Up18north,0.005737
The Cars - Since You're Gone,0.005719
Coles Whalen - The Hand That Gives The Rose,0.005708
Sarah McLachlan - I Love You,0.005684
The Roots - Guns Are Drawn,0.005578
Deuter - Nada Himalaya 2,0.005565
Tokyo Police Club - Graves,0.005512
In Flames - Take This Life,0.005468
The Pharcyde - On The DL,0.005468
Compulsion - Rapejacket,0.005438
DJ Muggs Vs GZA - Unstoppable Threats (Instrumental),0.005413
AC?DC - You Shook Me All Night Long,0.005399
Hilary Stagg - Land Of Oz,0.005394
Albert King - Jam In A-Flat,0.005332
ABORTED - Ingenuity In Genocide,0.005318
Fireball Ministry - In The Mourning,0.005305
Rogue Wave - Ghost,0.005299
Botch - Liquored Up And Laid,0.005271
Fergie - Glamorous,0.005245
Mickey Hart & Zakir Hussain - Tars,0.005202
Sonicflood - I Want To Know You (In The Secret),0.005188
Parts & Labor - The Gold We're Digging,0.005159
The Duskfall - Trust Is Overrated,0.005148
Paul Oakenfold - Sex 'n' Money,0.005135
The Coup - Wear Clean Draws,0.005124
Finbar & Eddie Furey - Curragh Of Kildare,0.005051
Azzido Da Bass - Dooms Night,0.005038
Zion - Fantasma,0.005035
Blackmore's Night (Holiday) - Ma-O-Tzur,0.005022
Creed - Higher,0.005008
The Bird And The Bee - How Deep Is Your Love,0.004992
Jars Of Clay (Holiday) - I Heard The Bells On Christmas Day,0.004977
Nas - Nas Is Like,0.004964
God-Des - Debate,0.004939
At The Gates - Blinded By Fear,0.004932
AC?DC - What Do You Do For Money Honey,0.004868
Ben Jelen - Where Do We Go,0.004865
Kumbia Altarz - Chiquilla,0.004864
Rihanna - Pon De Replay,0.004849
Band Of Horses - No One's Gonna Love You,0.004821
Lismore - Tremolo,0.004733
Staind - Take This,0.004633
The Roots - Love Of My Life (Live),0.004617
Marvin Gaye - How Sweet It Is (To Be Loved By You),0.004585
The Monkees - Tomorrow's Gonna Be Another Day,0.004557
John Danley - Dust For Sparrows,0.004536
The Adverts - Safety In Numbers (Live),0.004485
Klute - I'll Do Anything (You Want Me To),0.004479
Generation J - Jesus Loves Me Medley,0.004451
Wumpscut - Wir Warten,0.004402
Nine Inch Nails - Big Man With A Gun,0.004393
The Beatles - All You Need Is Love,0.004386
Lauryn Hill - Doo Wop (That Thing),0.004304
Band Of Horses - Is There A Ghost,0.004277
Kate Rusby - The Lark,0.004199
Yellowman - Build A Roof Over Your Head,0.004186
Assemblage 23 - Cocoon,0.004142
Clarence Fountain - I Want To Go,0.004138
Passion - Here I Am To Worship,0.004134
Rissi Palmer - Hold On To Me,0.004124
Nas - Ether,0.004114
Dan Crary - Reedie's Blues,0.004057
Deuter - Black Velvet Flirt,0.004041
Raina Rose - Evergreen House. 2nd Floor,0.003985
Iron & Wine - Faded From The Winter,0.003914
Nine Inch Nails - No. You Don't,0.003908
The Warlocks - Gypsy Nightmare,0.003864
Brandi Carlile - Throw It All Away,0.003844
Fugazi - Target,0.003813
Converge - You Fail Me,0.003767
Blackmore's Night (Holiday) - Ding Dong Merrily On High,0.003754
John Danley - Hickory,0.003748
Kasey Chambers - Falling Into You,0.003685
Cornel Campbell - Screwface,0.003664
Laurie Z. - The Mysterious Painter,0.003662
Mice Parade - Circle None,0.00362
Morricone. Ennio - Giuseppe Tornatore Suite,0.003573
Deepak Chopra & Adam Plack - Valentine To Tagore,0.003557
The Dirty Projectors - On The Beach,0.003548
Paul Siebel - My Town,0.003544
Passion - Awesome Is The Lord Most High,0.003461
The Sword - Freya,0.003458
Beres Hammond? Flourgon - Feel Like,0.003437
Deuter - Earthlight,0.003418
The National - Green Gloves,0.003279
LFO (Pop) - Summer Girls,0.003266
Deuter - Waves Of Light,0.003235
Dan Crary - Reuben,0.003134
Corrina Repp - No One's Telling,0.003134
The National - Fake Empire (Live),0.003133
Donnie McClurkin - Church Medley,0.003122
Nachtmystium - Code Negative,0.003112
The Roots - No Alibi,0.00311
Chris Bocast - Quantum Entanglement,0.003087
Tokyo Police Club - Juno,0.003059
Tim Hughes - Here I am to Worship,0.003037
The Rivieras - Count Every Star,0.003032
Kate Havnevik - Sleepless,0.002961
Indigo Girls - Blood And Fire,0.002897
Clint Mansell & Kronos Quartet - Lux Aeterna,0.002853
Pavement - Baptist Blacktick,0.002708
Foo Fighters - No Way Back,0.002696
Sam Bush - Ozzie & Max,0.002656
XTC - The Rhythm (Live),0.002645
Rockapella (Holiday) - Home For The Holidays,0.002637
The Black Angels - You On The Run,0.002621
Justifide - Pointing Fingers,0.002603
Lazy Lester - I'm Gonna Miss You (Like The Devil),0.002568
AC?DC - For Those About To Rock (We Salute You),0.002483
Reuben Morgan - Hear Our Praises,0.002464
Young Jeezy - My Hood,0.002454
Laurence Juber (Holiday) - Away In A Manger,0.002451
Markus Reuter - The Increase Of Faith,0.002413
Thalia - Me Pones Sexy (I Want You) (feat. Fat Joe),0.002403
The Pharcyde - Bullsh*t (Instrumental),0.0024
AC?DC - It's A Long Way To The Top (If You Wanna Rock 'n' Roll),0.002392
Krum Bums - Fall,0.002315
Katalyst - Dangerous,0.002298
Laurence Juber (Holiday) - Prelude & Silent Night,0.002297
Avril Lavigne - Nobody's Home,0.002293
Lindsay Lohan - Rumors,0.002238
Fred McDowell - Write Me A Few Of Your Lines,0.002209
An Albatross - Death Rides A Brown Horse,0.002199
Outkast - I'll Call Before I Come (feat. Eco & Gangsta Boo),0.002172
The Sword - Celestial Crown,0.002118
Scorpions - Still Loving You,0.002057
Lucy Kaplansky - Land Of The Living,0.002009
Black Lips - Veni Vidi Vici,0.001959
Justin Hinds & The Dominoes - Over The River,0.00195
Preston Reed - Love In The Old Country,0.001928
Liquid Mind - In The Stillness,0.001894
Retrosic - Desperate Youth,0.001752
The Bronx - Cobra Lucha,0.001742
Jens Lekman - The Wrong Hands,0.001726
The Beatles - I Feel Fine,0.001709
Lil Scrappy & Trillville - No Problem,0.001689
SubtractiveLAD - My Quadrant,0.001486
Jesse Harris - Morning In A Strange City (Cafe),0.001467
Lady Saw - I've Got Your Man,0.001466
Rihanna - Don't Stop The Music,0.001392
Young Jeezy - And Then What,0.001359
John Hammond - Little Rain Falling,0.001313
Reuben Morgan - My Redeemer Lives,0.001286
Liquid Mind - Thought Museum,0.001274
ABORTED - Clinical Colostomy,0.001174
Liquid Mind - Moment Of Grace,0.001123
Charlie Lincoln - Depot Blues,0.001098
Filter - Spent,0.001089
Roni Size & Reprazent - Down,0.001057
Rihanna - Shut Up And Drive,0.001051
Ronan Hardiman - Celtic Dream,0.001026
John McEuen - Ryan William's Arrival In America,0.001
Catherine Maclellan - River Valley Plains,0.000952
Nine Inch Nails - Slipping Away,0.000912
AC?DC - For Those About To Rock,0.000891
Beres Hammond - Who Say (feat. Buju Banton),0.00089
Liquid Mind - My Orchid Spirit,0.000866
Verdi. Giuseppe - Falstaff. Opera,0.000864
Liquid Mind - Continuity,0.000824
In Flames - The Hive,0.000819
Nas - Got Ur Self A...,0.000807
Paul Oakenfold - Faster Kill Pussycat,0.000743
Band Of Horses - The Funeral,0.000738
No Age - My Life's Alright Without You,0.000717
John Danley - Lorianne,0.000705
Charanga La Tapa - Vamono's Pa'l Monte,0.00065
Iron Maiden Tribute Band - Run To The Hills,0.000637
Thou - I Was Ignored. And Judged. And Cast Down,0.000625
Powder (Holiday) - Christmas Don't be Late (Chipmunk Song),0.00062
Laurence Juber (Holiday) - Good King Wenceslaus,0.000545
Vicious Circles - Vicious Circles (Ryan Blair Mix),0.000538
Stars Of The Lid - A Lovesong (For Cubs)+? Part 3,0.000523
Dan Deacon - Wooody Woodpecker,0.000453
Finger Eleven - Stay And Drown,0.000404
Rose Cousins - One Love,0.000373
Will Ackerman - If You Look,0.000264
Various Artists? Songs Of December - Hailee's Moment,0.000234
Todd Collins (Holiday) - Hailee's Moment,0.000234
Laurence Juber (Holiday) - God Rest Ye Merry Gentlemen,0.000228
Yellowman - Hold On To Your Woman,0.000172
Loscil - Kursk,0.000143
Liquid Mind - I Am Willing,0.000125
Breather Resist - Long Nights. Short Fuses,0.000096
Brian Eno - Neroli,0.000001