song,rock
Black Lips - Can't Dance,0.991935
ABORTED - Clinical Colostomy,0.968334
The Verve - Blue (USA Mix),0.954486
Guardian - Power Of Love,0.953856
Jay Reatard - We Who Wait,0.94404
Suffocation - Reincremation,0.941289
Breather Resist - Long Nights. Short Fuses,0.936086
In Flames - The Hive,0.93265
Light This City - Exile,0.929511
The Adverts - Safety In Numbers (Live),0.927364
The Rolling Stones - I'm Free,0.92186
See You Next Tuesday - Forever On Deaf Ears,0.913411
Shadows Of Knight - I'll Make You Sorry,0.912471
Pavement - Baptist Blacktick,0.911331
At The Gates - Blinded By Fear,0.908972
Filter - Spent,0.900983
Guardian - Let It Roll,0.898341
AC?DC - Dirty Deeds Done Dirt Cheap (Live),0.895373
Ratt - You're In Trouble,0.890956
Los Lobos - Shakin' Shakin' Shakes,0.889027
The Duskfall - Trust Is Overrated,0.884042
Skid Row - Youth Gone Wild,0.879408
Sodom - Procession To Golgotha,0.879397
Guardian - Sister Wisdom,0.876536
Converge - You Fail Me,0.874601
Krum Bums - Misery,0.873522
AC?DC - Who Made Who (Live),0.871663
The Rolling Stones - Get Off Of My Cloud,0.869485
Foghat - Ride. Ride. Ride,0.869022
Skid Row - Big Guns,0.867963
Entombed - Full Of Hell,0.862851
Fugazi - Polish,0.859732
Ratt - You Should Know By Now,0.858449
Filter - Hey Man Nice Shot,0.857062
The Bronx - Cobra Lucha,0.856544
Scorpions - Don't Stop At The Top,0.856057
Converge - Homewrecker,0.854965
Compulsion - Rapejacket,0.853552
Converge - The Broken Vow,0.850625
Marky Ramone - Blitzkrieg Bop,0.849466
Scorpions - Big City Nights,0.835024
Fugazi - Target,0.83423
AC?DC - Back In Black,0.832625
Krum Bums - Fall,0.829419
Magik Markers - Body Rot,0.826203
The Beatles - Rock And Roll Music,0.815362
Scorpions - Rock You Like A Hurricane,0.812831
Fugazi - Reprovisional,0.806592
The Rolling Stones - Start Me Up,0.799687
Botch - Liquored Up And Laid,0.798752
Ratt - Slip Of The Lip,0.793043
Sharon Jones & The Dap-Kings - Cut That Line,0.786035
The Cars - My Best Friends Girl,0.782007
The Five Blind Boys Of Mississippi - Thank The Lord I'm Singing Again,0.780302
Behemoth - Slaves Shall Serve,0.777175
Social Distortion - Bad Luck,0.773261
Dom & Roland - Dance All Night (Calyx remix),0.77281
Foo Fighters - No Way Back,0.768544
Sky Saxon - Love Dog,0.76561
The Cars - Since You're Gone,0.762592
AC?DC - Thunderstruck,0.762502
Dimmu Borgir - Allegiance,0.758574
The Black Angels - Bloodhounds On My Trail,0.75704
Fastball - Morning Star,0.756107
Black Lips - It Feels Alright,0.755431
Social Distortion - Cold Feelings,0.754725
Ratt - Lay It Down,0.753011
Botch - Japan (live),0.748298
Staind - For You,0.747278
Sex Pistols - New York,0.745759
Omens - Searching,0.737991
AC?DC - Rock And Roll Ain't Noise Pollution,0.737151
Kalmah - Withering Away,0.733583
Ronnie Earl - Ronnie Johnnie,0.730637
Fireball Ministry - In The Mourning,0.723309
AC?DC - For Those About To Rock (We Salute You),0.722465
Black Lips - O Katrina!,0.72029
The Heavenly Music Association - Alain,0.712871
Converge - For You (Live),0.711591
Ascend - The Obelisk Of Kolob,0.710403
Loscil - Kursk,0.70955
The Jam - Man In The Corner Shop,0.703515
Soulfly - Babylon,0.696328
Marky Ramone - Rockaway Beach,0.696155
AC?DC - Moneytalks,0.691663
The Rolling Stones - 19th Nervous Breakdown,0.69053
Joe Jackson - Baby Stick Around,0.68782
Jay Reatard - Turning Blue,0.684151
AC?DC - For Those About To Rock,0.678442
Guns N' Roses - Sweet Child O' Mine,0.676908
Wreckless Eric - Whole Wide World,0.673999
El Lebrijano - Presidiarios Con Sus Caenas,0.671977
AC?DC - It's A Long Way To The Top (If You Wanna Rock 'n' Roll),0.671482
AC?DC - What Do You Do For Money Honey,0.669304
The Jam - Don't Tell Them You're Sane,0.667944
Foo Fighters - Low,0.662378
Skid Row - I Remember You,0.65917
Fosforito - Nunca Te He Mendtido (Bulerias De Cadiz),0.654726
Montgomery Gentry - My Town,0.65175
The Jam - In The City,0.650708
Doctor Ross - Tailor Made,0.648762
Unwound - Laugh Track,0.647454
Parts & Labor - The Gold We're Digging,0.644924
Nine Inch Nails - No. You Don't,0.64181
Steve Earle & The Supersuckers - Before They Make Me Run,0.633698
Traffic - Smiling Phases,0.63098
Sex Pistols - EMI,0.63078
AC?DC - Have A Drink On Me,0.630527
Sons And Daughters - Johnny Cash,0.627279
The Rolling Stones - Complicated,0.627198
Wumpscut - Opening The Gates Of Hell,0.622012
The Bronx - False Alarm,0.621276
AC?DC - Who Made Who,0.619098
Foghat - Night Shift,0.618533
The Sword - Celestial Crown,0.617982
Guns N' Roses - Live And Let Die,0.617398
Skid Row - 18 And Life,0.610463
The Century's - Hard Times,0.610186
Sevendust - Enemy,0.609751
Nine Inch Nails - Heresy,0.603466
Guns N' Roses - Paradise City,0.602018
Nachtmystium - Code Negative,0.599865
The Troggs - Wild Thing,0.599524
The Monkees - Look Out (Here Comes Tomorrow),0.597861
Nine Inch Nails - Kinda I Want To,0.590639
New York Dolls - Mystery Girls (Planet Studios Demo),0.585002
Chuck Berry (Holiday) - Run Rudolph Run,0.58392
Descendents - Suburban Home,0.583287
The Supremes - Love Is Here And Now You're Gone,0.581092
AC?DC - Problem Child,0.579971
Robert Cray - Nothin' But A Woman,0.578068
The Association - Windy,0.571789
The Rivieras - Count Every Star,0.569981
Cat Stevens - Don't Be Shy,0.568849
Broken Social Scene - KC Accidental,0.566763
Marvin Gaye - You're A Wonderful One,0.564786
Richard Hell & The Voidoids - Love Comes In Spurts,0.564026
AC?DC - Shot Down In Flames,0.563397
Winters - Mark My Word,0.558874
Earthless - Cherry Red,0.558542
Joey Ramone - Like A Drug I Never Did Before,0.55757
ABORTED - Ingenuity In Genocide,0.552033
Band Of Horses - Is There A Ghost,0.550354
KMFDM - Don't Blow Your Top,0.548774
In Flames - Take This Life,0.539144
Parts & Labor - Long Way Down,0.538869
Sex Pistols - Pretty Vacant,0.536934
Broken Social Scene - Our Faces Split The Coast In Half,0.536882
Powder (Holiday) - Christmas Don't be Late (Chipmunk Song),0.536706
Fastball - Are You Ready For The Fallout?,0.534556
Deep Purple - Smoke On The Water (Live 1973),0.531871
Nine Inch Nails - Big Man With A Gun,0.528901
Sex Pistols - Problems,0.525529
Foghat - Slow Ride,0.523891
Burning Witch - Sea Hag,0.523874
Moby Grape - Lazy Me,0.522174
Drive-By Truckers - Sink Hole,0.517777
The Sword - Freya,0.517084
Sourvein - Septic Werewolves,0.514604
Children Of Bodom - Living Dead Beat,0.514388
Justifide - Pointing Fingers,0.514136
The Blakes - Streets,0.513637
The Blakes - Commit,0.513233
Marvin Gaye - I'll Be Doggone,0.512918
Michelle Branch - Everywhere,0.511351
The Handshake Murders - New Enemy,0.506899
Iron Maiden Tribute Band - Run To The Hills,0.506056
Korn - Make Me Bad,0.506031
The Beatles - Paperback Writer,0.504594
Guns N' Roses - Knockin' On Heaven's Door,0.504358
Teddy Wilson - In The Mood,0.502839
The Monkees - She,0.502368
Trey Anastasio - Come As Melody,0.501169
The Mark Inside - Carousel,0.497574
The Beatles - When I Get Home,0.497119
Flyleaf - I'm So Sick,0.494828
Grandmaster Flash & The Furious Five - Scorpio,0.485843
Junior Brown - Lookin' For Love,0.485534
Wire - Reuters,0.482255
The Beatles - All You Need Is Love,0.482191
The Dead Milkmen - Punk Rock Girl,0.477511
Hooverphonic - 2Wicky,0.473134
The Rolling Stones - Shake Your Hips,0.471744
The Kingsmen - Louie Louie,0.471652
Broken Social Scene - Cause = Time,0.471289
Kenny Loggins - Danger Zone,0.471229
Fastball - 'Til I Get It Right,0.47095
Broken Social Scene - Shampoo Suicide,0.469893
Christopher Lawrence - October's Child,0.469569
Soda Stereo - Sueles Dejarme Solo,0.468681
4 Haven Knights - In My Lonely Room,0.467659
Bryan Mann - Who Put The Bomp (In The Bomp Bomp Bomp),0.466774
The Beatles - If I Needed Someone,0.465965
Red - Wasting Time,0.460461
Scorpions - New Generation,0.459024
Matthew West - Get Away,0.454339
C+C Music Factory - Things That Make You Go Hmmmm?..,0.453485
Alter Bridge - One By One,0.453459
Rev Theory - Hell Yeah,0.452229
Finger Eleven - Stay And Drown,0.450402
The Monkees - The Monkees,0.449523
Passion - Awesome Is The Lord Most High,0.448624
Sever Your Ties - Hand In Hand,0.442311
Clifford Brown - Donna Lee (live),0.44157
Dan Deacon - Wooody Woodpecker,0.438021
Nine Inch Nails - The Only Time,0.437485
Raveonettes (Holiday) - The Christmas Song,0.436832
The Nomads - Situations,0.434776
The Monkees - Tomorrow's Gonna Be Another Day,0.434
Broken Social Scene - Fire Eye'd Boy,0.430584
Foghat - Drivin' Wheel,0.429863
Videos - Trickle Trickle,0.42969
George Michael - Praying For Time,0.428372
Wolfmother - Colossal,0.426312
Tomasa La Macanita - Yo Soy De Jerez (Bulerias De Cai),0.423392
James Brown - Hot Pants. PT.1,0.423062
Thou - I Was Ignored. And Judged. And Cast Down,0.4227
Brand New - Okay I Believe You. But My Tommy Gun Don't,0.422401
Dead Confederate - Shadow The Walls,0.422322
Stevie Wonder - I Wish (Live),0.421858
The Five Blind Boys Of Mississippi - Where He Leads Me,0.421701
Waylon Jennings - Clyde,0.421331
The Pointer Sisters - Jump,0.419023
The Rolling Stones - Street Fighting Man,0.41793
Styx - Renegade,0.41784
The Animals - I Put A Spell On You,0.410983
Passion - Here I Am To Worship,0.409409
Alter Bridge - Buried Alive,0.408044
Scorpions - No One Like You,0.407413
An Albatross - Death Rides A Brown Horse,0.407059
David Bowie - Rebel Rebel,0.404866
Passion - No One Like You ? David Crowder Band,0.401875
Drive-By Truckers - The Day John Henry Died,0.400985
Guns N' Roses - Don't Cry,0.40012
Janis Figure - Mechanical Bull,0.396879
Finger Eleven - Lost My Way,0.396282
Doc & Merle Watson - Big Spike Hammer,0.395163
Alter Bridge - Open Your Eyes,0.394709
Broken Social Scene - Stars And Sons,0.394514
The Rolling Stones - Gimme Shelter,0.392477
Bishop Allen - Things Are What You Make Of Them,0.391654
Assemblage 23 - Longevity,0.391087
Tokyo Police Club - In A Cave,0.38879
XTC - The Rhythm (Live),0.388559
Converge - Distance And Meaning,0.386814
Herman's Hermits - I'm Henry The VIII I Am,0.386115
Starfield - Can I Stay Here Forever?,0.385372
The High Violets - Sun Baby,0.384508
The Beatles - No Reply,0.383376
Mudvayne - Fall Into Sleep,0.382786
Larry Carlton - Layla,0.380779
Devil Sold His Soul - Between Two Words,0.380764
AC?DC - Hells Bells,0.380745
Rise Against - The Good Left Undone,0.377542
The Black Angels - You On The Run,0.377304
Van Morrison - Gloria (Performed By Them),0.376288
Jay Reatard - Oh It's Such A Shame,0.376152
Jerry Jeff Walker - Gettin' By (Live),0.37587
The Beatles - I Feel Fine,0.373287
Passion - You Never Let Go,0.373108
The Paul Butterfield Blues Band - Piney Brown Blues,0.370837
AC?DC - You Shook Me All Night Long,0.369519
The Blakes - Modern Man,0.369427
Fugazi - Merchandise,0.368577
Prince - Little Red Corvette,0.367921
Neil Young - Ohio,0.367738
Lester Young - Six Cats And A Prince (Master Take),0.366583
Otis Spann - Mr. Highway Man,0.366092
Dan Deacon - Trippy Green Skull,0.365649
Lynyrd Skynyrd - Sweet Home Alabama,0.363932
Steve Earle & Reckless Kelly - Reconsider Me,0.363877
Jr. Walker & The All Stars - What Does It Take (To Win Your Love),0.363396
Ralph Stanley & The Clinch Mountain Boys - Gonna Paint The Town,0.362146
The Beatles - You Won't See Me,0.36152
Wumpscut - Wir Warten,0.361069
The Wiseguys - Ooh La La,0.357576
Joey Ramone - What A Wonderful World,0.356109
The Animals - Baby Let Me Take You Home,0.355955
Broken Social Scene - 7?4 (Shoreline),0.3556
Matthew West - More,0.354648
Gerry & The Pacemakers - See You In September,0.351644
Avril Lavigne - Nobody's Home,0.351181
Decal - Some Kind Of Random,0.350782
Dean Martin - Everybody Loves Somebody,0.350489
AC?DC - Dirty Deeds Done Dirt Cheap,0.350056
David Bowie - Ashes To Ashes,0.349422
James Brown - Super Bad. PTS.1&2,0.348102
Seven Day Jesus - I Will Find You,0.34477
The Allman Brothers Band - Mountain Jam (Live),0.344055
Tiamat - For Her Pleasure,0.342033
Guns N' Roses - November Rain,0.339427
Montgomery Gentry - Speed,0.337532
Canned Heat (Holiday) - Christmas Blues,0.335981
Hank Williams III - Crazed Country Rebel,0.332164
No Age - My Life's Alright Without You,0.331534
The Animals - See See Rider,0.32984
Albert King - Can't You See What You're Doing To Me,0.328284
Rogue Wave - Ghost,0.32621
Christopher Lawrence - Hot Rod,0.325736
Ronnie Earl & Duke Robillard - Lookin For Trouble,0.324257
Say Hi To Your Mom - Your Brains Vs. My Tractorbeam,0.324049
Dire Straits - Walk Of Life,0.323737
Sevendust - Shine,0.323294
Willie Nix - Prison Bound Blues,0.322064
Mercyme - Grace Tells Another Story,0.318302
Nitty Gritty Dirt Band - I Saw The Light,0.317404
The Troggs - My Lady,0.316256
The Animals - Don't Bring Me Down,0.315829
BR549 - Georgia On A Fast Train,0.315509
Chubby Checker - Pony Time,0.315391
B.B. King & John Popper (Holiday) - Back Door Santa,0.314812
Earl Scruggs - Flint Hill Special,0.314284
Junior Brown - Highway Patrol,0.314099
The Beatles - Help!,0.313909
Band Of Horses - Our Swords,0.311804
Lee Sykes - Lock Jaw,0.310825
The New Colony Six - I Lie Awake,0.304553
Lynyrd Skynyrd - Free Bird (Live),0.303122
The Pharcyde - On The DL (Instrumental),0.301205
Cab Calloway - Limehouse Blues,0.300704
Waco Brothers - Missing Link,0.299689
The Soul Survivors - Hey Gyp,0.299019
Buddy Bregman - Derek's Blues,0.295661
The Jam - Absolute Beginners,0.293675
Jr. Walker & The All Stars - Cleo's Mood,0.292502
Band Of Horses - The First Song,0.291924
Korn - Blind,0.291301
The Offspring - Can't Repeat,0.291273
Ivory Joe Hunter - Shooty Booty,0.289531
J-Dilla - Crushin' [Instrumental],0.288681
Allure - Rejected,0.288306
Black Lips - Veni Vidi Vici,0.288238
Roni Size & Reprazent - Hi-Potent,0.286434
Band Of Horses - No One's Gonna Love You,0.285121
Guns N' Roses - Chinese Democracy,0.284254
Pete Fountain - High Society,0.283553
England Dan & John Ford Coley - Gone Too Far,0.283226
James Brown - Get Up Offa That Thing  (Ali Dee Remix),0.283154
!!! (Chk Chk Chk) - All My Heroes Are Wierdos,0.282453
The Monkees - I'm A Believer (Mono),0.281743
Shalamar - Make That Move,0.280822
Bonerama - Freddie,0.279943
Leroy Carr - Sloppy Drunk Blues,0.279342
Little Feat - Oh Atlanta,0.278539
The Beatles - She Came In Through The Bathroom Window,0.276162
The Mars Volta - Roulette Dares (The Haunt Of),0.275756
Otis Spann - Mule Kicking In My Stall,0.275578
Black Lips - Boone,0.274854
Grey Daturas - Hanging Man Is No Peacock,0.273152
Black Lips - Burried Alive,0.273103
Lo Fidelity Allstars - Battle Flag,0.270104
Jackson 5 - I Want You Back,0.269544
Hillsong - God He Reigns ? All I Need Is You (Live),0.268688
Otis Spann - Home To Mississippi,0.267408
Del Tha Funkee Homosapien - Mistadobalina,0.267368
Covenant - Figurehead,0.267098
Guitar Shorty - Loosen Up,0.266525
Justifide - Escape,0.265491
Bond - Space,0.265142
Project 86 - Something We Can't Be,0.265114
Filter - Welcome To The Fold,0.264512
Downhere - Feels Like Winter,0.26252
Secret Machines - All At Once (It's Not Important),0.262075
Nitty Gritty Dirt Band - Way Downtown,0.261072
Boys From Indiana - Atlanta Is Burning,0.260474
Pee Wee Hunt & His Orchestra - Charleston,0.25878
Toots & The Maytals - Sweet And Dandy,0.258618
Peter & Gordon (60s) - A World Without Love,0.255237
Tipica 73 - Cachita,0.255234
Secret Machines - Lightning Blue Eyes,0.254825
The Jackson Southernaires - Lead Me,0.252317
John Prine - Pretty Good,0.251425
Reno & Smiley - Charlotte Breakdown,0.250462
XTC - Roads Girdle The Globe,0.250059
William Clarke - Five Card Hand,0.249977
The Whigs - Written Invitation,0.24992
Tokyo Police Club - Graves,0.249861
Marvin Gaye - I Want You,0.248933
C.J. Chenier & The Rod Hot Louisiana Band - Bad Luck,0.24813
Sade - Paradise,0.246673
Staind - It's Been Awhile,0.246358
Lindsay Lohan - Black Hole,0.245656
Flatfoot 56 - Brotherhood,0.245315
Finger Eleven - First Time,0.244805
Marvin Gaye - What's Going On,0.244151
The Beatles - Can't Buy Me Love,0.24306
Digital Underground - The Humpty Dance,0.242477
Flyleaf - All Around Me,0.242303
John Scofield - Drop And Roll,0.24156
Herman's Hermits - There's A Kind Of Hush,0.240942
Daryl Coley - I Will Bless Your Name,0.240293
Serj Tankian - Sky Is Over,0.2401
RJD2 - Inhale (Remix),0.239808
Orchestral Manoeuvres In The Dark - If You Leave,0.238644
Justin Hinds & The Dominoes - Carry Go Bring Come (Rocksteady),0.237757
Butch Engle & The Styx - Hey I'm Lost,0.236052
The Beatles - With A Little Help From My Friends,0.235617
Herman's Hermits - I'm Into Something Good,0.23521
Van Morrison - Midnight Special,0.232741
The Beatles - Got To Get You Into My Life,0.231519
Orchestral Manoeuvres In The Dark - Dreaming,0.231409
Danny Gatton & Tom Principato - I'm On Fire (Live),0.231364
Prince - Let's Work (Dance Mix),0.231219
Will Smith - Gettin' Jiggy Wit It,0.230542
Sonny Rollins - On A Slow Boat To China,0.229977
The Smokin' Joe Kubek Band - Comin' Home Today,0.229624
JoJo - Too Little. Too Late,0.229376
Yuri Buenaventura - Salsa,0.22875
Roni Size & Reprazent - Mexican,0.228016
Ryan Montbleau Band - Honeymoon Eyes,0.227628
Jo Dee Messina - Heads Carolina. Tails California,0.226851
Your Vegas - It Makes My Heart Break,0.226582
Albert King - I'll Play The Blues For You (Live),0.225807
George Acosta - Precious,0.225222
Prince - Controversy,0.225202
Harry James & Benny Goodman - Life Goes To A Party,0.22476
The Grinder - Man Into Space,0.224482
James Brown - Soul Power,0.224146
Ralph Stanley & The Clinch Mountain Boys - Calling My Children Home,0.224055
James Cotton - Soul Survivor,0.220754
Passion - Glorious,0.22028
Kit McClure Band - One O'clock Jump,0.220256
Gilberto Gil - Mancada,0.220125
Sonny Rollins - Striver's Row (Live),0.218189
Los Checkmates - I Think We're Alone Now,0.217071
Shudder To Think - Goat,0.216306
Nitty Gritty Dirt Band - Get Back,0.215884
Duran Duran - Ordinary World,0.215839
Clifford Brown - Brownie Speaks,0.215828
The Beatles - Baby You're A Rich Man,0.21566
Filter - The Only Way (Is The Wrong Way),0.214467
Say Anything - Surgically Removing The Tracking Device,0.214092
Michael Burns - Into Nothing (Hamel's Last Time For 9 Mix),0.214067
Lefty Frizzell - Saginaw. Michigan,0.213109
Jimmy Dorsey - Begin The Beguine,0.211913
Reno & Smiley - I Saw Your Face In The Moon,0.210843
L.T.D. - Jam,0.210395
Paul Oakenfold - Time Of Your Life (feat. Perry Farrell),0.209462
AC?DC - Highway To Hell,0.209421
Lifehouse - First Time,0.207247
Waylon Jennings - Theme From The Dukes Of Hazzard,0.206953
Stevie Wonder - Superstition,0.206645
The Allman Brothers Band - Can't Take It With You,0.204402
Phil Collins - Another Day In Paradise (Live),0.203001
The Time - Jungle Love,0.20273
Glen Gray & The Casa Loma Orchestra - Who's Sorry Now?,0.202654
Paul Oakenfold - Amsterdam,0.202579
The Monkees - Daydream Believer,0.202076
Foghat - Dreamer,0.201347
David Massengill - My First Kiss,0.200877
The Beatles - Things We Said Today,0.200424
Lowell Fulson - Everyday I Have The Blues,0.200419
Stevie Wonder - Do I Do,0.199985
Pete Fountain - While We Danced At The Mardi Gras,0.199646
Alter Bridge - Before Tomorrow Comes,0.198809
Sonicflood - I Want To Know You (In The Secret),0.198442
Charles Wright & The Watts 103rd Street Rhythm Band - Express Yourself,0.198144
George Acosta - The Storm,0.197876
Marvin Gaye - Got To Give It Up. Part 1 ( Live),0.197338
Pete Fountain - The Darktown Strutters' Ball,0.197279
Shudder To Think - Own Me,0.197234
The Smokin' Joe Kubek Band - Mean Old World,0.196746
Stephen Kellogg & The Sixers - A Cabin In The Woods,0.195919
Bill Haley & His Comets - Shake. Rattle And Roll,0.195545
Public Enemy - Fight The Power,0.195376
Elefante - El Abandonao,0.194757
Jerry Bergonzi - Outhouse,0.193645
Hank Williams Jr. - All My Rowdy Friends Are Coming Over Tonight,0.193573
The Wallflowers - 6th Ave Heartache,0.193244
Retrosic - Desperate Youth,0.193023
Enanitos Verdes - Luz De Dia,0.192814
Mar-Keys - Pop-Eye Rider,0.192806
Shinedown - Burning Bright,0.192037
Marvin Gaye - Got To Give It Up,0.191133
Soda Stereo - Ella Uso Mi Cabeza Como Un Revolver,0.190836
Flyleaf - Sorrow,0.189965
Kidz In The Hall - Ritalin,0.189878
Simple Plan (Holiday) - My Christmas List,0.189768
Kai Winding - Impulse,0.189061
Sharon Jones & The Dap-Kings - Let Them Knock,0.188664
The Beatles - A Day In The Life (Love Version),0.188246
Public Enemy - Public Enemy No. 1,0.188241
James Cotton - Take Me Back,0.188187
Bing Crosby - You Must Have Been A Beautiful Baby,0.188162
Lowell Fulson - Reconsider Baby,0.18748
Les Brown And His Band Of Renown - The Sweetheart Of Sigma Chi,0.187423
Les Paul & Mary Ford - How High The Moon,0.187221
Turn Me On Dead Man - 67 Dreams,0.185945
Kill Memory Crash - Riyout,0.185599
Jarabe De Palo - Grita,0.185061
Donnie McClurkin - Church Medley,0.184562
The Beatles - Ob-La-Di. Ob-La-Da,0.184222
Silberbart - Head Tear Of The Drunken Sun,0.182332
Dj Baby Anne & Jen Lasher - Fear2,0.181988
Lazy Lester - Gonna Stick To You Baby,0.181971
Kumbia Altarz - Chiquilla,0.181791
Joe Diffie - White Lightning,0.180497
Wumpscut - Fear In Your Eyes,0.178538
Willie Banks - God's Goodness,0.178498
Van Morrison - Domino,0.178049
The Beatles - Run For Your Life,0.177985
"Eddie ""Lockjaw"" Davis - Trane Whistle",0.177079
Beau Jocque & The Zydeco Hi-Rollers - Chere Mignonne (Dear Cute One),0.176452
Nice & Smooth - Sometimes I Rhyme Slow,0.176307
Cat Stevens - Wild World,0.175824
The Beatles - If I Fell,0.175603
Black Sheep - The Choice Is Yours (Revisited),0.173744
Johnny Horton - I'm Ready If You're Willing,0.173471
Harold Melvin & The Blue Notes - Don't Leave Me This Way,0.173231
Guns N' Roses - Patience,0.172647
Sonny Rollins - St. Thomas,0.172568
)EIB( - Forgotten,0.172441
Lazy Lester - A Woman,0.172022
Lazy Lester - I'm Gonna Miss You (Like The Devil),0.170941
Jerry Jeff Walker - L.A. Freeway,0.170331
RJD2 - All For You,0.170256
Creed - Higher,0.169221
The Clovers - Devil Or Angel,0.169045
The Orb - Once More (Bedrock Dub Mix),0.168154
Reuben Morgan - Hear Our Praises,0.167831
Junior Brown - Semi-Crazy,0.167388
Lowell Fulson - No More. Pt. 1,0.167214
Endre - Kallocain (Robert Nickson Remix),0.166761
The Commodores - Brick House,0.166733
Phil Collins - You'll Be In My Heart,0.166294
Indigo Girls - Cold Beer And Remote Control,0.16576
Westbam - Elektronische Tanzmusik,0.165671
James Brown - Funky President,0.165622
The Beatles - A Day In The Life,0.165501
Bill Haley & His Comets - (We're Gonna) Rock Around The Clock,0.165383
Stevie Wonder - Higher Ground,0.165037
The Aggrolites - Mr. Misery,0.164595
Michelle Branch - All You Wanted,0.163899
Worm Is Green - Army Of Them,0.163423
Ohio Players - Fire,0.163055
Irish Rovers (Holiday) - The Holly Bears The Crown,0.162847
The Cotton Pickers - Hot Lips,0.162634
Gladys Knight & The Pips - I Heard It Through The Grapevine,0.162439
Gnarls Barkley - Smiley Faces [Live On Later With Jools Holland],0.161569
Sonny Rollins - Like Someone In Love,0.16144
Avril Lavigne - Keep Holding On,0.160873
Dead Confederate - Tortured Artist Saint,0.15999
Ben Jelen - Not My Plan,0.159867
Clarence Fountain - I Want To Go,0.159623
Groove Coverage - The End,0.158825
Kim Wilson - High & Lonesome (live),0.158716
Arrested Development - Tennessee,0.158593
Various Artists? 50 Most Loved Christmas Carols (Holiday) - Lo. How A Rose E'er Blooming,0.158581
Lee Ann Womack - I'll Think Of A Reason Later,0.158191
Earl Scruggs - Get In Line Brother,0.158086
The Business - Drinking And Driving,0.157788
Darrell Evans - Trading My Sorrows,0.156633
Visionaries - Love (Hip-Hop),0.156041
Funkadelic - One Nation Under A Groove,0.155516
Tokyo Police Club - Juno,0.154735
The Christmas Jug Band (Holiday) - Boogie Woogie Santa Claus,0.153037
Earl Scruggs - Stash It,0.152999
Michael Martin Murphey (Holiday) - Corn. Water And Wood,0.152945
Brett Dennen - There Is So Much More,0.152146
Ryan Montbleau Band - Stretch,0.152054
Toots & The Maytals - Monkey Man,0.150937
Irish Rovers (Holiday) - We Wish You A Merry Christmas,0.150868
The Brand New Heavies - BNH,0.149822
Azzido Da Bass - Dooms Night,0.149693
Bonerama - Ocean,0.148245
Johnny Horton - Out In New Mexico,0.148182
Tokyo Police Club - Nature Of The Experiment,0.148138
Enanitos Verdes - Tu Carcel,0.14785
Digital Underground - Doowutchyalike,0.14731
Trey Anastasio - Sleep Again,0.147212
Los Lobos - Let's Say Goodnight,0.146857
Gaither Vocal Band - Swing Down Chariot,0.146078
The Beatles - Something,0.146009
Bonerama - Funky Miracle,0.145874
Reuben Morgan - My Redeemer Lives,0.145676
No Age - I Wanna Sleep,0.144911
Vicious Circles - Vicious Circles (Ryan Blair Mix),0.144332
Maynard Ferguson - The Wailing Boat (Live),0.144257
The Association - Never My Love,0.144054
John Scofield - Boozer,0.142935
Kate Nash - Pumpkin Soup,0.142848
Justin Hinds & The Dominoes - Carry Go Bring Come (Ska Version),0.142837
Celia Cruz & Tito Puente - La Plena Bomba Me Llama,0.142398
Chubby Checker - Limbo Rock,0.142173
Carlton Pearson - We've Come This Far By Faith,0.14213
Kidz In The Hall - Don't Stop,0.141633
Tim Hughes - Here I am to Worship,0.141275
Sharon Jones & The Dap-Kings - Be Easy,0.140292
Sheryl Crow (Holiday) - Run Rudolph Run,0.140092
Assemblage 23 - Damaged,0.140062
Novakill - Why Won't You Die!?!,0.140018
Seal - Wild,0.139423
Dan The Automator - Champions (Instrumental),0.139356
Al Stewart - Time Passages,0.139228
Jackson 5 - Abc,0.139107
Tokyo Police Club - Citizens Of Tomorrow,0.138788
David Wilcox - Rusty Old American Dream,0.138741
Peaches & Herb - Shake Your Groove Thing,0.138522
Katalyst - Break Up,0.138161
Victor Manuelle - Tengo,0.138149
James Brown - Get Up Offa That Thing,0.138064
Dj Alibi - Eglinton West Blues,0.137883
Granite & Phunk - Knock You Over,0.137845
Andrae Crouch - Soon And Very Soon,0.136044
John Butler Trio - Funky Tonight,0.135214
The Paul Butterfield Blues Band - Help Me,0.135104
The Bamboos - Tighten Up,0.134783
L.T.D. - Back In Love Again,0.134672
Willie Colon & Ruben Blades - Ojos,0.134134
Ella Fitzgerald - Darn That Dream,0.133854
Jr. Walker & The All Stars - What Does It Take,0.13338
Van Morrison - Tupelo Honey,0.131743
Port O'Brien - Anchor,0.131336
Passion - All Creatures Of Our God And King,0.1312
Fugazi - Suggestion,0.1311
Willie Colon & Ruben Blades - Pedro Navaja,0.130297
The Mission UK - Love Me To Death,0.13025
The Seldom Scene - Maybe You Will Change Your Mind,0.129606
Whitney Houston (Holiday) - Do You Hear What I Hear?,0.129476
Toots & The Maytals - Still Is Still Moving To Me (feat. Willie Nelson),0.129471
System F - Out Of The Blue,0.129388
The Beatles - Get Back (Love Version),0.129369
Soda Stereo - Paseando Por Roma,0.129241
The National - Slow Show,0.128829
Patrick Lundy - That's Who He Is (Live),0.128806
R.L. Burnside - When My First Wife Left Me,0.128685
The Dubs - Chapel Of Dreams,0.128588
HH - Planetary,0.128316
Wumpscut - Golgotha,0.127893
The Beatles - Day Tripper,0.127732
Bunny Berigan - Sobbin' Blues,0.127375
The Beatles - Love Me Do,0.127279
Bunny Berigan - Plantation Moods,0.127257
Binary Finary - 1999,0.126926
Sonny Rollins - Pent Up House,0.126513
Boyce. William - Trio Sonata No. 9 In C Major,0.126419
Avril Lavigne - Contagious,0.12604
Provision - Visualize,0.125947
Bonerama - Crosstown Traffic,0.125803
Avril Lavigne - Sk8er Boi,0.125639
Del Tha Funkee Homosapien - Jaw Gymnastics (feat. Casual),0.125168
Junior Brown - Broke Down South Of Dallas,0.124238
Josh White - Bonbons. Chocolate. And Chewing Gum,0.124087
Lou Blackburn - Secret Love,0.124069
Eazy-E - Eazy-Er Said Than Dunn,0.123967
Rogue Wave - Nourishment Nation,0.12341
John Tesh - God Of Wonders,0.123271
The Ray Conniff Singers (Holiday) - Santa Claus Is Coming To town,0.123266
Bonerama - Cabbage Alley,0.122811
Lee Morgan Quintet - The Gigolo,0.122437
Eric Harringer & John Paul Lacey - Ageless,0.121395
J-Dilla - Make Em Nv,0.121323
J-Dilla - Make'em Nv [Instrumental],0.121323
Sharon Jones & The Dap-Kings - Nobody's Baby,0.121095
Steve Winwood - While You See A Chance,0.121046
Assemblage 23 - Opened,0.12102
The Allman Brothers Band - Long Time Gone,0.120932
Dire Straits - Sultans Of Swing,0.120925
Michael Jackson (Holiday) - Little Christmas Tree,0.120699
Dredg - Sang Real (Live),0.120571
Hillsong & Delirious? - I Could Sing Of Your Love Forever,0.120519
Jimmy Ruffin - What Becomes Of The Brokenhearted,0.120346
Little Milton - My Back Scratcher,0.120275
Goodie Mob - The Day After,0.120172
Los Rieleros Del Norte - El Amor No Se Vende,0.119396
Covenant - Dead Stars (Version),0.119357
Klute - Crosby,0.11905
Junior Brown - I Hung It Up,0.119006
Tommy Johnson - Maggie Campbell,0.118197
XTC - Chalkhills And Children,0.117947
Jars Of Clay (Holiday) - I Heard The Bells On Christmas Day,0.117923
Branford Marsalis - Swingin' At The Haven,0.117272
Prince - Let's Work,0.116411
Booker Ervin - Lynn's Tune,0.116401
!!! (Chk Chk Chk) - Me And Giuliani Down By The School Yard (A True Story),0.116325
Kathleen Edwards - Oh Canada,0.116231
Catie Curtis - Fall Away,0.11608
Jimmy Buffett - Come Monday,0.11598
Maynard Ferguson - Everybody Moan,0.115458
Del Tha Funkee Homosapien - If You Must,0.11541
Junior Brown - Freedome Machine,0.11528
Luis Miguel - Ahora Te Puedes Marchar (I Only Want To Be With You),0.115205
Van Morrison - Days Like This,0.114144
Ben Jelen - Where Do We Go,0.114028
Johannes Linstead - La Rumbita,0.113637
Chayanne - Un Siglo Sin Ti,0.112989
Your Vegas - Troubled Times,0.11293
The Beatles - Let It Be,0.112696
Leftover Salmon - Midnight Blues (feat. Del & Ronnie McCoury),0.112597
John Scofield - A Go Go,0.112215
Lefty Frizzell - I Love You A Thousand Ways,0.112035
Eddie Boyd - Best I Could,0.111865
Black Sheep - The Choice Is Yours (Album Version),0.111505
Marvin Sapp - Give Thanks,0.111403
Marty Robbins (Holiday) - The Joy Of Christmas,0.111073
John Scofield - Beep Beep,0.110804
Al Stewart - Broadway Hotel,0.110168
Jason Aldean - Laughed Until We Cried,0.109723
Robert Earl Keen - Corpus Christi Bay,0.109235
Toots & The Maytals - Funky Kingston,0.109086
Nitty Gritty Dirt Band - Mr. Bojangles,0.109014
Hazel Dickens & Alice Gerrard - I Just Got Wise,0.108252
Chick Corea Elektric Band - Lifescape,0.107799
Johnny Adams - Not Trustworthy (A Lyin' Woman),0.107429
Jackson 5 - Oh How Happy,0.106187
Nitty Gritty Dirt Band - Togary Mountain,0.105884
Mumbles - Prema's Dilema,0.105786
Staind - Right Here,0.105558
Cher - Gypsys. Tramps & Thieves,0.105393
Rachmaninov. Sergey - Etudes-tableaux. For Piano. Op. 33,0.104629
John Danley - Hickory,0.104321
Dan Crary - The Fermoy Lass. The Man Of The House,0.104127
Albert King - Jam In A-Flat,0.10325
Moonspell - Sons Of Earth,0.103187
Sharon Jones & The Dap-Kings - How Long Do I Have To Wait For You?,0.10298
Loudon Wainwright III - The Swimming Song,0.102715
Rogue Wave - Endgame,0.102701
Junior Brown - You Didn't Have To Go All The Way,0.102016
Crosby. Stills. Nash & Young - Woodstock,0.101896
Nitty Gritty Dirt Band - Wildwood Flower,0.10171
Phil Collins - Do You Remember?,0.101352
Del Tha Funkee Homosapien - Burnt (feat. The Hyrogliphics),0.101131
Jon Bon Jovi (Holiday) - Please Come Home For Christmas,0.100869
Rah - Wave,0.100507
George Acosta - Tranzy State Of Mind (Club Mix),0.100471
Euge Groove - Get Em Goin',0.099821
Port O'Brien - Tree Bones,0.099714
Clifford Brown - Hymn Of The Orient,0.099514
Traffic - Pearly Queen,0.09942
Sharon Jones & The Dap-Kings - 100 Days. 100 Nights,0.099301
Imogen Heap - The Walk,0.099091
Grandmaster Flash & The Furious Five - Freedom,0.098977
Brett Dennen - Ain't No Reason,0.098693
Chayanne - Dejaria Todo,0.098327
Al Stewart - Year Of The Cat,0.098066
Benny Carter - Long Ago And Far Away,0.097868
Blackmore's Night (Holiday) - We Three Kings,0.097371
Lindsay Lohan - Rumors,0.097214
Asleep At The Wheel - Cotton-Eyed Joe,0.096975
Neil Young - Cripple Creek Ferry,0.09679
Stevie Wonder - Overjoyed,0.096648
Public Enemy - Can't Truss It,0.096603
Smokie Norful - I Understand,0.096571
Nine Inch Nails - Slipping Away,0.096526
Eddie Fisher (Holiday) - My Favorite Things,0.095981
Victor Manuelle - Como Una Estrella,0.095336
Lucy Kaplansky - When I Get To The Border,0.095268
Johnny Maestro & The Crests - Angels Listened In,0.094711
Lee Morgan - Sneaky Pete,0.094282
Brian Eno - Neroli,0.093878
Hank Williams III - Honky Tonk Girls,0.093338
Explosions In The Sky - A Slow Dance,0.092956
Bryan Lee - Just Like A Fish,0.092928
Paul Oakenfold - Faster Kill Pussycat,0.0926
Mary Lou Lord - Cold Kilburn Rain,0.092242
Smokie Norful - Celebrate,0.091813
The Beatles - Two Of Us,0.091574
Alison Krauss - Don't Follow Me,0.091279
The Cambridge Singers & Orchestra (Holiday) - Good Christian Men. Rejoice,0.091097
Death Vessel - Dancers All,0.090859
Sarah McLachlan - Building A Mystery,0.090823
Mercyme - Here With Me,0.089449
Harry Connick. Jr. - It Had To Be You,0.089392
Mary Chapin Carpenter - Right Now,0.089271
Chris Bocast - Quantum Entanglement,0.089062
Tex Ritter - I've Found A New Baby (Instrumental),0.089035
Benny Page - Neck Breaker,0.088983
Lucy Kaplansky - Written On The Back Of His Hand,0.088836
Tokyo Police Club - Be Good,0.088582
Patra - Romantic Call,0.088425
Paul Oakenfold - Sex 'n' Money,0.088398
Sonny Rollins - Paradox,0.088295
Little Walter - Blue Baby Hard Times,0.088201
Milt Jackson - Namesake,0.088074
Leftover Salmon - Bend In The River (Live),0.087963
Skafish (Holiday) - Jingle Bells,0.087524
Antonio Carlos Jobim - Por Toda Minha Vida,0.087522
Mickey Hart & Zakir Hussain - Dances With Wood,0.087515
Marvin Gaye - Mercy Mercy Me,0.087423
The National - Green Gloves,0.087391
Spyro Gyra - Believe,0.086818
The Beatles - I'll Follow The Sun,0.08658
Laurie Z. - The Mysterious Painter,0.086518
Marvin Gaye - Let's Get It On,0.086356
Lyle Lovett - That's Right (You're Not From Texas),0.08594
George Acosta - Another Way (Club Mix),0.085829
Tommy Emmanuel - The Hunt,0.085727
Loquat - Change The Station,0.085499
Jim Jackson - Bye. Bye. Policeman,0.085285
Irish Rovers (Holiday) - God Rest Ye Merry Gentlemen,0.085174
Nine Inch Nails - Closer,0.084643
Michael Martin Murphey - Tumbling Tumbleweeds,0.084454
Your Vegas - In My Head,0.084385
The Supremes - Where Did Our Love Go,0.083986
Dan Crary - Hot Pursuit,0.083865
Otis Spann - Rock Me Mama,0.083741
Christa DeErynn - Sweet Lies,0.08362
Kenny Rogers (Holiday) - White Christmas,0.083092
Albert King - Born Under A Bad Sign (Live),0.082917
Jimmy Forrest - By The River Sainte Marie,0.082257
Los Rieleros Del Norte - Fue Mentira,0.081923
Jim Henry+Brooks Williams - Gender Bender,0.081699
Victor Manuelle - Sin Querer Queriendo,0.08162
Wreckless Eric - Excuse Me,0.08155
Gnarls Barkley - Crazy,0.08077
Enanitos Verdes - Lamento Boliviano,0.080682
Gouryella - Walhalla,0.08034
Billy Preston - Outa-Space,0.079898
Marvin Sapp - Perfect Peace,0.07968
Marvin Gaye - How Sweet It Is (To Be Loved By You),0.079515
Dave Biller & Jeremy Wakefield - Martian Guts,0.079435
Ralph Stanley & The Clinch Mountain Boys - Stone Walls And Steel Bars,0.078864
Assemblage 23 - Cocoon,0.078764
Loudon Wainwright III - Grey In L.A.,0.078696
Cornel Campbell - Concrete Jungle,0.078598
Slim Harpo - You Can't Make It,0.077797
Sonny Rollins - Ev'ry Time We Say Goodbye,0.077594
The Rolling Stones - Ruby Tuesday,0.077274
Dean Martin - Ain't That A Kick In The Head,0.077265
Finbar & Eddie Furey - Curragh Of Kildare,0.077092
Sonny Rollins - On Green Dolphin Street,0.076865
Ambrosia - How Much I Feel,0.076858
Jackson 5 - Dancing Machine,0.076514
Question Mark and the Mysterians - 96 Tears,0.076227
Balearic Bill - Destination Sunshine,0.075372
Asleep At The Wheel - Stay All Night,0.075282
The Crests - Angels Listened In,0.075206
Ralph Stanley & The Clinch Mountain Boys - I Am Weary,0.075204
Stevie Wonder - My Cherie Amour,0.075061
Charanga La Tapa - Vamono's Pa'l Monte,0.074795
Cal Tjader - Sambo Do Suenho,0.074524
Preston Reed - Ladies Night,0.07422
Roni Size & Reprazent - Brown Paper Bag (Roni Size Full Rap Remix),0.073337
DJ Muggs Vs GZA - Unstoppable Threats (Instrumental),0.072873
RJD2 - Ghostwriter (Remix),0.072523
A Teens - S.O.S,0.072344
Hank Williams Jr. - Whiskey Bent And Hell Bound,0.07215
Betty Everett - The Shoop Shoop Song (It's In His Kiss),0.072113
Leftfield - Swords,0.071817
The Jackson Southernaires - I Need You To Hold My Hand,0.0718
Stars Of The Lid - A Lovesong (For Cubs)+? Part 3,0.071772
Leftover Salmon - Steam Powered Aeroplane (Live),0.071526
Sam Bush - Same Ol' River (live),0.071418
Staind - Take This,0.071399
Los Rieleros Del Norte - Me Quieres Matar De Celos,0.071306
Juno Reactor - Conga Fury (Animatrix Mix),0.070907
Josh White - New Milk Cow Blues,0.070883
Alison Krauss - Endless Highway,0.070846
!!! (Chk Chk Chk) - Hello? Is This Thing On,0.070395
Dave Swarbrick - Two Magicians,0.070386
Seal - Love's Divine (Live),0.07016
Slim Harpo - Tip On In. Part 1,0.069508
Christopher Lawrence - Ride The Light,0.069229
Outkast - Ms. Jackson,0.069217
Junior Brown - Gotta Get Up Everymorning,0.069185
Waylon Jennings - T For Texas (Blue Yodel No. 1) (live),0.068966
Antonio Carlos Jobim - Children's Games,0.068723
The Warlocks - Gypsy Nightmare,0.068616
Whitney Houston (Holiday) - Joy To The World,0.068521
Doc Watson - Billy In The Low Ground (Live),0.068348
Teddy Wilson - Flyin' Home,0.068176
Old Crow Medicine Show - Take 'Em Away,0.06815
Michael Martin Murphey (Holiday) - Sleigh Ride ? Jingle Bells,0.067793
John Michael Montgomery - Angel In My Eyes,0.067753
Toots & The Maytals - Schooldays,0.067633
The Pharcyde - Ya Mama (Instrumental),0.067618
Maxine Nightingale - Right Back Where We Started From,0.067523
George Acosta - Silence (DJ Tiesto's In Search Of Sunrise Remix),0.067393
Kasey Chambers - Nothing At All,0.067367
Roomful Of Blues (Holiday) - Have Yourself A Merry Little Christmas,0.067172
Kate Havnevik - Sleepless,0.066669
Sam Bush - The Dolphin Dance,0.066649
Our Brother The Native - We Are The Living,0.066627
Robert Johnson - I'm A Steady Rollin' Man,0.066371
Chayanne - Atado A Tu Amor,0.06632
John McEuen - Ryan William's Arrival In America,0.06629
Milt Jackson - Bags Of Blue (Live),0.06568
Fastball - Which Way To The Top,0.065401
Tim Track - Panic Voice,0.065241
Los Rieleros Del Norte - Caballo De Espadas,0.065199
The League - Hey Conductor,0.064948
Alison Krauss - Foolish Heart,0.064615
Rihanna - Shut Up And Drive,0.064489
Frank Foster - John R. And Garfield,0.064281
Dan Crary - Senso Unico,0.064116
Blackmore's Night (Holiday) - Hark The Herald Angels Sing ? Come All Ye Faithful,0.064112
Nitty Gritty Dirt Band - One Sure Honest Line,0.064024
Outkast - The Whole World,0.063953
Junior Brown - My Wife Thinks Your Dead,0.063919
Robert Shaw Chorale (Holiday) - Carol Of The Bells ? Deck The Halls,0.063916
Iron & Wine - Faded From The Winter,0.063766
Harry Connick. Jr. - I Could Write A Book,0.063717
Blackmore's Night (Holiday) - Ding Dong Merrily On High,0.063577
Ben Webster - Tenderly,0.063549
The Fray - How To Save A Life,0.063279
Nine Inch Nails - Zero Sum (Stephen Morris & Gillian Gilbert Remix),0.063266
Sonny Rollins - 'Round Midnight,0.063195
Diego El Cigala - Ana. Dolores Y Aurora,0.063063
Skafish (Holiday) - O Come. O Come Emmanuel,0.062307
Del Tha Funkee Homosapien - Phoney Phranchise,0.06229
Jo Dee Messina - Lesson In Leavin',0.06218
Empirical Labs - Turtle Beach (Original Mix),0.062159
Dire Straits - So Far Away,0.061871
Hezekiah Jones - Postpone,0.061841
Furry Lewis - Goin' To Kansas City,0.061773
The Del McCoury Band - A Far Cry,0.061557
Cornel Campbell - Screwface,0.060998
John Scofield - Rule Of Thumb,0.0606
Furry Lewis - Baby You Don't Want Me,0.060115
Vendredi 13 - Frequency 7,0.060046
Rihanna - Umbrella,0.059744
Nitty Gritty Dirt Band - Snowballs,0.059195
Dire Straits - Once Upon A Time In The West,0.059108
Tranquility Base - Surrender,0.058893
Cat Stevens - Moonshadow (Live),0.058783
2Pac (Tupac) - How Do U Want It,0.058722
Kai Winding - Doodlin',0.058499
Jazzy Jeff & The Fresh Prince - Parents Just Don't Understand,0.058206
Sam Bush - Mr. Freddie,0.058135
FC Kahuna - Machine Says Yes,0.057875
Meg Hutchinson - Vanishing Points,0.057796
D - Nox & Beckers - Jet Lag Slave,0.057409
Sarah McLachlan - Train Wreck,0.057336
John Prine - It's A Cheating Situation,0.057306
Whodini - One Love,0.057212
The Del McCoury Band - Asheville Turnaround,0.057103
Gospel Four - It's Just A Matter Of Time,0.057098
Scorpions - Still Loving You,0.057054
Luis Miguel - La Incondicional,0.056962
Bonerama - Louie's Perch,0.056752
Dan Crary - Reedie's Blues,0.056574
Plastic Little - Hola Plastique,0.056406
Critters Buggin - 5?4 F.T.D.,0.056355
Staind - Outside,0.05627
Joe Camilleri & Nicky Bomba - Better Must Come,0.056118
George Michael - Fastlove (Forthright Edit),0.055889
Lowell Fulson - Western Union Blues,0.055855
Dan Crary - Tom & Jerry,0.055697
The Commodores - Easy,0.055499
Jackie Wilson - Lonely Teardrops,0.055333
Verdi. Giuseppe - Falstaff. Opera,0.055166
2Pac (Tupac) - Against All Odds,0.055134
Z-Ro - Keep On (Chopped & Screwed),0.055017
Indigo Girls - Blood And Fire,0.055016
Prince - Kiss (Extended Version),0.05492
Sonny Rollins - Moritat (Mack The Knife),0.054642
Delroy Wilson - I Can't Help Myself,0.054571
Public Enemy - Rebel Without A Pause,0.054298
Arrested Development - People Everyday (Reprise),0.054237
Gladys Knight & The Pips - Best Thing That Ever Happened To Me,0.054204
Toots & The Maytals - Never You Change (Reggae Version),0.054105
Paul Baloche - Your Name,0.054003
Mojo Nixon and the Toadliquors (Holiday) - Boogie Woogie Santa Claus,0.053843
Three Days Wait - Beautiful Baby,0.05381
Brian Eno - Zawinul ? Lava,0.053784
Verdi. Giuseppe - Nabucco. Opera (Nabucodonosor),0.053709
Indigo Girls - Left Me A Fool,0.053669
Otis Spann - I'm Ready,0.053606
Mose Andrews - Ten Pound Hammer,0.053559
Jens Lekman - The Wrong Hands,0.053379
As One - Contours,0.053303
Kidz In The Hall - Wassup Jo',0.053107
Chick Corea Elektric Band - Passage,0.052766
Ian Van Dahl - Castles In The Sky,0.052692
Al Stewart - On The Border,0.052682
Bassnectar - Creation Lullabye,0.052382
Lucy Kaplansky - I Had Something,0.052298
Johannes Linstead - Cielo Azul,0.05225
Preston Reed - Tractor Pull,0.051651
Dean Martin - Memories Are Made Of This,0.051625
Ruben Studdard - Goin' Up Yonder,0.051429
Sam Bush - Big Mon,0.051399
The Young Tradition - Lyke Wake Dirge,0.051323
Lee Morgan - Hocus Pocus,0.051214
Bing Crosby - It's Been A Long. Long Time,0.051194
Doc Watson - Little Sadie,0.051173
The Manhattans - Kiss And Say Goodbye,0.050795
The George Lewis Band - Pork Chop,0.050765
Ella Fitzgerald - Desafinado (Slightly Out Of Tune),0.050483
Aterciopelados - Bolero Falaz,0.050433
Midnight Star - No Parking,0.050048
Uncle Earl - Booth Shot Lincoln,0.050035
Ralph Stanley & The Clinch Mountain Boys - Beautiful Star Of Bethlehem,0.050019
Raekwon - Ice Cream,0.049968
Brett Dennen - One Who Loves You The Most,0.049921
James Brown - Cold Sweat (Part 1),0.04983
Sam Bush - Girl Of The North Country (live),0.049762
Robin Guthrie & Harold Budd - Childhood Lost,0.049759
The National - Fake Empire,0.049692
Reik - Me Duele Amarte,0.049674
Nitty Gritty Dirt Band - Fish Song,0.049597
Sugarloaf - Green-Eyed Lady,0.049293
The Ray Conniff Singers (Holiday) - Silver Bells,0.049287
Waylon Jennings - San Francisco Mabel Joy,0.049195
Vengaboys - We Like To Party!,0.048704
RJD2 - Solomon Jones,0.048598
N.W.A. - Real Niggaz Don't Die,0.048293
Jennie Arnau - Float On,0.04807
The National - Start A War,0.048063
Mixmaster Mike - Bazooka Kanyon,0.048008
Brother Ali - Uncle Sam Goddamn,0.047816
Jimmy Somerville - To Love Somebody,0.04781
Gleisberg - Indian Garden,0.047689
Down To The Bone - Cellar Funk,0.047541
Kate Rusby - The Lark,0.047513
Waylon Jennings - Are You Sure Hank Done It This Way,0.04751
Los Rieleros Del Norte - Abrazado De Un Poste,0.047488
Corona - Rythym Of The Night,0.047302
Blind Blake - Depression's Gone From Me Blues,0.04725
Sonicflood - I Could Sing Of Your Love Forever,0.046779
The Beatles - Within You Without You,0.046755
The Dukes Of Dixieland - Sunrise. Sunset,0.046548
Don Ross - Klimbim,0.046438
Jurgen Paape - Take That,0.046426
Chayanne - Y Tu Te Vas,0.046191
Robbie Seay Band - Love Wins,0.046081
Doc & Merle Watson - Gambler's Yodel,0.046024
The Dirty Projectors - On The Beach,0.045768
Junior Brown - Freeborn Man,0.045686
Jimmy Cliff - Look At The Mountains,0.045391
Toots & The Maytals - Pressure Drop,0.045058
Brian Culbertson - Say What? (feat. Steve Cole),0.045014
Ray Charles & The Count Basie Orchestra - I Can't Stop Loving You,0.044777
Wes Montgomery - Full House (Live),0.044758
Public Enemy - Don't Believe The Hype,0.044744
Jack Jones - Luck Be A Lady,0.044591
Ned Luberecki - Emergency Pulloff,0.044411
Ralph Stanley & The Clinch Mountain Boys - Pretty Polly,0.044201
Sound Providers - Autumn's Evening Breeze,0.044099
la sonora dinamita ? la sonora tropicana - Mi Cucu,0.043942
Keith Oxman - Serenity,0.043913
Clifford Brown - Love Is A Many Splendored Thing,0.043904
Lowell Fulson - Guitar Shuffle,0.043884
Cedar Walton Trio - I Mean You,0.043302
Conjure One - Extraordinary Way (Antillas Mix),0.043294
Talib Kweli - Supreme Supreme,0.043198
Jim Taylor - Little Rose Is Gone. Billy In The Lowground,0.043161
Junior Brown - Where Has All the Money Gone?,0.04316
Louis Armstrong (Holiday) - Christmas Night In Harlem,0.042982
Pete Robbins - Screwgun,0.042891
Tommy Flanagan Trio - Eclypso,0.042604
Jeff Lorber - Chopsticks,0.042338
Jim Henry+Brooks Williams - Angie,0.04229
Roberto Roena - El Pueblo Pide Que Toque,0.042121
Bill Monroe - Molly & Tenbrooks,0.042092
The Royal Guardsmen - Snoopy Vs. The Red Baron,0.041997
Lucky Thompson - Jeep's Blues,0.04165
Sean Hayes - Rattlesnake Charm (Dream Machine),0.041639
The Commodores - Lady (You Bring Me Up),0.041438
Khachaturian. Aram - Masquerada. Suite From The Incidental Music For Orchestra (or Piano),0.041438
Groove Coverage - Runaway,0.04135
Royal Crown Revue (Holiday) - Baby It's Cold Outside (feat. Vicky Tafoya),0.04131
Tricky - Aftermath,0.04119
The Del McCoury Band - Fire And The Flame,0.041137
Toquinho & Paulinho Da Viola - Tarde Em Itapoa (live),0.040981
La Sonora Dinamita - A Mover La Colita,0.040883
Raina Rose - Evergreen House. 2nd Floor,0.040762
The National - Fake Empire (Live),0.040749
Prince - I Wanna Be Your Lover,0.040693
Big Al Carson (Holiday) - Santa Claus Is Comin' To Town,0.040686
Donnie McClurkin - He's Calling You,0.04058
Ziggy Marley - Friend,0.040558
Nick Drake - Here Come The Blues,0.040208
Various Artists? 50 Most Loved Christmas Carols (Holiday) - In The Bleak Midwinter,0.0402
Sarah McLachlan - Hold On (Live),0.040012
BBC Big Band Orchestra - On The Sunny Side Of The Street,0.039998
Doc Watson - Eastbound Train (Live),0.039751
J-Dilla - Won't Do (Instrumental),0.039708
Kidz In The Hall - The In Crowd,0.039696
Chino Espinoza -Los Duenos Del Son - Hector Lavoe Medley,0.039623
Chubby Checker - Let' Stwist Again,0.039555
Little Walter - Bad Acting Woman,0.039343
Lee Ann Womack - I Hope You Dance,0.039195
Goodie Mob - Soul Food,0.039049
Tim O'Brien - Johnny Don't Get Drunk ? Rye Straw,0.039003
Hugo Montenegro & His Orchestra - Theme From A Fistful Of Dollars,0.03899
Wes Montgomery - Watch What Happens,0.038701
Brandi Carlile - Throw It All Away,0.038662
Digital Underground - Same Song,0.038648
Heritage Hall Jazz Band (Holiday) - Silver Bells,0.038526
Furry Lewis - Mistreatin' Mama,0.038509
Stevie Wonder - Ribbon In The Sky,0.03848
Mickey Hart & Zakir Hussain - Tars,0.038456
Gotan Project - El Capitalismo Foraneo,0.038333
Justin Timberlake - Rock Your Body,0.038307
Underworld - Born Slippy,0.038251
Anthony Wonsey Trio - Just You. Just Me,0.038203
The Dirty Projectors - Rise Above,0.038117
Pee Wee Hunt & His Orchestra - Twelfth Street Rag,0.038114
Bobo Thomas - Catfish Blues,0.037772
Phil Wickham - Jesus Lord Of Heaven,0.037708
Cal Bennett - Whole Soul Stroll (Live),0.037624
The Pogues - The Band Played Waltzing Matilda,0.037548
Josh White - Uncle Sam Says,0.037437
Little Milton - Penitentiary Blues,0.037408
Labelle - Lady Marmalade,0.037389
Classified Project - Resurrection (Original),0.037385
Fergie - Big Girls Don't Cry,0.037189
Justin Timberlake - Like I Love You (feat. Clipse),0.037165
Bing Crosby - I Don't Know Why (live),0.037019
Take 6 - Sing A Song,0.036877
Daddy Yankee - Machucando,0.036783
Z-Ro - Mo City Don (Freestyle),0.03677
The Beatles - Here Comes The Sun ? The Inner Light (Transition) (Love Version),0.036744
Peggy Lee & Art Lund (Holiday) - Winter Weather,0.03669
Rilo Kiley - A Man ? Me ? Then Jim,0.036684
Grand Ole Party - Look Out Young Son,0.036628
Roger - I Want To Be Your Man,0.03649
Furry Lewis - Falling Down Blues,0.036456
Sarah McLachlan - Homeless,0.036292
Stephen Kellogg & The Sixers - Maria,0.036216
Outkast - The Way You Move,0.036077
Fergie - Glamorous,0.036076
The Roots - Guns Are Drawn,0.036042
Bill Connors - It Be FM,0.035971
Kitty Kallen - Little Things Mean A Lot,0.035962
Lazy Lester - My Home Is A Prison,0.035894
Donnie McClurkin - We Fall Down (Live),0.035887
Nate Dogg (Holiday) - Be Thankful,0.035871
Janet Beazley - White (Long Time Travelin'),0.035672
The Allman Brothers Band - Little Martha,0.035295
Will Smith - Men In Black,0.035223
The Paul Butterfield Blues Band - Love Her With A Feeling,0.03518
Trentemoller - Prana,0.035118
Tito - Caile,0.0351
Nas - Street Dreams,0.035078
Nas - Represent,0.034922
Stevie Wonder - For Once In My Life,0.034812
Livin' Joy - Don't Stop Movin',0.034754
Kidz In The Hall - Mr. Alladatsh*T,0.034737
Phil Wickham - Spirit Fall,0.034698
The Beatles - Maxwell's Silver Hammer,0.034694
Mr. Scruff - Chipmunk,0.034685
Kidz In The Hall - The Pledge,0.034622
Ian Van Dahl - Inspiration,0.034207
Joseph Arthur - Favorite Girl,0.034173
Gordon Bok - Sailor's Carol,0.03413
The Del McCoury Band - Dry My Tears And Move On,0.033956
Dan Crary - Amsterdance,0.033947
Ryan Montbleau Band - It's All Been Done Before,0.03386
Wes Montgomery - Road Song,0.033759
War - Why Can't We Be Friends,0.03375
Dean Martin - You're Nobody Till Somebody Loves You,0.033649
Toots & The Maytals - 54-46 That's My Number,0.033632
Jose Zamora & Damian DP - Transatlantic (feat. Paleday),0.033583
Toots & The Maytals - Time Tough,0.033509
Couperin. Francois - L'Espagnole (La Visionnaire). For 2 Violins & Continuo (Les Nations),0.033406
Rosalia De Souza - Nem Que Seja A Nado,0.033391
Daddy Yankee - Gasolina,0.033295
Rihanna - Hate That I Love You,0.033122
Toshiko Akiyoshi - 52nd St. Theme,0.033043
Say Hi To Your Mom - Blah Blah Blah,0.032955
John Tesh - Key Of Love (live),0.032859
Brother Ali - Forest Whitiker,0.032696
Don Carlos - Booming Ball,0.032678
Betty Everett - It's In His Kiss (The Shoop Shoop Song),0.032423
Sonny Rollins - There Are Such Things,0.032383
Boz Scaggs - It All Went Down The Drain (Live),0.031908
The Essex - Easier Said Than Done,0.031824
Dan The Automator - Sleep,0.031521
Kaskade - Move For Me,0.031379
Avril Lavigne - I'm With You,0.031362
The Cambridge Singers & Orchestra (Holiday) - O Little One Sweet,0.031327
Doc Watson - Little Orphan Girl (Live),0.031315
Antonio Carlos Jobim - Tide,0.031218
Doc Watson - Banks Of The Ohio (Live),0.031081
The Pharcyde - On The DL,0.03104
Doc Watson - Down In The Valley To Pray,0.031025
James P. Johnson - What Is This Thing Called Love,0.031011
Seba & Lo-Tec - So Long,0.030892
Kidz In The Hall - Dumb*ss Tales,0.03085
Marvin Gaye - Sexual healing,0.030828
DJ Khaled - We Takin' Over,0.030763
Dan Gibson - Adventureous Spirit,0.030582
Faure. Gabriel - Sonata For Cello & Piano No. 2 In G Minor. Op. 117,0.030456
Mildred Bailey (Holiday) - I've Got My Love To Keep Me Warm (feat. Red Norvo),0.030361
Jake Schepps - Bluff's Collar,0.030323
Corciolli - Forest Spirit,0.030189
Sam Bush - Harbor Docks,0.03011
Ella Fitzgerald - A Fine Romance,0.03008
John Danley - Atlas Bone,0.029952
Byron Cage - Breathe,0.029917
Spyro Gyra - Summer Fling,0.029914
Alc (A Lo Cubano) - Vanilla Y Chocolate,0.029903
Garfield Akers - Cottonfield Blues Part 1,0.029898
Lee Ritenour & Larry Carlton - Crosstown Kids,0.029881
Sonny Rollins - A Nightingale Sang In Berkeley Square (Live),0.029803
Furry Lewis - Long Tall Gal Blues,0.029725
Dan Crary - Lime Rock,0.02958
Verdi. Giuseppe - La Forza Del Destino. Opera,0.0295
Dean Martin - On The Street Where You Live,0.029395
Leroy Carr - My Woman's Gone Wrong,0.029388
Poppa Hop & His Orchestra (Holiday) - Merry Christmas Darling,0.029358
Rihanna - Break It Off,0.029207
Baguer. Carlos - Symphony No. 13 In E Flat Major,0.029105
Port O'Brien - I Won't Look Back,0.02904
Robin Bullock - Rigler's March-Rex's Rambles,0.028826
Ruben Studdard - Fix it. Jesus (feat. Harvey Watkins Jr.),0.02882
The Pharcyde - Passing Me By,0.028776
Bessie Smith (Holiday) - At The Christmas Ball,0.028706
Wumpscut - Rusty Nails From Hell,0.028668
Jerry Douglas?Russ Barenberg?Edgar Meyer - Big Bug Shuffle,0.028506
Fred McDowell - Write Me A Few Of Your Lines,0.028412
Natasha Bedingfield - Pocketful Of Sunshine,0.028411
Jazzy Jeff & The Fresh Prince - Summertime,0.02839
Lisa Loeb (Holiday) - Jingle Bells,0.028325
Newcleus - Jam On It,0.028304
Donnie McClurkin - Again,0.028274
Dan The Automator - Bang The Ball (Instrumental),0.02818
Serena Ryder - Coconut Grove,0.02803
Houston Person - Two Rb's,0.028021
Lefty Frizzell - My Rough And Rowdy Ways,0.027982
Ian Van Dahl - Castle In The Sky,0.027675
Melissa Ferrick - Fear And Time,0.027624
? And The Mysterians - Can't Get Enough Of You Baby,0.027587
George Michael - Father Figure,0.027562
Dave & Ansel Collins - Nuclear Weapon,0.02753
DJ Khaled - Out Here Grindin',0.02747
Catherine Maclellan - River Valley Plains,0.027469
Boyz II Men (Holiday) - Let It Snow,0.027457
Seu Jorge - O Samba Tai,0.027452
Ruben Studdard - Shout To The Lord,0.027261
J-Dilla - Take Notice,0.027246
Doc Watson - Spike Driver Blues,0.027233
Adele - Hometown Glory,0.027201
Teddy Wilson - King Porter Stomp,0.027194
Les Brown And His Band Of Renown - Moonlight In Vermont,0.027177
Corciolli - Rain,0.027042
Melvin Taylor - Texas Flood,0.026855
Lutan Fyah - No More Suffering,0.026653
Cold Grits - It's Your Thing,0.026652
Ella Fitzgerald & Louis Armstrong - Cheek To Cheek,0.026512
Fats Waller (Holiday) - Winter Weather,0.026425
Sam Bush - Spooky Lane,0.026211
Jim Henry+Brooks Williams - On The Rollin' Sea,0.026152
The Dirty Projectors - Since I Opened,0.02613
Michael Martin Murphey - Talkin' To The Wrong Man,0.026111
Donald Byrd & Doug Watkins - If I Love Again,0.026067
George Acosta - Save Me (Push Remix),0.025613
Roni Size & Reprazent - Snapshot,0.025333
Sonny Rollins - Manhattan,0.025242
Tex Beneke - I Know,0.025158
Gene Ammons - My Romance,0.025136
Tommy Emmanuel - One Mint Julep,0.025037
Skafish (Holiday) - Joy To The World,0.02498
Christina Aguilera (Holiday) - This Christmas,0.024944
Chuck Loeb - Fundamentally Sound,0.024929
Pepe Aguilar - Me Falta Valor,0.024914
Soda Stereo - Cuando Pase El Temblor,0.024834
The Four Aces - Mister Sandman,0.02482
Rachmaninov. Sergey - Piano Concerto No. 1 In F Sharp Minor. Op. 1,0.024808
Laura Pausini - Viveme,0.024757
Mahalia Jackson - Trouble Of The World,0.024754
Doc Watson - Liitle Orphan Girl (Live),0.024736
Larry Carlton - Roll With It,0.024726
The Crests - Sixteen Candles,0.02472
Jim Henry+Brooks Williams - Malted Milk,0.024714
Adele - Melt My Heart To Stone,0.024691
Furry Lewis - Big Chief Blues,0.02469
Jarabe De Palo - Agua,0.024648
Pepe Aguilar - Perdoname,0.02445
Band Of Horses - The Funeral,0.024383
Dan Crary - Cape Foulweather,0.02423
Furry Lewis - This Time Tomorrow,0.024114
Josh White - Trouble,0.02387
Justin Hinds & The Dominoes - Over The River,0.023838
Prince - Kiss,0.023784
Junior Mance Trio - Smokey Blues (Live),0.02375
2Pac (Tupac) - Death Around The Corner,0.023668
Luis Miguel - Hasta Que Me Olvides,0.023603
Ella Fitzgerald - It's Only A Paper Moon,0.023581
Alison Krauss - When You Say Nothing At All,0.023492
Bryan Sutton - Grover Glen,0.023364
Franco De Vita - Como Decirte No,0.023232
Kokomo Arnold - Milk Cow Blues,0.023215
R. Kelly - Half On A Baby,0.023176
Ella Fitzgerald - Crying Mood,0.023116
Dan Crary - On The Fritz,0.023053
James Cotton - Blues For Jacklyn,0.023024
Rissi Palmer - Hold On To Me,0.022966
Mike Dowling - Mean Old Frisco,0.02292
Sterling (Electronica) - Desperation,0.022873
Blackmore's Night (Holiday) - Ma-O-Tzur,0.022857
Everton Blender - I Love Jah Jah,0.022667
Twilight 22 - Electric Kingdom,0.022609
Outkast - I'll Call Before I Come (feat. Eco & Gangsta Boo),0.022602
Daddy Yankee - Rompe,0.022466
Rachmaninov. Sergey - Piano Concerto No. 3 In D Minor. Op. 30,0.022439
Young Jeezy - Soul Survivor,0.022384
Dave Holland - Blue,0.02229
Doc Watson - Walk On Boy,0.02227
Will Bradley & His Orchestra - When You And I Were Young. Maggie,0.022237
The Fiery Furnaces - Here Comes The Summer,0.022235
Bing Crosby - When You Wore A Tulip (live),0.02219
Lester Young - Jump. Lester. Jump,0.022159
Cat Stevens - The Wind,0.022028
Michael Burns - The Ambience,0.021991
Iron & Wine - Each Coming Night,0.021881
Lester Young - Prisoner Of Love,0.021759
Duran Duran - Come Undone,0.021751
Bob Brookmeyer - Skylark,0.021676
Sonorous - Pronotonic,0.02162
David Wilcox - Common As The Rain,0.021534
Liquid Mind - Balance,0.021517
Al Di Meola - Tangata De Alba,0.02124
Bryan Sutton - Stoney Creek,0.021237
Rissi Palmer - Anybody Out There,0.021177
Paul Horn - Now Hear This,0.021128
Clint Mansell & Kronos Quartet - Lux Aeterna,0.021102
Yellowman - Build A Roof Over Your Head,0.021097
Nitty Gritty Dirt Band - You Are My Flower,0.020838
James P. Johnson - You've Got To Be Modernistic,0.020827
Tommy Johnson - Lonesome Home Blues (Take 2),0.020766
Peter White - What Does It Take To Win Your Love,0.020674
Louis Armstrong (Holiday) - Winter Wonderland (Mono Recording),0.020632
Alison Krauss - Whiskey Lullaby,0.020617
2Pac (Tupac) - Keep Ya Head Up,0.020608
Tom Rush - Mole's Moan,0.020369
Don Ross - First Ride,0.020335
Lefty Frizzell - Always Late With Your Kisses,0.020099
Zion - Zun Da Da,0.020089
Stephen Kellogg & The Sixers - Sweet Sophia,0.020064
Al Di Meola - Black Pearls,0.020012
Stars Of The Lid - Broken Harbors? Part 1,0.019937
Donnie McClurkin - Yes You Can,0.019746
Chopin. Fryderyk - Piano Sonata No. 3 in B minor. Op. 58. CT. 203,0.019725
Hilltop Hoods - The Soul Of The Beat,0.019705
Lee Ann Womack (Holiday) - Baby It's Cold Outside (feat. Harry Connick. Jr.),0.019642
Chopin. Fryderyk - Nocturnes (2) for piano. Op. 48. CT. 120-121,0.019635
The Pharcyde - Runnin',0.019556
Rogue Wave - Perfect,0.019327
Starkillers - Discoteka (Austin Leeds & Terranova Remix),0.01921
Liquid Mind - Thought Museum,0.019207
Dean Martin - Return To Me,0.019131
Nas - The Message,0.019082
Rosalia De Souza - Ao Amigo Tom,0.018828
Ani DiFranco - Little Plastic Castle (Live 1.25.04),0.018767
The Cambridge Singers & Orchestra (Holiday) - 'Twas In The Moon Of Winter Time,0.018744
Huracanes Del Norte - El Perro De Tu Marido,0.018657
Luis Miguel - Por Debajo De La Mesa,0.018653
"Lucky Thompson - Take The ""A"" Train",0.018637
Midnight Star - Freak-A-Zoid,0.018498
Ella Fitzgerald - Bidin' My Time,0.018461
The Beatles - Michelle,0.018245
God-Des - Debate,0.018178
Rihanna - Don't Stop The Music,0.018125
Verdi. Giuseppe - Il Trovatore. Opera,0.018003
Liquid Mind - Zero Degrees Zero,0.017927
Jack Jones - Somewhere My Love,0.017848
Tony Bennett - I Wanna Be Around,0.017649
The Gene Harris Quartet - The Song Is Ended,0.017607
Liquid Mind - Breathe In Me,0.017602
Sam Bush - Sailin' Shoes,0.017524
Ella Fitzgerald - I Concentrate On You,0.017493
Klute - Now Always Forever,0.017482
Lou Blackburn - I Cover The Waterfront,0.017422
Furry Lewis - Furry's Rag (Take Your Time. Baby),0.017421
Sam Bush - Song For Roy,0.017372
Loquat - Serial Mess,0.017299
Robert Earl Keen - Feelin' Good Again (Live),0.017173
Paul Bley - Time On My Hands,0.017104
Lazy Lester - Nothing But The Devil,0.017025
Craig Pilo - Early Cynical Mystery,0.017005
"Berwald. Franz - Symphony No. 2 In D. ""Sinfonie Capricieuse""",0.017003
Redman - Tonights Da Night,0.016986
Herman's Hermits - Listen People,0.016932
Rachmaninov. Sergey - Rhapsody On A Theme Of Paganini (Introduction And 24 Variations). In A Minor For Piano & Orchestra. Op. 43,0.016906
Nas - Nas Is Like,0.016886
Faure. Gabriel - Sonata For Cello & Piano No. 1 In D Minor. Op. 109,0.016843
The Roots - Love Of My Life (Live),0.016765
Lowell Fulson - I'm A Night Owl (Part 2),0.016763
Various Artists? 50 Most Loved Christmas Carols (Holiday) - While Sherherds Watched Their Flocks,0.016621
Adele - Right As Rain,0.016606
Boccherini. Luigi - Symphony In D Minor. G. 522 (Op. 45),0.016606
Seu Jorge - Rebel Rebel,0.016585
Corrina Repp - No One's Telling,0.016578
The Cambridge Singers & Orchestra (Holiday) - Angels We Have Heard On High,0.016494
David Massengill - Shamas Rides,0.01647
Young Jeezy - My Hood,0.016439
Everton Blender - It's My Time,0.016401
Men Of Steel - In Flagrante (Live),0.016306
Delroy Wilson - Pretty Girl,0.016216
Sarah McLachlan - Perfect Girl,0.016138
Kenny Clarke's Sextet - Oblique,0.016012
The Youth Choir Of Saint-Francois De Versailles (Holiday) - Guillo Take Your Tambourine,0.016011
Tony Bennett - Steppin' Out With My Baby,0.016008
Antonio Carlos Jobim - Agua De Beber (Live),0.015996
David Wilcox - Language Of The Heart,0.015996
Bunny Berigan - The Buzzard,0.015985
Eric Clapton & Duane Allman - Mean Old World,0.015985
The Pharcyde - Bullsh*t (Instrumental),0.015958
Naama Hillman - Falling,0.015907
Tetsu Inoue - Mini Moon,0.015869
Vince Gill - When I Call Your Name,0.015831
The Coup - Wear Clean Draws,0.015776
Pepe Aguilar - A Pesar De Todo,0.015763
John Danley - Lorianne,0.015655
Rachmaninov. Sergey - Moments Musicaux (6) For Piano. Op. 16,0.015618
Louis Armstrong (Holiday) - Winter Wonderland,0.015608
Alison Krauss - Everytime You Say Goodbye,0.015599
Dennis Alcapone & Prince Jazzbo - Lorna Banana,0.015506
Tim Bluhm - California Way,0.015384
Lords Of The Underground - Funky Child,0.015344
Willa Ford - I Wanna Be Bad,0.015252
Sarah McLachlan - I Love You,0.015245
Sarah McLachlan - Fallen,0.015127
Debbie Reynolds - Love Is A Simple Thing,0.014927
Huracanes Del Norte - Falsas Ilusiones,0.014927
Dean Martin - Mr. Wonderful (Live),0.014916
Lady Saw - I've Got Your Man,0.014844
Rachmaninov. Sergey - Piano Concerto No. 2 In C Minor. Op. 18,0.014807
Corciolli - Children (Lake),0.014779
Chick Corea Elektric Band - Beneath The Mask,0.014742
Doyle Dykes - Caleb's Report,0.014681
Tex Atchison - Tennessee Hound Dog,0.014593
George Michael - Faith,0.014555
DJ Drama & Lil' Wayne - Get 'Em,0.01452
Pete Fountain - Just A Closer Walk With Thee,0.014388
RJD2 - Things Go Better,0.014321
The Del McCoury Band - I'm Afraid I Forgot The Feeling,0.014262
Nas - Get Down,0.014147
Young Jeezy - And Then What,0.014118
Peter Mulvey - Bloomington,0.014096
The Roots - You Got Me,0.014046
The Roots - Stay Cool,0.014043
Arrested Development - Mr. Wendal,0.013959
Eric Harringer & John Paul Lacey - Nature's Lullaby,0.013898
Mickey Hart & Zakir Hussain - Funky Zena,0.013892
Tommy Emmanuel - Endless Road,0.013892
Robert Johnson - I Believe I'll Dust My Broom,0.01387
Don Ross - Blue Bear,0.013843
Pete Fountain - Someday Sweetheart,0.013799
Loquat - It's Yours To Keep,0.013735
Jazzy Jeff & The Fresh Prince - Summertime '98 (SoulPower Remix),0.013734
Rachel Harrington - Shoeless Joe,0.013704
Dave Barker - Don't Let The Sun Catch You Crying,0.013668
Cannonball Adderley - You' re A Weaver Of Dreams,0.013573
Rihanna - Pon De Replay,0.013497
La Sonora Dinamita - La Cortina,0.013405
Mike Dowling - Ragged And Dirty,0.013404
Nas - Got Ur Self A...,0.013397
Liquid Mind - Continuity,0.013321
Frank Sinatra & Bing Crosby (Holiday) - The Christmas Song ? White Christmas,0.013318
Angelo Debarre Et Ludovic Beier - Passion (En Duo),0.013315
Anne Murray - Danny's Song,0.013295
Brother Ali - Blah Blah Blah (feat. Slug),0.013243
DJ Drama & Lil' Wayne - Gettin' Some Head,0.01317
Raekwon - Verbal Intercourse,0.013047
Sade - By Your Side,0.012832
Anointed - Mighty Long Way,0.01281
Mahler. Gustav - Symphony No. 5 in C sharp minor,0.012802
Laurence Juber (Holiday) - Good King Wenceslaus,0.012707
Justin Timberlake - SexyBack,0.012673
Liquid Mind - I Am Willing,0.012612
Mice Parade - Circle None,0.01259
Liquid Mind - My Orchid Spirit,0.012372
Eric Harringer & John Paul Lacey - Whispering Winds,0.012328
Anita Ward - Ring My Bell,0.012204
Josh White - One For My Baby,0.012177
Georges Street - The Tartar Frigate,0.011916
K-Ci & JoJo - Crazy,0.011916
Cal Tjader - Mambo In Miami,0.011915
Lucy Kaplansky - Every Single Day,0.011913
Take 6 - Come On,0.011864
Ella Fitzgerald - For You. For Me. For Evermore,0.011843
Al Di Meola - Milonga Del Angel,0.011822
Don Ross - Berkley Springs,0.011797
John Danley - Whispering Blue,0.011767
Chris Bocast - Hearts' Rest,0.011709
Steve Lacy - Alone Together,0.011706
Eggs Over Easy - 111 Avenue C,0.011681
Beck. Ignaz. Franz - Overture (Sinfonia) In G Minor. Op. 1?1 (Callen 1),0.011478
Ralph Stanley & The Clinch Mountain Boys - Man Of Constant Sorrow,0.01144
Trebol Clan. Hector & Joan - Gata Fiera,0.01144
Don Ross - Give Me Seven Reasons,0.011438
Pamela Williams - Elixir,0.011281
Jean-Luc Ponty - Still In Love,0.011272
Cherubini. Luigi - Overtures,0.011271
RJD2 - Get It,0.011195
Josh White - Jesus Gonna Make Up My Dying Bed,0.011022
Dan Crary - Lady's Fantasy,0.01102
Paul Siebel - My Town,0.010836
Tommy Johnson - Big Fat Mama Blues,0.010508
Liquid Mind - My Silent Knowing,0.010505
Jars Of Clay (Holiday) - God Rest Ye Merry Gentlemen,0.010469
Beres Hammond - Rock Away,0.010425
Alison Krauss - Can't Find My Way Home,0.010294
Kai Winding - Trombone For Two,0.010291
Katalyst - Time Bomb,0.010287
Lismore - Tremolo,0.010282
Dan The Automator - Lyrics To Go (Remix) (Instrumental),0.010216
Brian Eno - Stars,0.01018
Antonio Aguilar - Triste Recuerdo,0.010154
Jake Schepps - In The American West? Rocky Ford,0.010072
Sara Bareilles - Gravity (2003),0.009999
J.B. Lenoir - Louise,0.009976
Deuter - Sea And Silence,0.009873
Antonio Carlos Jobim - O Grande Amor,0.009794
2Pac (Tupac) - All Eyez On Me,0.009777
Gordon Bok - Herring Croon,0.009758
Bruce Molsky - Buckdancer's Choice,0.009716
Lyle Lovett - Simple Song,0.009696
Don Carlos & Golo - Tear Drops,0.009691
Ani DiFranco - As Is (Live 11.16.03),0.009509
Pichl. Vaclav - Symphony In C Major. Z21,0.009487
Clancy Eccles - Sweet Jamaica,0.009483
Daddy Yankee - Cuentame,0.009442
Corciolli - Work (Water),0.009364
The Five Blind Boys Of Alabama - Let Me Hear My Mother Pray Again,0.009313
Gordon Bok - Jericho,0.009287
Marcus Johnson - Just Doing What I Do,0.009273
James P. Johnson - Keepin' Out Of Mischief Now,0.00924
Juno Reactor - Silver,0.009202
The Pharcyde - Groupie Therapy (Instrumental),0.009151
Ella Fitzgerald - These Foolish Things,0.009113
"Mahler. Gustav - Symphony No. 6 in A minor (""Tragic"")",0.009111
Ella Fitzgerald - Love Walked In,0.009043
Tristeza - Abrazo Distante,0.008981
Kate Rusby - A Rose In April,0.008956
Markus Reuter - Read Aloud In Cold Blood,0.008935
2Pac (Tupac) - Never Had A Friend Like Me,0.008852
The Roots - Don't Feel Right (Instrumental),0.008833
Indigo Girls - She's Saving Me,0.008832
The Roots - No Alibi,0.00879
Liquid Mind - Moment Of Grace,0.008744
Augustus Pablo - Black Gunn,0.008738
"Boccherini. Luigi - Quintet For Guitar & Strings In D Major (""Fandango""). G. 448 (Arrangement Of String Quintets. G. 270 & 341)",0.008663
Iron & Wine - Communion Cups And Someone's Coat,0.008644
Maria Bethania & Gal Gosta - Sonho Meu,0.008624
Kathleen Edwards - I Make The Dough. You Get The Glory,0.008552
Ella Fitzgerald - Aren't You Kind Of Glad We Did,0.008519
Angelo - Save The Music,0.008503
The Bird And The Bee - The Races,0.008453
Klute - Oshima,0.008393
Toots Thielemans & Elis Regina - Aquarela Do Brasil,0.008356
Robin Thicke - Complicated,0.008344
Rose Cousins - One Love,0.008295
Antonio Pinana - Cuando Llora La Guitarra,0.008195
The Pharcyde - Pharcyde (Instrumental),0.008153
Dan Crary (Holiday) - What Child Is This (USA),0.008083
Glen Brown - Wicked Tumbling Version,0.008067
Schumann. Robert - Piano Concerto in A minor. Op. 54,0.007979
Sarah McLachlan - Adia,0.007927
Lester Young - Foggy Day (Live At Birdland),0.007895
Ella Fitzgerald - I Don't Want To Take A Chance,0.007835
Brenda Lee (Holiday) - White Christmas,0.007783
The Del McCoury Band - On The Lonesome Wind,0.007676
Laurence Juber (Holiday) - God Rest Ye Merry Gentlemen,0.007626
P.M. Dawn - I'd Die Without You,0.007606
Rilo Kiley - Breakin' Up,0.007577
The Gene Harris Quartet - Sweet And Lovely,0.007561
Robert Henke - Signal To Noise II,0.007512
Caia - Afterwards @ The Bar,0.007464
Kasey Chambers - Falling Into You,0.007319
Rachmaninov. Sergey - Piano Concerto No. 4 In G Minor. Op. 40,0.007302
Tommy Emmanuel - Windy & Warm,0.007216
Freddie Jackson - You Are My Lady,0.007177
Alison Krauss - Wish I Still Had You,0.007146
Dan Crary - Reuben,0.007114
Gyptian - Take Me Higher,0.007027
James P. Johnson - I've Got A Feeling I'm Falling,0.006975
Flip Phillips - Dream A Little Dream Of Me,0.006912
Stars Of The Lid - Gasfarming,0.00691
Boyce. William - Ode For St. Cecilia's Day,0.006898
The David Grisman Quintet - Cedar Hill (live),0.006878
Robert Johnson - Last Fair Deal Gone Down,0.006857
Loquat - Slow Fast Wait & See,0.006844
Antonio Carlos Jobim - The Girl From Ipanema,0.006792
Lauryn Hill - Can't Take My Eyes Off Of You,0.006779
Zion - Fantasma,0.006777
Gotan Project - Vuelvo Al Sur,0.006749
Antonio Vivaldi (Holiday) - Gloria In D Major. Et In Terra Pax,0.006679
Markus Reuter - The Increase Of Faith,0.006671
Robert Johnson - Traveling Riverside Blues,0.006585
Lone Ranger - Collie Rock,0.00651
Ziggy Marley - Drive,0.006327
Boccherini. Luigi - Symphony In D Major. G. 503 (Op. 12?1),0.006256
Ziggy Marley - Be Free,0.006147
Ella Fitzgerald & Louis Armstrong - Love Is Here To Stay,0.006146
Laurence Juber (Holiday) - Prelude & Silent Night,0.006121
Chopin. Fryderyk - Nocturnes (3) for piano. Op. 15. CT. 111-113,0.00611
Dan Gibson - Cool Forest Rain,0.006108
Alexander O'Neal (Holiday) - The Christmas Song (Chestnuts Roasting On An Open Fire),0.0061
Lyle Lovett - North Dakota,0.00609
Rhianna (Holiday) - It Just Don't Feel Like Xmas (Without You),0.006081
Lorie Line - Norwegian Wood,0.006028
Funck. David - Suite In D,0.005954
Ella Fitzgerald - Mood Indigo,0.0059
Diego El Cigala - Amar Y Vivir,0.00588
John Jacob Niles (Holiday) - Jesus. Jesus. Rest Your Head,0.005868
Verdi. Giuseppe - Macbeth. Opera,0.005854
Men Of Steel - O'Carolan's Quarrel With The Landlady (Live),0.005831
Gyptian - My Fadah Seh,0.005734
Adele - Best For Last,0.005668
LFO (Pop) - Summer Girls,0.00552
Rachmaninov. Sergey - Symphony No. 1 in D minor. Op. 13 (lost; reconstructed from piano duets and orch. fragments),0.005519
Talib Kweli - I Try,0.005474
John Hammond - Little Rain Falling,0.005457
Huracanes Del Norte - Nomas Por Tu Culpa,0.005412
Delroy Wilson - It's The Same Old Song,0.005393
Teddy Wilson - I've Got A Crush On You,0.005389
Rachmaninov. Sergey - The Isle of the Dead. symphonic poem. Op. 29,0.005353
Nas - Ether,0.005334
Sam Bush - Ozzie & Max,0.005314
Rockapella (Holiday) - Home For The Holidays,0.005297
Yellowman - Hold On To Your Woman,0.00529
"Dittersdorf. Karl Ditters von - Symphony After Ovid's ""Metamorphoses"" No. 4 In F Major (""Die Rettung Der Andromeda Durch Perseus"")",0.005287
Fairfield Four - How I Got Over,0.005285
Cherubini. Luigi - Requiem No.2. For Male Chorus & Orchestra In D Minor,0.005276
Rachmaninov. Sergey - Symphonic Dances. for orchestra (or 2 pianos). Op. 45,0.005273
John Prine - Everything Is Cool,0.005259
Serena Ryder - Sisters Of Mercy,0.005176
Benny Carter - Laura,0.005174
Katalyst - Dangerous,0.005133
Rissi Palmer - Leavin' On Your Mind,0.005125
Lee Ann Womack (Holiday) - Let It Snow & Winter Wonderland,0.005003
Deuter - Earthlight,0.004998
O-Shen - Tropically Fine,0.004997
Eric Harringer & John Paul Lacey - Morning Dew,0.004977
Lorie Line - Think Of Me,0.004956
Tony Bennett - The Best Man,0.00495
Tony Bennett - What A Wonderful World,0.004895
Klute - I'll Do Anything (You Want Me To),0.004863
Tommy Flanagan - Rough Ridin',0.004857
Loquat - Need Air,0.004781
Stars Of The Lid - Even If You're Never Awake,0.004739
Doc Watson - Jimmy's Texas Blues (Live),0.004727
Antonio Carlos Jobim - Agua De Beber,0.004705
Beres Hammond? Flourgon - Bounce,0.0047
Wes Montgomery - If I Should Lose You (Take 2-Alternate),0.00468
Furry Lewis - Why Don't You Come Home Blues,0.004657
David Grisman & Tony Rice - Grandfather's Clock,0.004597
Antonio Aguilar - Mi Ranchito,0.004563
John R. Burr - For The Asking,0.004534
Teddy Wilson - Easy To Love,0.004509
Holly Cole - Christmas Blues,0.004481
Kate Nash - Habanera,0.004466
Yellowman - Weed Dem (feat. Beenie Man),0.004453
Ella Fitzgerald & Louis Armstrong - A Foggy Day,0.004436
Chopin. Fryderyk - Etudes (12) for piano. Op. 25. CT. 26-37,0.004387
Outkast - So Fresh. So Clean,0.004317
Mahler. Gustav - Symphony No. 10 In F Sharp Minor (realization By Deryck Cooke),0.004309
Jesse Harris - Morning In A Strange City (Cafe),0.004301
Roni Size & Reprazent - Down,0.004276
Rachmaninov. Sergey - Symphony No. 2 in E minor. Op. 27,0.00427
Kenny G - G-Bop,0.004236
Robin Thicke - Lost Without U,0.004232
John Danley - Dust For Sparrows,0.004226
Strauss. Richard - Macbeth. Tone Poem For Orchestra. Op. 23 (TrV 163),0.004213
Boccherini. Luigi - String Quartet In D Major. G. 165 (Op. 8?1),0.004202
Tommy Johnson - Cool Drink Of Water Blues,0.004139
Bob Baldwin - I Wanna Be Where You Are,0.00413
Morricone. Ennio - Giuseppe Tornatore Suite,0.00409
David Darling - Lady Child's Dream,0.004087
Peggy Seeger - O The Wind And Rain,0.004023
Laurence Juber (Holiday) - Away In A Manger,0.004013
Butch Thompson (Holiday) - We Three Kings,0.003973
Michael Spence - Is This Love,0.003965
Justin Timberlake - What Goes Around...?...Comes Around (Interlude),0.00394
Todd Collins (Holiday) - Angels We Have Heard On High,0.003936
Cannonball Adderley - Autumn Leaves,0.003923
Liquid Mind - Gently Down,0.003901
The Dirty Projectors - Time Birthed Spilled Blood,0.003875
Milt Jackson - Enigma,0.003862
Beres Hammond - Come Back Home,0.003861
Kaskade - Honesty,0.003812
The Bird And The Bee - F*cking Boyfriend (Peaches Remix),0.003803
Will Ackerman (Holiday) - Emmanuel,0.0038
Stars Of The Lid - A Meaningful Moment Through A Meaning(Less) Process,0.003779
David Grisman & Tony Rice - Morning Sun,0.00375
Fred Hammond - Celebrate (He Lives),0.003746
Deuter - Yellow Mandala,0.003733
Boccherini. Luigi - String Quintet For 2 Violins. Viola & 2 Cellos In G Minor. G. 351 (Op. 42?4),0.003727
Beres Hammond? Flourgon - Feel Like,0.003701
Beck. Ignaz. Franz - Overture (Sinfonia) In G Major. Op. 1?5 (Callen 5),0.003661
Ben Webster - Someone To Watch Over Me,0.003657
Lauryn Hill - Ex-Factor,0.003635
John Zorn - Zhakor,0.003631
Cal Tjader - Stardust,0.003628
Boccherini. Luigi - Symphony In C Major. G. 505 (Op. 12?3),0.003562
Preston Reed - Love In The Old Country,0.003496
Teddy Wilson - Mean To Me,0.003484
Lucy Kaplansky - Land Of The Living,0.00347
Blackmore's Night (Holiday) - Emmanuel,0.003378
John Renbourn - Trotto ? Saltarello,0.003364
Margot Meets The Melody Maker - Torch (Extrawelt Remix),0.003364
Liquid Mind - In The Stillness,0.00333
Pepe Bradock - Un Pepe Dans La Dentelle,0.003306
Leona Lewis - Bleeding Love,0.003304
Boccherini. Luigi - Quintet For Guitar & Strings In G Major. G. 450 (Arrangement Of Quintet For Flute And Strings. G. 531 & String Quartet. G. 240),0.003258
Rachmaninov. Sergey - Preludes (13) For Piano. Op. 32,0.003237
Will Ackerman - If You Look,0.003164
Robert Johnson - Walkin' Blues,0.003123
Boccherini. Luigi - String Quartet In E Minor. G. 202 (Op. 32?2),0.003112
Christina Aguilera (Holiday) - The Christmas Song,0.003108
Jon Schmidt - Passages,0.002952
Faure. Gabriel - Piano Trio In D Minor. Op. 120,0.002931
James Cotton - Mighty Long Time,0.002856
Lorie Line - Faith Of Our Fathers,0.002829
DJ Khaled - I'm So Hood,0.002822
As One - In The Arms Of You,0.002812
Deepak Chopra & Adam Plack - Valentine To Tagore,0.002803
David Grisman & Tony Rice - I Am A Pilgrim,0.002718
Eric Harringer & John Paul Lacey - Nature's Way,0.002709
Daevid Allen - Untitled,0.002707
Eric Harringer & John Paul Lacey - Morning Sun,0.002691
The Sons Of The West - Panhandle Shuffle,0.002686
Ella Fitzgerald & Louis Armstrong - Stars Fell On Alabama,0.002681
Beres Hammond - Who Say (feat. Buju Banton),0.002681
Antonio Carlos Jobim - Amor Em Paz (Once I Loved),0.002654
Deuter - Coral Gardens,0.00265
Chopin. Fryderyk - Nocturnes (3) For Piano. Op. 9. Ct. 108-110,0.00263
Jack Jones - Autumn Leaves,0.002589
Lauryn Hill - Doo Wop (That Thing),0.002529
Schumann. Robert - String Quartet No. 2 in F major. Op. 41?2,0.002486
Tim Sparks - Trap Hill Breakdown,0.002479
Antonio Carlos Jobim - Insensatez (How Insensitive),0.002476
Boccherini. Luigi - Cello Concerto In B Flat Major. G. 482,0.002475
"Dittersdorf. Karl Ditters von - Symphony After Ovid's ""Metamorphoses"" No. 1 In C Major (""Die Vier Weltalter"")",0.002466
Baguer. Carlos - Symphony No. 18 In B Flat Major,0.002455
Schumann. Robert - Romances (3) for piano. Op. 28,0.002427
Rachmaninov. Sergey - Preludes (10) For Piano. Op. 23,0.002364
Boccherini. Luigi - Cello Concerto In C Major. G. 477,0.002361
Milt Jackson - The Song Is Ended,0.002361
Boccherini. Luigi - String Quartet In E Flat Major. G. 201 (Op. 32?1),0.00236
Cardenales De Nuevo Leon - Por Las Damas,0.002327
The Bird And The Bee - How Deep Is Your Love,0.002295
Howard Roberts - Watermelon Man,0.002269
Bill Evans & Jim Hall - I Hear A Rhapsody,0.002267
Rosetti. Antonio - Symphony In G Major. A 40?K 1 No 22,0.002234
Thalia - Me Pones Sexy (I Want You) (feat. Fat Joe),0.002224
Tony Bennett - She's Funny That Way,0.002185
Jake Schepps - Origami,0.002175
Morricone. Ennio - Sergio Leone Suite,0.002158
Ella Fitzgerald - Guilty,0.002136
Haden. Charlie. And Quartet West - Moonlight Serenade,0.0021
Deuter - Black Velvet Flirt,0.002096
Hilary Stagg - Island Sweets,0.002088
Liz Story (Holiday) - O Thou Joyful Day - O Little Town of Bethlehem,0.002083
Hilary Stagg - Land Of Oz,0.002043
Kenny G - The Way You Look Tonight,0.002004
Strauss. Richard - Der Rosenkavalier. Opera. Op. 59 (TrV 227),0.002002
Creative Music Services Musicians (Holiday) - O Christmas Tree,0.00197
Augustus Pablo - Maka,0.001952
Boccherini. Luigi - Symphony In C Minor. G. 519 (Op. 41),0.001913
Jean-Luc Ponty - Eulogy To Oscar Romero,0.00189
Boyce. William - Trio Sonata No. 4 In G Minor,0.001875
Augustus Pablo - East Africa,0.001875
Keith Sweat (Holiday) - It's Christmas Again,0.001839
Frank Cornelius - Brick House,0.001792
Liquid Mind - Lullaby For Grownups,0.001754
Rosetti. Antonio - Symphony In D Major. A 12?K 1 No 12,0.00175
Brodsky Quartet - I've Seen It All,0.001745
Butch Thompson (Holiday) - God Rest Ye Merry Gentlemen,0.00172
Boyce. William - Trio Sonata No. 6 In B Flat Major,0.00171
Schumann. Robert - Kreisleriana. 8 fantasies for piano. Op. 16,0.001708
G. Love & Special Sauce - Love,0.001692
Charlie Lincoln - Depot Blues,0.001644
Ronan Hardiman - Celtic Dream,0.001621
Lorie Line - I Surrender All,0.001584
Antonio Carlos Jobim - Vivo Sonhando,0.001574
Chet Atkins & Les Paul - It Had To Be You,0.001566
David Grisman & Tony Rice - Banks Of The Ohio,0.001523
Various Artists? Songs Of December - Hailee's Moment,0.001511
Todd Collins (Holiday) - Hailee's Moment,0.001511
Deepak Chopra & Adam Plack - Serenity,0.001509
Strauss. Richard - Eine Alpensinfonie (An Alpine Symphony) For Orchestra. Op. 64 (TrV 233),0.001505
Milt Jackson - Little Girl Blue (Live),0.001503
Rosetti. Antonio - Symphony In C Major. A 9?K 1 No 21,0.00148
David Grisman & Tony Rice - Swing '42,0.001432
Faure. Gabriel - Impromptu for piano No. 3 in A flat major. Op. 34,0.001416
"Mealli. Giovanni - Sonata For Violin & Continuo. Op. 3?6 (""La Sabbatina"")",0.001384
Boccherini. Luigi - Symphony In E Flat Major. G. 513 (Op. 35?5),0.001374
Kruger Brothers - Up18north,0.00137
Christmas Cookies (Holiday) - The Christmas Song,0.001351
Jennifer Haines (Holiday) - Cantique De Noel (O Holy Night),0.001332
Boccherini. Luigi - Quintet For Guitar & Strings In E Minor. G. 451 (arrangement Piano Quintet. G. 407),0.001294
Milt Jackson - Sweet And Lovely,0.001267
Steve Roach & Robert Rich - Silk Ridge,0.001257
Ella Fitzgerald - My Man,0.00124
Schumann. Robert - Cello Concerto in A minor. Op. 129,0.001238
Boccherini. Luigi - String Quartet In D Major. G. 203 (Op. 32?3),0.001203
Tommy Jarrell - The Drunken Hiccups,0.00118
Butch Thompson (Holiday) - Ave Maria,0.001169
Chopin. Fryderyk - Impromptu for piano in G flat major. Op. 51. CT. 45,0.001157
Boccherini. Luigi - Sonata for cello & continuo in C major. G. 17,0.001154
Boccherini. Luigi - Symphony In A Major. G. 498 (Op. 21?6),0.001154
Boieldieu. Francois-Adrien - Concerto For Harp & Orchestra In C. Op.77,0.001145
Verdi. Giuseppe - Requiem Mass. For Soloists. Chorus & Orchestra (Manzoni Requiem),0.001139
Deuter - Waves Of Light,0.001094
Lil Scrappy & Trillville - No Problem,0.001094
Boccherini. Luigi - Symphony In D Major. G. 509 (Op. 35?1),0.001085
Steve Roach & Robert Rich - Going Inland,0.001076
Baguer. Carlos - Symphony No. 16 In G Major,0.001054
BBC Big Band Orchestra - I'm Getting Sentimental Over You,0.001035
Boccherini. Luigi - Quintet For Guitar & Strings In D Minor. G. 445 (arrangement Of Piano Quintet. G. 416),0.001034
Jon Schmidt - Night Song,0.001023
Generation J - Jesus Loves Me Medley,0.001017
Cherubini. Luigi - Symphony In D Major,0.001008
Boccherini. Luigi - String Quartet In G Minor. G. 205 (Op. 32?5),0.000991
Toots & The Maytals - 54-56 Was My Number,0.00097
David Grisman & Tony Rice - The Prisoner's Waltz,0.000884
David Grisman & Tony Rice - O Solo Mio,0.000881
Boccherini. Luigi - String Quartet in A major. G. 213 (Op. 39),0.00086
Loreena McKennitt (Holiday) - The Stockford Carol,0.000858
"Boccherini. Luigi - Symphony In D Minor (""La Casa Del Diavolo""). G. 506 (Op. 12?4)",0.000806
Deuter - Earth Shadow,0.000768
Strauss. Richard - Salome. opera. Op. 54 (TrV 215),0.000753
Boccherini. Luigi - Symphony In E Flat Major. G. 510 (Op. 35?2),0.000737
Christina Aguilera (Holiday) - Have Yourself A Merry Little Christmas,0.000709
Augustus Pablo - Give Praise (Norris Reid),0.000708
Coles Whalen - The Hand That Gives The Rose,0.000689
Deuter - Buddha Nature,0.000679
Mars Lasar - Untouchable,0.000643
Deuter - Empty Shore,0.000635
Boccherini. Luigi - Cello Concerto In A Major. G. 475,0.00062
Boccherini. Luigi - Symphony In A Major. G. 508 (Op. 12?6),0.00061
Chopin. Fryderyk - Waltzes (3) for piano. Op. 70. CT. 217-219,0.000582
Architecture In Helsinki - Spring 2008,0.000552
Boccherini. Luigi - Cello Concerto In D Major. G. 476,0.000552
Boccherini. Luigi - Cello Concerto In E Flat Major. G. 474,0.000542
Tommy Flanagan - While You Are Gone,0.000519
Jon Schmidt - Solace,0.000499
Milt Jackson - These Foolish Things,0.000474
Deuter - Nada Himalaya 2,0.000448
Dittersdorf. Karl Ditters von - Divertimento Fur Violine. Viola Und Violoncello D Major,0.000448
Rosetti. Antonio - Symphony In F Major. A 33?K 1 No 24,0.000445
Christmas Cookies (Holiday) - White Christmas,0.000432
Eric Harringer & John Paul Lacey - Romance,0.000428
Yolanda Kondonassis (Holiday) - Bring A Torch. Jeannette. Isabella,0.000427
David Grisman & Tony Rice - Song For Two Pamelas,0.00042
Boccherini. Luigi - Symphony In D Major. G. 520 (Op. 42),0.000418
Boccherini. Luigi - Sonata for cello & continuo in G major. G. 5 (Six Sonatas No. 3),0.000406
Fiorillo. Federigo - Concerto For Violin & Orchestra No 1 In F,0.000397
Boccherini. Luigi - Minuet in A major. arrangements (after String Quintet in E major. Op.11?5 [aka Op. 13?5]. G. 275),0.000394
Mendelssohn. Fanny - String Quartet In E Flat Major,0.000381
"Boccherini. Luigi - Quintet For Guitar & Strings In C Major (""La Ritirada Di Madrid""). G. 453 (arrangement Of Piano Quintet. G. 409)",0.000372
Boccherini. Luigi - Symphony In B Flat Major. G. 493 (Op. 21?1),0.000354
Boccherini. Luigi - Symphony In D Major. G. 496 (Op. 21?4),0.000332
Hilary Stagg - Spirit Dancers,0.00032
Couperin. Francois - In Lectulo Meo,0.000279
"Dittersdorf. Karl Ditters von - Sinfonia In A Major. (""Sinfonia Nazionale Nel Gusto Di Cinque Nazioni""). Grave A10",0.000267
Butch Thompson (Holiday) - Silent Night,0.000264
Dittersdorf. Karl Ditters von - Concerto For Harp. 2 Oboes. 2 Horns & Stringorchestra In A Major,0.000264
Cedric Im Brooks - Emavungweni,0.000222
Cherubini. Luigi - String Quartet No. 6 In A Minor,0.000222
"Dittersdorf. Karl Ditters von - Sinfonia In D Major. (""Il Combatiimento Delle Passioni Umani""). Grave D16",0.000203
Markus Reuter - A Clue To Reality,0.000178
Boccherini. Luigi - Symphony In C Major. G. 495 (Op. 21?3),0.00017
Scott Solter - Desert Trains,0.000165
Palmgren. Selim - May Night. For Piano,0.000139
Brian Eno - An Ending (Ascent),0.000133
Boccherini. Luigi - Symphony In B Flat Major. G. 497 (Op. 21?5),0.000129
Boccherini. Luigi - Cello Concerto In D Major. G. 483 (Op. 34),0.000121
Verdi. Giuseppe - Sacred Pieces (4). For Chorus & Orchestra (Quattro Pezzi Sacri),0.000119
Deuter - Marfa Lights 1,0.000106
Teddy Wilson - Body And Soul,0.000087
Boccherini. Luigi - Cello Concerto In C Major. G. 573,0.000085
Dan Gibson - The Fallen Leaves,0.00008
Dittersdorf. Karl Ditters von - Concerto For Viola & Orchestra In F,0.000079
Deuter - Marfa Lights 2,0.000076
Corciolli - Friends (Sky),0.000067
SubtractiveLAD - My Quadrant,0.000065
Scratch - Square One (feat. Bilal),0.000054
Verdi. Giuseppe - La Traviata. Opera,0.000016
Couperin. Francois - Ignitum Eloquium Tuum. Motet Verset For 2 Sopranos. 2 Violins & Continuo (4 Versets D'un Motet),0.000015
Corciolli - Mikhael (Angel Of Divine Protection),0.000009
Verdi. Giuseppe - Luisa Miller. Opera,0.000008